time,value,run
0.001016,0,0
0.002012,0,0
0.003012,0,0
0.004016,0,0
0.005012,0,0
0.006016,0,0
0.007016,1,0
0.008012,0,0
0.009016,0,0
0.010016,0,0
0.011012,0,0
0.012012,0,0
0.013012,0,0
0.014012,0,0
0.015012,0,0
0.016016,0,0
0.017012,0,0
0.018012,0,0
0.019012,0,0
0.020016,0,0
0.021012,0,0
0.022012,0,0
0.023012,0,0
0.024016,0,0
0.025012,0,0
0.026016,0,0
0.027012,0,0
0.028012,0,0
0.029012,2,0
0.030012,0,0
0.031016,0,0
0.032016,0,0
0.033012,0,0
0.034012,0,0
0.035012,0,0
0.036016,0,0
0.037012,0,0
0.038016,0,0
0.039016,0,0
0.040016,0,0
0.041012,0,0
0.042012,0,0
0.04302,0,0
0.044012,1,0
0.045012,1,0
0.046012,0,0
0.047012,0,0
0.048012,0,0
0.049012,0,0
0.050012,1,0
0.051016,2,0
0.052016,0,0
0.053012,0,0
0.054016,0,0
0.055016,0,0
0.056016,0,0
0.057012,0,0
0.058012,0,0
0.059016,0,0
0.060016,0,0
0.061016,0,0
0.062016,0,0
0.063016,0,0
0.064016,2,0
0.065012,3,0
0.066016,0,0
0.067012,0,0
0.068016,0,0
0.069012,0,0
0.070016,1,0
0.071016,1,0
0.072016,1,0
0.073012,0,0
0.074016,0,0
0.075016,0,0
0.076016,0,0
0.077016,0,0
0.078016,0,0
0.079016,0,0
0.080016,0,0
0.081012,0,0
0.082016,0,0
0.083012,1,0
0.084016,0,0
0.085012,0,0
0.086012,0,0
0.087012,0,0
0.088012,0,0
0.089012,0,0
0.090012,0,0
0.091012,0,0
0.092016,0,0
0.093016,0,0
0.094016,0,0
0.095016,0,0
0.096016,0,0
0.097012,0,0
0.098016,0,0
0.099016,0,0
0.100012,0,0
0.101012,0,0
0.102016,0,0
0.103012,1,0
0.104012,1,0
0.105012,0,0
0.106012,0,0
0.107012,0,0
0.108012,0,0
0.109012,0,0
0.110012,1,0
0.111012,0,0
0.112012,0,0
0.113012,0,0
0.114012,0,0
0.115012,0,0
0.116012,0,0
0.117012,0,0
0.118012,2,0
0.119012,0,0
0.120012,0,0
0.121012,0,0
0.122012,0,0
0.123012,0,0
0.124012,0,0
0.125012,0,0
0.126012,0,0
0.127012,0,0
0.128012,0,0
0.129016,0,0
0.130016,0,0
0.131016,0,0
0.132012,0,0
0.133012,0,0
0.134012,0,0
0.135012,0,0
0.136012,0,0
0.137012,0,0
0.138012,0,0
0.139012,0,0
0.140012,0,0
0.141012,0,0
0.142012,0,0
0.143012,0,0
0.144012,0,0
0.145012,1,0
0.146012,0,0
0.147012,0,0
0.148012,0,0
0.149012,0,0
0.150012,0,0
0.151012,0,0
0.152016,0,0
0.153012,0,0
0.154012,0,0
0.155012,0,0
0.156012,0,0
0.157012,0,0
0.158012,0,0
0.159012,0,0
0.160012,0,0
0.161012,0,0
0.162012,0,0
0.163012,0,0
0.164012,0,0
0.165012,0,0
0.166012,0,0
0.167012,0,0
0.168012,0,0
0.169012,0,0
0.170012,0,0
0.171016,0,0
0.172012,0,0
0.173012,0,0
0.174012,0,0
0.175012,0,0
0.176012,0,0
0.177012,0,0
0.178012,0,0
0.179012,0,0
0.180012,0,0
0.181012,0,0
0.182012,0,0
0.183012,0,0
0.184012,0,0
0.185012,0,0
0.186012,0,0
0.187016,0,0
0.188012,0,0
0.189012,1,0
0.190012,1,0
0.191012,0,0
0.192016,0,0
0.193012,0,0
0.194012,0,0
0.195012,0,0
0.196012,0,0
0.197012,0,0
0.198012,0,0
0.199012,0,0
0.200012,0,0
0.201012,0,0
0.202012,0,0
0.203012,1,0
0.204012,2,0
0.205012,0,0
0.206012,0,0
0.207012,0,0
0.208012,0,0
0.209012,0,0
0.210012,0,0
0.211012,0,0
0.212012,0,0
0.213012,1,0
0.214012,0,0
0.215012,0,0
0.216012,0,0
0.217012,0,0
0.218012,0,0
0.219012,0,0
0.220012,0,0
0.221012,0,0
0.222012,0,0
0.223012,0,0
0.224012,0,0
0.225012,2,0
0.226012,1,0
0.227012,0,0
0.228012,0,0
0.229012,0,0
0.230016,0,0
0.231012,0,0
0.232012,0,0
0.233012,0,0
0.234012,0,0
0.235012,0,0
0.236016,0,0
0.237012,0,0
0.238012,0,0
0.239012,0,0
0.240016,0,0
0.241012,0,0
0.242012,0,0
0.243012,0,0
0.244016,0,0
0.245012,1,0
0.246012,0,0
0.247012,0,0
0.248012,0,0
0.249012,0,0
0.250012,0,0
0.251012,0,0
0.252012,0,0
0.253012,0,0
0.254012,0,0
0.255012,0,0
0.256016,0,0
0.257016,0,0
0.258016,0,0
0.259016,0,0
0.260012,0,0
0.261016,0,0
0.262012,0,0
0.263012,0,0
0.264012,0,0
0.265012,1,0
0.266012,0,0
0.267012,0,0
0.268012,0,0
0.269012,0,0
0.270012,0,0
0.271012,0,0
0.272012,0,0
0.273012,0,0
0.274012,0,0
0.275012,0,0
0.276016,0,0
0.277012,0,0
0.278012,0,0
0.279012,0,0
0.280016,0,0
0.281012,0,0
0.282012,0,0
0.283012,0,0
0.284012,0,0
0.285012,0,0
0.286012,0,0
0.287012,0,0
0.288012,0,0
0.289012,0,0
0.290012,0,0
0.291012,0,0
0.292012,0,0
0.293012,1,0
0.294012,0,0
0.295016,0,0
0.296016,0,0
0.297012,0,0
0.298012,0,0
0.29902,0,0
0.300012,0,0
0.301012,0,0
0.302012,0,0
0.303012,0,0
0.304012,0,0
0.305012,0,0
0.306012,0,0
0.307012,2,0
0.308016,0,0
0.309012,0,0
0.310012,0,0
0.311012,0,0
0.312016,0,0
0.313012,0,0
0.314012,0,0
0.315016,0,0
0.316016,0,0
0.317016,0,0
0.318016,0,0
0.319016,0,0
0.320016,0,0
0.321012,0,0
0.322012,0,0
0.323012,0,0
0.324012,0,0
0.325012,0,0
0.326012,0,0
0.327012,0,0
0.328012,0,0
0.329012,0,0
0.330012,0,0
0.331012,0,0
0.332012,0,0
0.333012,0,0
0.334012,0,0
0.335012,0,0
0.336012,0,0
0.337012,0,0
0.338012,0,0
0.339012,0,0
0.340012,0,0
0.341012,0,0
0.342012,0,0
0.343012,0,0
0.344012,0,0
0.345012,0,0
0.346012,0,0
0.347012,1,0
0.348012,0,0
0.349012,0,0
0.350012,0,0
0.351012,0,0
0.352012,0,0
0.353012,0,0
0.354012,0,0
0.355012,0,0
0.356012,0,0
0.357012,0,0
0.358016,0,0
0.359016,0,0
0.360012,0,0
0.361012,0,0
0.362012,0,0
0.363012,0,0
0.364012,0,0
0.365012,0,0
0.366012,0,0
0.367012,0,0
0.368016,0,0
0.369012,0,0
0.370012,0,0
0.371012,0,0
0.372016,0,0
0.373012,0,0
0.374012,0,0
0.375012,0,0
0.376016,0,0
0.377012,0,0
0.378012,0,0
0.379012,0,0
0.380012,0,0
0.381012,0,0
0.382016,0,0
0.383016,0,0
0.384016,0,0
0.385016,0,0
0.386012,0,0
0.387012,0,0
0.388012,0,0
0.389012,1,0
0.390012,0,0
0.391012,0,0
0.392016,0,0
0.393012,0,0
0.394012,2,0
0.395012,0,0
0.396016,0,0
0.397012,0,0
0.398012,0,0
0.399016,0,0
0.400016,0,0
0.401012,0,0
0.402012,0,0
0.403012,0,0
0.404016,0,0
0.405012,0,0
0.406012,0,0
0.407012,1,0
0.408016,0,0
0.409012,0,0
0.410016,0,0
0.411012,0,0
0.412012,0,0
0.413012,0,0
0.414012,0,0
0.415012,0,0
0.416012,0,0
0.417012,0,0
0.418012,0,0
0.419012,0,0
0.420012,0,0
0.421012,0,0
0.422012,0,0
0.423012,0,0
0.424012,0,0
0.425012,0,0
0.426012,0,0
0.42702,0,0
0.428012,0,0
0.429012,0,0
0.430012,0,0
0.431012,0,0
0.432012,0,0
0.433012,0,0
0.434012,0,0
0.435012,0,0
0.436016,0,0
0.437012,0,0
0.438012,0,0
0.439012,0,0
0.440016,0,0
0.441012,0,0
0.442012,0,0
0.443016,0,0
0.444012,2,0
0.445012,2,0
0.446012,0,0
0.447012,0,0
0.448016,0,0
0.449012,2,0
0.450012,0,0
0.451012,0,0
0.452012,0,0
0.453012,0,0
0.454012,0,0
0.455012,0,0
0.456012,0,0
0.457012,0,0
0.458012,0,0
0.459012,0,0
0.460016,0,0
0.461016,0,0
0.462012,1,0
0.463012,0,0
0.464012,0,0
0.465012,0,0
0.466012,0,0
0.467012,1,0
0.468016,1,0
0.469012,0,0
0.470012,0,0
0.471012,0,0
0.472012,0,0
0.473012,0,0
0.474012,0,0
0.475012,0,0
0.476016,0,0
0.477016,0,0
0.478012,0,0
0.479016,0,0
0.480016,0,0
0.481012,0,0
0.482012,0,0
0.483012,0,0
0.484016,0,0
0.485012,0,0
0.486016,3,0
0.487016,1,0
0.488012,0,0
0.489012,0,0
0.490012,0,0
0.491012,0,0
0.492016,0,0
0.493012,0,0
0.494012,1,0
0.495012,0,0
0.496016,0,0
0.497012,0,0
0.498012,0,0
0.499012,0,0
0.500016,0,0
0.501012,0,0
0.502012,0,0
0.503012,0,0
0.504016,0,0
0.505012,0,0
0.506016,0,0
0.507012,0,0
0.508016,0,0
0.509012,0,0
0.510016,0,0
0.511016,0,0
0.512016,0,0
0.513016,0,0
0.514012,0,0
0.515012,0,0
0.516012,0,0
0.517012,0,0
0.518012,0,0
0.519012,0,0
0.520012,0,0
0.521012,0,0
0.522012,0,0
0.523012,0,0
0.524012,1,0
0.525012,2,0
0.526012,0,0
0.527012,0,0
0.528012,0,0
0.529012,0,0
0.530012,0,0
0.531012,0,0
0.532016,0,0
0.533012,0,0
0.534012,0,0
0.535012,0,0
0.536016,0,0
0.537012,0,0
0.538012,0,0
0.539012,0,0
0.540012,0,0
0.541012,1,0
0.542012,2,0
0.543012,0,0
0.544016,0,0
0.545012,0,0
0.546012,1,0
0.547012,0,0
0.548016,0,0
0.549012,0,0
0.550016,0,0
0.551016,0,0
0.552016,0,0
0.553012,0,0
0.554012,0,0
0.55502,0,0
0.556012,0,0
0.557012,0,0
0.558012,0,0
0.559012,0,0
0.560012,0,0
0.561012,0,0
0.562012,0,0
0.563012,0,0
0.564016,0,0
0.565012,1,0
0.566012,0,0
0.567012,0,0
0.568016,0,0
0.569012,0,0
0.570012,0,0
0.571016,0,0
0.572016,0,0
0.573016,0,0
0.574016,0,0
0.575012,0,0
0.576016,0,0
0.577012,0,0
0.578012,0,0
0.579012,0,0
0.580012,0,0
0.581012,0,0
0.582016,0,0
0.583012,0,0
0.584016,1,0
0.585012,1,0
0.586012,0,0
0.587012,0,0
0.588016,0,0
0.589016,0,0
0.590012,0,0
0.591016,0,0
0.592016,0,0
0.593012,0,0
0.594016,0,0
0.595012,0,0
0.596016,0,0
0.597012,0,0
0.598012,0,0
0.599012,0,0
0.600016,0,0
0.601012,0,0
0.602012,0,0
0.603012,0,0
0.604016,0,0
0.605016,0,0
0.606016,0,0
0.607016,0,0
0.608016,0,0
0.609012,0,0
0.610016,0,0
0.611016,0,0
0.612016,0,0
0.613016,0,0
0.614012,0,0
0.615016,0,0
0.616012,0,0
0.617012,0,0
0.618012,0,0
0.619012,0,0
0.620016,0,0
0.621012,0,0
0.622012,0,0
0.623016,0,0
0.624016,0,0
0.625012,0,0
0.626012,1,0
0.627012,1,0
0.628016,2,0
0.629012,0,0
0.630016,0,0
0.631016,0,0
0.632016,0,0
0.633016,0,0
0.634016,0,0
0.635016,0,0
0.636016,0,0
0.637016,0,0
0.638016,0,0
0.639016,0,0
0.640016,0,0
0.641016,0,0
0.642012,0,0
0.643012,0,0
0.644012,0,0
0.645012,0,0
0.646012,1,0
0.647012,1,0
0.648012,0,0
0.649012,0,0
0.650012,0,0
0.651012,0,0
0.652016,0,0
0.653012,0,0
0.654012,0,0
0.655016,0,0
0.656016,0,0
0.657012,0,0
0.658012,0,0
0.659012,0,0
0.660012,0,0
0.661012,0,0
0.662012,0,0
0.663012,0,0
0.664016,0,0
0.665012,0,0
0.666012,0,0
0.667012,0,0
0.668012,0,0
0.669012,0,0
0.670012,0,0
0.671012,0,0
0.672012,0,0
0.673012,0,0
0.674012,0,0
0.675012,0,0
0.676012,0,0
0.677012,0,0
0.678012,0,0
0.679016,0,0
0.680012,0,0
0.681012,0,0
0.682012,0,0
0.68302,0,0
0.684012,0,0
0.685012,0,0
0.686012,0,0
0.687012,0,0
0.688012,0,0
0.689012,0,0
0.690012,0,0
0.691012,0,0
0.692016,0,0
0.693012,0,0
0.694012,0,0
0.695012,0,0
0.696016,0,0
0.697012,0,0
0.698012,0,0
0.699016,0,0
0.700012,0,0
0.701012,0,0
0.702016,0,0
0.703016,0,0
0.704016,0,0
0.705012,0,0
0.706012,0,0
0.707012,0,0
0.708016,0,0
0.709012,2,0
0.710016,0,0
0.711016,0,0
0.712016,0,0
0.713012,0,0
0.714016,0,0
0.715016,0,0
0.716016,0,0
0.717016,0,0
0.718012,0,0
0.719012,0,0
0.720016,0,0
0.721012,0,0
0.722012,0,0
0.723012,0,0
0.724016,0,0
0.725012,0,0
0.726012,0,0
0.727012,0,0
0.728012,0,0
0.729012,0,0
0.730012,0,0
0.731012,0,0
0.732016,0,0
0.733016,0,0
0.734016,0,0
0.735016,0,0
0.736016,0,0
0.737012,0,0
0.738016,0,0
0.739012,0,0
0.740016,0,0
0.741012,0,0
0.742016,0,0
0.743016,0,0
0.744016,0,0
0.745012,0,0
0.746012,0,0
0.747012,0,0
0.748016,0,0
0.749012,0,0
0.750012,0,0
0.751016,0,0
0.752016,1,0
0.753012,0,0
0.754016,0,0
0.755016,0,0
0.756016,0,0
0.757012,0,0
0.758016,0,0
0.759016,0,0
0.760016,0,0
0.761012,0,0
0.762016,0,0
0.763016,0,0
0.764016,0,0
0.765016,0,0
0.766016,0,0
0.767016,0,0
0.768016,0,0
0.769016,0,0
0.770012,0,0
0.771012,0,0
0.772012,0,0
0.773012,0,0
0.774012,0,0
0.775016,0,0
0.776016,0,0
0.777012,0,0
0.778016,0,0
0.779016,0,0
0.780016,0,0
0.781012,1,0
0.782012,0,0
0.783016,0,0
0.784016,0,0
0.785012,0,0
0.786012,0,0
0.787012,0,0
0.788016,0,0
0.789012,1,0
0.790016,1,0
0.791016,0,0
0.792016,0,0
0.793016,0,0
0.794016,0,0
0.795016,0,0
0.796016,0,0
0.797016,0,0
0.798016,0,0
0.799016,0,0
0.800016,0,0
0.801012,0,0
0.802012,0,0
0.803012,0,0
0.804016,0,0
0.805012,0,0
0.806016,0,0
0.807016,0,0
0.808016,0,0
0.809012,0,0
0.810012,0,0
0.81102,0,0
0.812012,0,0
0.813012,0,0
0.814012,0,0
0.815012,0,0
0.816012,0,0
0.817012,0,0
0.818016,0,0
0.819016,0,0
0.820016,0,0
0.821012,0,0
0.822012,0,0
0.823012,0,0
0.824012,0,0
0.825012,0,0
0.826012,0,0
0.827016,0,0
0.828012,0,0
0.829012,1,0
0.830012,0,0
0.831012,0,0
0.832012,0,0
0.833012,0,0
0.834012,0,0
0.835012,0,0
0.836012,0,0
0.837012,0,0
0.838012,0,0
0.839012,0,0
0.840016,0,0
0.841012,0,0
0.842012,0,0
0.843012,1,0
0.844012,0,0
0.845012,0,0
0.846012,0,0
0.847012,0,0
0.848012,1,0
0.849012,3,0
0.850012,0,0
0.851012,0,0
0.852016,0,0
0.853012,0,0
0.854012,0,0
0.855012,0,0
0.856012,0,0
0.857012,0,0
0.858012,0,0
0.859012,0,0
0.860016,0,0
0.861016,0,0
0.862012,0,0
0.863012,0,0
0.864016,0,0
0.865012,0,0
0.866012,0,0
0.867012,0,0
0.868016,0,0
0.869012,0,0
0.870016,0,0
0.871016,0,0
0.872012,0,0
0.873012,0,0
0.874012,0,0
0.875012,0,0
0.876016,0,0
0.877012,0,0
0.878012,0,0
0.879016,0,0
0.880016,0,0
0.881012,0,0
0.882012,0,0
0.883012,1,0
0.884016,2,0
0.885012,0,0
0.886012,0,0
0.887012,0,0
0.888016,0,0
0.889012,0,0
0.890012,0,0
0.891012,0,0
0.892016,0,0
0.893012,0,0
0.894016,0,0
0.895016,0,0
0.896016,0,0
0.897016,0,0
0.898012,0,0
0.899012,0,0
0.900012,0,0
0.901012,0,0
0.902012,0,0
0.903012,0,0
0.904016,0,0
0.905012,1,0
0.906012,1,0
0.907012,0,0
0.908016,0,0
0.909012,0,0
0.910012,0,0
0.911016,0,0
0.912016,0,0
0.913012,0,0
0.914012,0,0
0.915012,0,0
0.916016,0,0
0.917016,0,0
0.918016,0,0
0.919016,0,0
0.920016,0,0
0.921016,0,0
0.922016,0,0
0.923012,0,0
0.924012,0,0
0.925012,0,0
0.926012,0,0
0.927016,0,0
0.928016,1,0
0.929012,0,0
0.930012,0,0
0.931012,0,0
0.932016,0,0
0.933012,0,0
0.934016,0,0
0.935016,0,0
0.936016,0,0
0.937012,0,0
0.938012,0,0
0.93902,0,0
0.940012,0,0
0.941012,0,0
0.942012,0,0
0.943016,0,0
0.944012,0,0
0.945012,0,0
0.946016,0,0
0.947016,1,0
0.948016,0,0
0.949012,0,0
0.950016,0,0
0.951016,0,0
0.952016,0,0
0.953016,0,0
0.954016,0,0
0.955012,0,0
0.956016,0,0
0.957016,0,0
0.958016,0,0
0.959016,0,0
0.960016,0,0
0.961012,0,0
0.962012,0,0
0.963012,0,0
0.964016,0,0
0.965012,0,0
0.966016,0,0
0.967016,0,0
0.968016,0,0
0.969012,0,0
0.970016,0,0
0.971016,0,0
0.972016,0,0
0.973016,0,0
0.974016,0,0
0.975016,0,0
0.976016,0,0
0.977012,0,0
0.978016,0,0
0.979012,0,0
0.980016,0,0
0.981016,0,0
0.982012,0,0
0.983012,0,0
0.984016,0,0
0.985012,0,0
0.986012,0,0
0.987012,0,0
0.988016,0,0
0.989012,0,0
0.990012,1,0
0.991016,0,0
0.992016,0,0
0.993012,0,0
0.994016,0,0
0.995012,0,0
0.996016,0,0
0.997012,0,0
0.998012,0,0
0.999016,0,0
1.000016,0,0
1.001012,0,1
1.002012,0,1
1.003012,2,1
1.004012,2,1
1.005012,0,1
1.006012,0,1
1.007012,0,1
1.008012,0,1
1.009012,2,1
1.010012,0,1
1.011012,0,1
1.012012,0,1
1.013012,0,1
1.014012,0,1
1.015012,0,1
1.016012,0,1
1.017012,0,1
1.018012,0,1
1.019012,0,1
1.020012,0,1
1.021012,0,1
1.022012,0,1
1.023012,1,1
1.024016,0,1
1.025012,0,1
1.026016,0,1
1.027016,0,1
1.028016,0,1
1.029016,2,1
1.030016,3,1
1.031012,1,1
1.032012,0,1
1.033016,0,1
1.034012,0,1
1.035012,0,1
1.036012,1,1
1.037012,2,1
1.038012,0,1
1.039012,0,1
1.040012,0,1
1.041016,0,1
1.042012,0,1
1.043012,1,1
1.044012,0,1
1.045012,0,1
1.046012,1,1
1.047012,0,1
1.048012,0,1
1.049012,0,1
1.050012,0,1
1.051012,0,1
1.052012,0,1
1.053012,0,1
1.054012,0,1
1.055012,0,1
1.056012,0,1
1.057016,0,1
1.058012,0,1
1.059012,0,1
1.060012,0,1
1.061012,0,1
1.062012,0,1
1.063012,0,1
1.064012,0,1
1.065012,0,1
1.066012,0,1
1.06702,0,1
1.068016,0,1
1.069016,0,1
1.070016,0,1
1.071012,0,1
1.072012,0,1
1.073012,0,1
1.074012,0,1
1.075012,0,1
1.076012,0,1
1.077012,0,1
1.078012,0,1
1.079012,0,1
1.080012,0,1
1.081012,0,1
1.082012,0,1
1.083012,0,1
1.084012,1,1
1.085012,1,1
1.086012,2,1
1.087012,0,1
1.088012,0,1
1.089016,0,1
1.090012,0,1
1.091012,0,1
1.092012,0,1
1.093012,0,1
1.094012,0,1
1.095012,0,1
1.096012,0,1
1.097012,0,1
1.098012,0,1
1.099012,0,1
1.100012,0,1
1.101012,0,1
1.102012,0,1
1.103012,0,1
1.104012,0,1
1.105012,0,1
1.106012,0,1
1.107012,0,1
1.108012,0,1
1.109012,0,1
1.110012,0,1
1.111012,0,1
1.112012,0,1
1.113012,0,1
1.114012,0,1
1.115012,0,1
1.116012,0,1
1.117012,0,1
1.118012,0,1
1.119012,0,1
1.120012,0,1
1.121012,0,1
1.122012,0,1
1.123012,0,1
1.124012,0,1
1.125012,0,1
1.126012,0,1
1.127012,0,1
1.128012,0,1
1.129012,0,1
1.130012,0,1
1.131012,0,1
1.132012,2,1
1.133012,0,1
1.134012,0,1
1.135012,0,1
1.136012,0,1
1.137012,0,1
1.138012,0,1
1.139012,1,1
1.140012,0,1
1.141012,0,1
1.142012,0,1
1.143012,0,1
1.144012,0,1
1.145012,0,1
1.146012,1,1
1.147012,0,1
1.148012,0,1
1.149012,0,1
1.150012,0,1
1.151012,0,1
1.152012,0,1
1.153016,0,1
1.154016,0,1
1.155016,0,1
1.156012,0,1
1.157016,0,1
1.158012,0,1
1.159012,0,1
1.160012,0,1
1.161012,0,1
1.162012,0,1
1.163012,0,1
1.164012,0,1
1.165012,2,1
1.166012,0,1
1.167012,0,1
1.168012,0,1
1.169012,0,1
1.170012,0,1
1.171012,0,1
1.172012,0,1
1.173012,0,1
1.174012,0,1
1.175012,0,1
1.176012,0,1
1.177012,0,1
1.178012,0,1
1.179012,0,1
1.180012,0,1
1.181012,0,1
1.182012,0,1
1.183012,0,1
1.184012,0,1
1.185012,0,1
1.186012,2,1
1.187012,0,1
1.188012,0,1
1.189012,0,1
1.190012,0,1
1.191012,0,1
1.192012,0,1
1.193012,0,1
1.194012,0,1
1.19502,0,1
1.196012,0,1
1.197012,0,1
1.198012,0,1
1.199012,1,1
1.200012,0,1
1.201012,0,1
1.202012,0,1
1.203012,0,1
1.204012,0,1
1.205012,0,1
1.206012,2,1
1.207012,2,1
1.208012,0,1
1.209012,0,1
1.210012,0,1
1.211012,0,1
1.212012,0,1
1.213016,0,1
1.214012,0,1
1.215012,0,1
1.216012,0,1
1.217012,0,1
1.218012,0,1
1.219012,0,1
1.220012,0,1
1.221012,0,1
1.222012,0,1
1.223012,0,1
1.224012,0,1
1.225012,0,1
1.226012,0,1
1.227012,0,1
1.228012,0,1
1.229012,0,1
1.230012,0,1
1.231012,0,1
1.232012,0,1
1.233012,0,1
1.234012,0,1
1.235012,0,1
1.236012,0,1
1.237012,0,1
1.238012,0,1
1.239012,0,1
1.240012,0,1
1.241016,0,1
1.242012,0,1
1.243016,2,1
1.244012,4,1
1.245012,0,1
1.246012,0,1
1.247012,0,1
1.248012,0,1
1.249012,0,1
1.250012,0,1
1.251012,0,1
1.252012,0,1
1.253012,0,1
1.254012,0,1
1.255012,0,1
1.256012,0,1
1.257012,0,1
1.258012,0,1
1.259012,0,1
1.260012,0,1
1.261012,0,1
1.262012,0,1
1.263012,0,1
1.264012,0,1
1.265012,0,1
1.266012,0,1
1.267012,0,1
1.268016,0,1
1.269012,0,1
1.270012,1,1
1.271012,0,1
1.272012,0,1
1.273012,0,1
1.274012,0,1
1.275012,0,1
1.276012,0,1
1.277012,0,1
1.278012,0,1
1.279012,0,1
1.280016,0,1
1.281012,0,1
1.282016,1,1
1.283016,2,1
1.284016,0,1
1.285016,0,1
1.286016,0,1
1.287012,0,1
1.288012,0,1
1.289016,0,1
1.290012,0,1
1.291012,1,1
1.292012,0,1
1.293012,0,1
1.294012,0,1
1.295012,0,1
1.296012,0,1
1.297016,0,1
1.298012,0,1
1.299012,0,1
1.300012,0,1
1.301012,0,1
1.302012,0,1
1.303012,0,1
1.304012,0,1
1.305012,2,1
1.306012,1,1
1.307012,0,1
1.308012,0,1
1.309012,0,1
1.310012,0,1
1.311012,0,1
1.312012,0,1
1.313016,0,1
1.314012,0,1
1.315012,0,1
1.316012,0,1
1.317016,0,1
1.318012,0,1
1.319012,0,1
1.320012,0,1
1.321012,0,1
1.322012,0,1
1.32302,0,1
1.324016,0,1
1.325016,0,1
1.326016,0,1
1.327016,1,1
1.328012,0,1
1.329012,0,1
1.330012,0,1
1.331012,0,1
1.332012,0,1
1.333016,0,1
1.334012,0,1
1.335012,0,1
1.336012,1,1
1.337012,0,1
1.338012,0,1
1.339012,0,1
1.340012,0,1
1.341012,0,1
1.342012,1,1
1.343012,0,1
1.344012,0,1
1.345016,0,1
1.346012,0,1
1.347012,0,1
1.348012,0,1
1.349012,0,1
1.350012,0,1
1.351012,0,1
1.352012,0,1
1.353012,0,1
1.354012,0,1
1.355012,0,1
1.356012,0,1
1.357012,0,1
1.358012,0,1
1.359012,0,1
1.360012,0,1
1.361016,0,1
1.362012,0,1
1.363012,0,1
1.364012,0,1
1.365012,0,1
1.36602,1,1
1.367016,0,1
1.368012,0,1
1.369016,0,1
1.370012,0,1
1.371016,0,1
1.372012,0,1
1.373012,0,1
1.374012,0,1
1.375012,0,1
1.376012,0,1
1.377012,0,1
1.378012,0,1
1.379012,0,1
1.380012,0,1
1.381012,0,1
1.382012,0,1
1.383012,0,1
1.384012,0,1
1.385012,1,1
1.386012,2,1
1.387012,1,1
1.388012,0,1
1.389012,0,1
1.390012,0,1
1.391012,0,1
1.392012,0,1
1.393012,0,1
1.394012,0,1
1.395012,0,1
1.396012,0,1
1.397012,0,1
1.398012,0,1
1.399012,0,1
1.400012,0,1
1.401012,0,1
1.402012,0,1
1.403012,1,1
1.404012,2,1
1.405012,0,1
1.406012,0,1
1.407012,0,1
1.408012,0,1
1.409016,1,1
1.410016,0,1
1.411016,0,1
1.412012,0,1
1.413016,0,1
1.414012,0,1
1.415012,0,1
1.416012,0,1
1.417012,0,1
1.418012,0,1
1.419012,0,1
1.420012,0,1
1.421012,0,1
1.422012,0,1
1.423012,0,1
1.424012,0,1
1.425012,0,1
1.426016,0,1
1.427012,0,1
1.428012,0,1
1.429012,0,1
1.430012,0,1
1.431012,0,1
1.432012,0,1
1.433012,0,1
1.434012,0,1
1.435012,0,1
1.436012,0,1
1.437012,0,1
1.438012,0,1
1.439012,0,1
1.440012,0,1
1.441016,0,1
1.442012,0,1
1.443012,2,1
1.444012,0,1
1.445012,0,1
1.446012,0,1
1.447012,0,1
1.448012,0,1
1.449012,0,1
1.450012,0,1
1.451024,0,1
1.452016,0,1
1.453012,0,1
1.454012,1,1
1.455012,1,1
1.456012,0,1
1.457012,0,1
1.458012,0,1
1.459012,0,1
1.460012,0,1
1.461012,0,1
1.462012,0,1
1.463012,0,1
1.464012,0,1
1.465012,0,1
1.466012,0,1
1.467012,0,1
1.468012,0,1
1.469016,0,1
1.470012,0,1
1.471012,0,1
1.472012,0,1
1.473012,0,1
1.474012,0,1
1.475012,0,1
1.476012,0,1
1.477012,0,1
1.478012,0,1
1.479012,0,1
1.480012,0,1
1.481012,0,1
1.482012,0,1
1.483012,0,1
1.484012,0,1
1.485012,0,1
1.486012,0,1
1.487012,0,1
1.488012,0,1
1.489012,0,1
1.490012,0,1
1.491012,0,1
1.492012,0,1
1.493012,0,1
1.494012,0,1
1.495012,0,1
1.496012,0,1
1.497016,0,1
1.498012,0,1
1.499012,0,1
1.500012,0,1
1.501012,0,1
1.502012,0,1
1.503012,0,1
1.504012,0,1
1.505012,0,1
1.506012,0,1
1.507012,0,1
1.508012,0,1
1.509012,0,1
1.510012,0,1
1.511012,0,1
1.512012,0,1
1.513012,0,1
1.514012,0,1
1.515012,0,1
1.516016,0,1
1.517012,0,1
1.518012,0,1
1.519012,0,1
1.520012,0,1
1.521012,0,1
1.522012,0,1
1.523012,0,1
1.524016,0,1
1.525012,0,1
1.526012,0,1
1.527012,0,1
1.528012,0,1
1.529012,0,1
1.530012,0,1
1.531012,1,1
1.532012,0,1
1.533012,0,1
1.534012,0,1
1.535012,0,1
1.536016,0,1
1.537016,0,1
1.538016,0,1
1.539016,0,1
1.540012,0,1
1.541016,0,1
1.542012,0,1
1.543012,0,1
1.544012,0,1
1.545012,0,1
1.546012,0,1
1.547012,0,1
1.548012,0,1
1.549012,0,1
1.550012,0,1
1.551012,0,1
1.552012,0,1
1.553012,0,1
1.554016,0,1
1.555012,0,1
1.556012,0,1
1.557012,2,1
1.558012,0,1
1.559012,0,1
1.560012,0,1
1.561012,0,1
1.562012,0,1
1.563012,0,1
1.564012,0,1
1.565012,1,1
1.566012,2,1
1.567012,0,1
1.568012,0,1
1.569012,0,1
1.570012,0,1
1.571012,0,1
1.572012,0,1
1.573012,0,1
1.574012,0,1
1.575012,0,1
1.576012,0,1
1.577012,0,1
1.578012,0,1
1.57902,0,1
1.580012,0,1
1.581012,0,1
1.582012,0,1
1.583012,0,1
1.584012,0,1
1.585012,0,1
1.586012,1,1
1.587012,1,1
1.588016,0,1
1.589012,0,1
1.590012,0,1
1.591012,0,1
1.592016,0,1
1.593012,0,1
1.594012,0,1
1.595012,0,1
1.596012,0,1
1.597016,0,1
1.598016,0,1
1.599012,0,1
1.600012,0,1
1.601016,0,1
1.602012,0,1
1.603012,0,1
1.604012,0,1
1.605012,1,1
1.606012,0,1
1.607012,0,1
1.608012,0,1
1.609012,0,1
1.610012,0,1
1.611012,0,1
1.612012,0,1
1.613012,0,1
1.614012,0,1
1.615012,0,1
1.616012,0,1
1.617012,0,1
1.618012,0,1
1.619012,0,1
1.620012,0,1
1.621012,0,1
1.622012,0,1
1.623012,0,1
1.624012,0,1
1.625016,0,1
1.626012,0,1
1.627012,0,1
1.628012,0,1
1.629012,0,1
1.630012,0,1
1.631012,0,1
1.632012,0,1
1.633012,0,1
1.634012,0,1
1.635012,0,1
1.636012,0,1
1.637012,0,1
1.638012,0,1
1.639012,0,1
1.640012,0,1
1.641016,0,1
1.642016,0,1
1.643016,1,1
1.644012,0,1
1.645016,0,1
1.646012,0,1
1.647012,0,1
1.648012,0,1
1.649016,0,1
1.650012,0,1
1.651012,0,1
1.652012,0,1
1.653016,0,1
1.654012,0,1
1.655012,0,1
1.656012,0,1
1.657012,0,1
1.658012,0,1
1.659012,0,1
1.660012,1,1
1.661012,0,1
1.662012,0,1
1.663012,0,1
1.664012,0,1
1.665012,2,1
1.666016,1,1
1.667016,0,1
1.668016,0,1
1.669016,0,1
1.670016,0,1
1.671012,0,1
1.672012,0,1
1.673012,0,1
1.674012,0,1
1.675012,0,1
1.676012,0,1
1.677012,0,1
1.678012,1,1
1.679012,0,1
1.680012,0,1
1.681016,0,1
1.682012,0,1
1.683012,0,1
1.684012,0,1
1.685012,1,1
1.686012,1,1
1.687012,0,1
1.688012,0,1
1.689012,0,1
1.690012,0,1
1.691016,0,1
1.692012,0,1
1.693012,0,1
1.694012,0,1
1.695012,0,1
1.696012,0,1
1.697016,0,1
1.698012,0,1
1.699012,0,1
1.700012,0,1
1.701012,0,1
1.702012,0,1
1.703012,0,1
1.704012,1,1
1.705012,1,1
1.706012,0,1
1.70702,0,1
1.708016,0,1
1.709016,0,1
1.710012,0,1
1.711012,1,1
1.712012,0,1
1.713012,0,1
1.714012,0,1
1.715012,0,1
1.716012,0,1
1.717012,0,1
1.718012,0,1
1.719012,0,1
1.720012,0,1
1.721012,0,1
1.722012,0,1
1.723012,0,1
1.724012,0,1
1.725012,0,1
1.726012,0,1
1.727012,0,1
1.728012,0,1
1.729016,0,1
1.730012,0,1
1.731012,0,1
1.732012,0,1
1.733012,0,1
1.734012,0,1
1.735012,0,1
1.736012,0,1
1.737012,0,1
1.738012,0,1
1.739012,0,1
1.740012,0,1
1.741012,0,1
1.742012,0,1
1.743012,0,1
1.744012,0,1
1.745012,0,1
1.746012,0,1
1.747012,0,1
1.748012,0,1
1.749012,0,1
1.750012,0,1
1.751012,0,1
1.752012,0,1
1.753012,0,1
1.754012,0,1
1.755016,0,1
1.756012,0,1
1.757012,0,1
1.758012,0,1
1.759012,0,1
1.760012,0,1
1.761012,0,1
1.762012,0,1
1.763012,0,1
1.764012,0,1
1.765012,0,1
1.766012,0,1
1.767012,0,1
1.768012,0,1
1.769012,0,1
1.770012,0,1
1.771012,0,1
1.772012,0,1
1.773012,0,1
1.774012,0,1
1.775012,0,1
1.776012,0,1
1.777012,0,1
1.778012,1,1
1.779012,1,1
1.780016,0,1
1.781012,0,1
1.782012,0,1
1.783012,0,1
1.784012,2,1
1.785012,0,1
1.786012,0,1
1.787012,0,1
1.788012,0,1
1.789012,0,1
1.790012,0,1
1.791012,0,1
1.792016,0,1
1.793016,0,1
1.794016,0,1
1.795016,0,1
1.796012,0,1
1.797016,0,1
1.798012,0,1
1.799012,0,1
1.800012,0,1
1.801012,0,1
1.802012,0,1
1.803012,0,1
1.804012,0,1
1.805012,0,1
1.806012,0,1
1.807012,0,1
1.808012,0,1
1.809016,0,1
1.810012,0,1
1.811012,0,1
1.812012,0,1
1.813012,0,1
1.814012,0,1
1.815012,0,1
1.816012,0,1
1.817012,0,1
1.818012,0,1
1.819012,0,1
1.820012,0,1
1.821012,0,1
1.822012,1,1
1.823012,2,1
1.824012,0,1
1.825012,0,1
1.826012,0,1
1.827012,0,1
1.828012,1,1
1.829012,0,1
1.830012,0,1
1.831012,0,1
1.832012,0,1
1.833012,0,1
1.834012,0,1
1.83502,0,1
1.836012,0,1
1.837012,0,1
1.838012,0,1
1.839012,0,1
1.840012,0,1
1.841012,0,1
1.842012,0,1
1.843012,0,1
1.844016,0,1
1.845012,0,1
1.846012,0,1
1.847012,1,1
1.848012,1,1
1.849012,2,1
1.850012,0,1
1.851012,0,1
1.852012,0,1
1.853016,0,1
1.854012,0,1
1.855012,0,1
1.856012,0,1
1.857012,0,1
1.858012,0,1
1.859012,0,1
1.860012,0,1
1.861012,0,1
1.862012,0,1
1.863012,0,1
1.864012,0,1
1.865012,0,1
1.866012,1,1
1.867012,0,1
1.868012,0,1
1.869012,0,1
1.870012,0,1
1.871012,0,1
1.872012,0,1
1.873012,0,1
1.874012,0,1
1.875012,0,1
1.876012,0,1
1.877012,0,1
1.878012,0,1
1.879012,0,1
1.880012,0,1
1.881012,0,1
1.882012,0,1
1.883012,1,1
1.884012,0,1
1.885012,0,1
1.886012,0,1
1.887012,0,1
1.888012,0,1
1.889012,0,1
1.890012,0,1
1.891012,0,1
1.892012,0,1
1.893012,0,1
1.894012,0,1
1.895012,0,1
1.896012,0,1
1.897012,0,1
1.898012,0,1
1.899012,0,1
1.900012,0,1
1.901012,0,1
1.902012,0,1
1.903012,1,1
1.904016,1,1
1.905012,0,1
1.906012,0,1
1.907012,0,1
1.908016,1,1
1.909012,1,1
1.910012,0,1
1.911012,0,1
1.912016,0,1
1.913012,0,1
1.914012,0,1
1.915012,0,1
1.916012,0,1
1.917012,0,1
1.918012,0,1
1.919016,0,1
1.920016,0,1
1.921016,0,1
1.922016,0,1
1.923016,0,1
1.924012,0,1
1.925012,0,1
1.926012,1,1
1.927012,1,1
1.928012,0,1
1.929012,0,1
1.930012,0,1
1.931012,0,1
1.932012,0,1
1.933012,0,1
1.934012,0,1
1.935012,0,1
1.936012,0,1
1.937012,0,1
1.938016,0,1
1.939012,0,1
1.940012,0,1
1.941012,0,1
1.942012,0,1
1.943012,0,1
1.944016,0,1
1.945012,0,1
1.946016,0,1
1.947012,0,1
1.948012,0,1
1.949012,0,1
1.950012,3,1
1.951012,1,1
1.952012,0,1
1.953012,0,1
1.954012,0,1
1.955012,0,1
1.956012,0,1
1.957012,0,1
1.958012,0,1
1.959012,0,1
1.960012,0,1
1.961012,0,1
1.962012,0,1
1.96302,0,1
1.964012,0,1
1.965012,0,1
1.966012,0,1
1.967012,0,1
1.968012,0,1
1.969012,1,1
1.970012,0,1
1.971012,0,1
1.972012,0,1
1.973012,0,1
1.974012,0,1
1.975012,0,1
1.976012,0,1
1.977012,0,1
1.978012,0,1
1.979012,0,1
1.980012,0,1
1.981016,0,1
1.982012,0,1
1.983012,0,1
1.984012,0,1
1.985012,0,1
1.986012,0,1
1.987012,0,1
1.988012,0,1
1.989012,0,1
1.990012,0,1
1.991012,0,1
1.992012,0,1
1.993012,0,1
1.994012,0,1
1.995012,0,1
1.996012,0,1
1.997012,0,1
1.998012,0,1
1.999012,0,1
2.000012,0,1
2.001012,0,2
2.002012,0,2
2.003012,0,2
2.004012,2,2
2.005012,0,2
2.006012,0,2
2.007012,0,2
2.008012,0,2
2.009016,0,2
2.010012,0,2
2.011012,0,2
2.012012,0,2
2.013012,0,2
2.014012,0,2
2.015012,0,2
2.016012,0,2
2.017012,0,2
2.018012,0,2
2.019012,0,2
2.020012,0,2
2.021012,0,2
2.022012,0,2
2.023012,0,2
2.024012,1,2
2.025012,1,2
2.026012,0,2
2.027012,0,2
2.028012,1,2
2.029012,2,2
2.030012,1,2
2.031012,0,2
2.032012,0,2
2.033012,0,2
2.034012,0,2
2.035012,0,2
2.036016,0,2
2.037012,0,2
2.038012,0,2
2.039012,0,2
2.040016,0,2
2.041012,0,2
2.042012,0,2
2.043012,0,2
2.044012,0,2
2.045012,0,2
2.046012,0,2
2.047016,0,2
2.048016,0,2
2.049012,2,2
2.050016,0,2
2.051016,0,2
2.052016,0,2
2.053016,0,2
2.054016,0,2
2.055012,0,2
2.056012,0,2
2.057016,0,2
2.058012,0,2
2.059012,0,2
2.060012,1,2
2.061012,0,2
2.062012,1,2
2.063012,0,2
2.064012,0,2
2.065016,1,2
2.066012,1,2
2.067012,0,2
2.068012,0,2
2.069012,0,2
2.070012,0,2
2.071012,0,2
2.072012,0,2
2.073012,0,2
2.074012,0,2
2.075012,1,2
2.076012,2,2
2.077012,0,2
2.078012,0,2
2.079012,0,2
2.080012,0,2
2.081016,0,2
2.082012,4,2
2.083012,4,2
2.084012,0,2
2.085012,0,2
2.086012,0,2
2.087012,0,2
2.088012,0,2
2.089012,0,2
2.090012,1,2
2.09102,0,2
2.092016,0,2
2.093016,0,2
2.094016,0,2
2.095012,0,2
2.096012,0,2
2.097012,0,2
2.098012,0,2
2.099012,0,2
2.100012,0,2
2.101012,0,2
2.102012,0,2
2.103012,0,2
2.104012,0,2
2.105012,0,2
2.106012,0,2
2.107012,0,2
2.108012,0,2
2.109016,0,2
2.110012,0,2
2.111012,0,2
2.112012,0,2
2.113012,0,2
2.114012,0,2
2.115012,0,2
2.116012,0,2
2.117012,0,2
2.118012,0,2
2.119012,0,2
2.120012,0,2
2.121012,0,2
2.122012,0,2
2.123012,0,2
2.124012,0,2
2.125012,0,2
2.126012,0,2
2.127012,0,2
2.128012,0,2
2.129012,0,2
2.130012,0,2
2.131012,0,2
2.132012,0,2
2.133012,0,2
2.134024,0,2
2.135016,0,2
2.136012,0,2
2.137016,0,2
2.138012,0,2
2.139016,0,2
2.140012,0,2
2.141012,0,2
2.142012,0,2
2.143012,0,2
2.144012,0,2
2.145012,0,2
2.146012,0,2
2.147012,0,2
2.148012,0,2
2.149012,0,2
2.150012,0,2
2.151012,0,2
2.152012,0,2
2.153012,0,2
2.154012,0,2
2.155012,0,2
2.156012,0,2
2.157012,0,2
2.158012,0,2
2.159012,0,2
2.160012,0,2
2.161012,0,2
2.162012,0,2
2.163012,2,2
2.164012,0,2
2.165012,0,2
2.166012,0,2
2.167012,0,2
2.168012,0,2
2.169012,0,2
2.170012,0,2
2.171012,0,2
2.172012,0,2
2.173012,0,2
2.174012,0,2
2.175012,0,2
2.176012,0,2
2.177016,0,2
2.178016,0,2
2.179016,0,2
2.180012,0,2
2.181016,0,2
2.182012,0,2
2.183012,0,2
2.184012,0,2
2.185012,0,2
2.186012,0,2
2.187012,0,2
2.188012,0,2
2.189012,0,2
2.190012,0,2
2.191012,0,2
2.192012,0,2
2.193012,0,2
2.194016,0,2
2.195012,0,2
2.196012,0,2
2.197012,0,2
2.198012,0,2
2.199012,0,2
2.200016,0,2
2.201012,0,2
2.202012,0,2
2.203012,0,2
2.204012,0,2
2.205012,0,2
2.206012,0,2
2.207012,0,2
2.208012,0,2
2.209012,0,2
2.210012,0,2
2.211012,0,2
2.212012,0,2
2.213012,0,2
2.214012,0,2
2.215012,0,2
2.216012,0,2
2.217012,0,2
2.218012,0,2
2.21902,0,2
2.220012,0,2
2.221012,0,2
2.222012,3,2
2.223012,1,2
2.224012,0,2
2.225012,0,2
2.226012,0,2
2.227012,0,2
2.228016,0,2
2.229012,0,2
2.230012,0,2
2.231012,0,2
2.232016,0,2
2.233012,0,2
2.234012,0,2
2.235012,1,2
2.236012,1,2
2.237016,0,2
2.238012,0,2
2.239012,0,2
2.240016,0,2
2.241012,2,2
2.242012,2,2
2.243012,0,2
2.244012,0,2
2.245012,0,2
2.246012,0,2
2.247012,1,2
2.248012,2,2
2.249012,0,2
2.250012,0,2
2.251012,0,2
2.252012,0,2
2.253012,0,2
2.254012,0,2
2.255012,0,2
2.256012,0,2
2.257012,0,2
2.258012,0,2
2.259012,0,2
2.260012,0,2
2.261012,0,2
2.262012,0,2
2.263012,0,2
2.264012,0,2
2.265016,0,2
2.266012,0,2
2.267012,1,2
2.268012,0,2
2.269012,0,2
2.270012,0,2
2.271012,0,2
2.272012,0,2
2.273012,0,2
2.274012,0,2
2.275012,0,2
2.276012,0,2
2.277012,0,2
2.278012,0,2
2.279012,0,2
2.280012,0,2
2.281012,0,2
2.282012,0,2
2.283012,0,2
2.284012,0,2
2.285012,0,2
2.286012,0,2
2.287012,0,2
2.288012,0,2
2.289012,0,2
2.290012,0,2
2.291012,0,2
2.292016,0,2
2.293012,0,2
2.294012,0,2
2.295012,0,2
2.296012,0,2
2.297012,0,2
2.298012,0,2
2.299012,0,2
2.300012,0,2
2.301012,0,2
2.302012,0,2
2.303012,0,2
2.304016,1,2
2.305016,0,2
2.306016,0,2
2.307016,0,2
2.308012,0,2
2.309016,0,2
2.310012,0,2
2.311012,0,2
2.312012,0,2
2.313012,0,2
2.314012,0,2
2.315012,0,2
2.316012,0,2
2.317012,0,2
2.318012,0,2
2.319012,0,2
2.320012,0,2
2.321012,0,2
2.322016,0,2
2.323012,1,2
2.324012,0,2
2.325012,0,2
2.326012,0,2
2.327012,0,2
2.328012,0,2
2.329012,0,2
2.330012,1,2
2.331012,0,2
2.332012,0,2
2.333012,0,2
2.334012,0,2
2.335012,0,2
2.336012,0,2
2.337012,0,2
2.338012,0,2
2.339012,0,2
2.340012,0,2
2.341012,0,2
2.342012,1,2
2.343012,1,2
2.344012,0,2
2.345012,0,2
2.346012,0,2
2.34702,0,2
2.348012,0,2
2.349012,0,2
2.350012,0,2
2.351012,0,2
2.352012,1,2
2.353012,0,2
2.354012,0,2
2.355012,0,2
2.356016,0,2
2.357012,0,2
2.358012,0,2
2.359012,0,2
2.360012,0,2
2.361012,0,2
2.362012,0,2
2.363012,0,2
2.364012,0,2
2.365016,1,2
2.366012,0,2
2.367012,0,2
2.368016,0,2
2.369012,0,2
2.370012,0,2
2.371012,0,2
2.372012,0,2
2.373012,0,2
2.374012,0,2
2.375012,0,2
2.376016,0,2
2.377012,0,2
2.378012,0,2
2.379012,3,2
2.380012,0,2
2.381012,0,2
2.382012,0,2
2.383012,0,2
2.384012,4,2
2.385012,5,2
2.386012,1,2
2.387012,0,2
2.388012,0,2
2.389012,0,2
2.390012,0,2
2.391012,0,2
2.392012,0,2
2.393012,1,2
2.394012,0,2
2.395012,0,2
2.396016,0,2
2.397012,0,2
2.398012,0,2
2.399016,0,2
2.400016,0,2
2.401012,0,2
2.402012,0,2
2.403012,0,2
2.404012,0,2
2.405012,0,2
2.406012,0,2
2.407012,0,2
2.408012,0,2
2.409012,0,2
2.410012,0,2
2.411012,0,2
2.412012,0,2
2.413012,0,2
2.414012,0,2
2.415012,0,2
2.416016,0,2
2.417012,0,2
2.418012,1,2
2.419012,0,2
2.420016,0,2
2.421012,0,2
2.422012,0,2
2.423012,0,2
2.424012,0,2
2.425012,0,2
2.426012,0,2
2.427012,0,2
2.428012,0,2
2.429012,0,2
2.430012,0,2
2.431016,0,2
2.432016,0,2
2.433016,0,2
2.434012,0,2
2.435012,0,2
2.436012,0,2
2.437012,0,2
2.438012,0,2
2.439012,0,2
2.440012,0,2
2.441012,0,2
2.442012,1,2
2.443012,0,2
2.444012,0,2
2.445012,0,2
2.446012,0,2
2.447012,1,2
2.448016,0,2
2.449012,0,2
2.450016,0,2
2.451012,0,2
2.452016,0,2
2.453012,0,2
2.454012,0,2
2.455016,0,2
2.456016,0,2
2.457012,0,2
2.458016,0,2
2.459012,0,2
2.460012,0,2
2.461012,0,2
2.462012,0,2
2.463012,0,2
2.464012,0,2
2.465012,0,2
2.466012,0,2
2.467012,0,2
2.468012,0,2
2.469012,0,2
2.470012,0,2
2.471012,0,2
2.472012,0,2
2.473012,0,2
2.474012,0,2
2.47502,0,2
2.476012,0,2
2.477012,0,2
2.478012,0,2
2.479012,0,2
2.480012,0,2
2.481012,0,2
2.482012,0,2
2.483012,0,2
2.484012,0,2
2.485012,0,2
2.486012,0,2
2.487012,0,2
2.488012,0,2
2.489012,0,2
2.490012,0,2
2.491012,0,2
2.492012,0,2
2.493016,0,2
2.494012,0,2
2.495012,0,2
2.496016,0,2
2.497012,0,2
2.498012,0,2
2.499012,0,2
2.500012,0,2
2.501012,0,2
2.502012,0,2
2.503012,0,2
2.504012,1,2
2.505012,2,2
2.506012,0,2
2.507012,0,2
2.508012,0,2
2.509012,2,2
2.510012,1,2
2.511012,0,2
2.512012,0,2
2.513012,0,2
2.514012,0,2
2.515012,0,2
2.516016,0,2
2.517012,0,2
2.518012,1,2
2.519012,0,2
2.520012,0,2
2.521012,0,2
2.522012,0,2
2.523012,0,2
2.524012,0,2
2.525012,0,2
2.526012,0,2
2.527012,0,2
2.528016,0,2
2.529012,0,2
2.530012,0,2
2.531012,0,2
2.532016,0,2
2.533012,0,2
2.534016,0,2
2.535016,0,2
2.536016,0,2
2.537012,0,2
2.538012,0,2
2.539012,0,2
2.540016,0,2
2.541012,0,2
2.542012,0,2
2.543012,0,2
2.544016,1,2
2.545012,0,2
2.546012,0,2
2.547012,0,2
2.548016,0,2
2.549012,1,2
2.550012,0,2
2.551012,0,2
2.552016,0,2
2.553012,0,2
2.554016,0,2
2.555016,0,2
2.556016,0,2
2.557016,0,2
2.558016,0,2
2.559016,0,2
2.560016,0,2
2.561012,0,2
2.562016,0,2
2.563016,0,2
2.564016,0,2
2.565016,0,2
2.566012,0,2
2.567012,0,2
2.568012,1,2
2.569012,0,2
2.570012,0,2
2.571012,0,2
2.572012,0,2
2.573012,0,2
2.574012,0,2
2.575012,0,2
2.576012,0,2
2.577012,0,2
2.578012,0,2
2.579012,0,2
2.580012,0,2
2.581012,2,2
2.582012,1,2
2.583012,0,2
2.584012,0,2
2.585012,0,2
2.586012,1,2
2.587012,0,2
2.588012,0,2
2.589012,0,2
2.590012,0,2
2.591012,0,2
2.592012,0,2
2.593012,0,2
2.594012,0,2
2.595012,0,2
2.596012,0,2
2.597012,0,2
2.598012,0,2
2.599012,0,2
2.600012,0,2
2.601012,0,2
2.602012,0,2
2.603016,0,2
2.604012,1,2
2.605012,0,2
2.606012,0,2
2.607012,0,2
2.608012,0,2
2.609012,0,2
2.610012,0,2
2.611012,0,2
2.612016,0,2
2.613012,0,2
2.614012,0,2
2.615012,0,2
2.616012,0,2
2.617012,0,2
2.618012,0,2
2.619012,0,2
2.620012,0,2
2.621016,0,2
2.622012,0,2
2.623012,0,2
2.624012,0,2
2.625016,0,2
2.626012,0,2
2.627012,0,2
2.628012,0,2
2.629012,0,2
2.630012,0,2
2.631012,0,2
2.632012,0,2
2.633012,0,2
2.634012,0,2
2.635012,0,2
2.636012,0,2
2.637012,0,2
2.638012,0,2
2.639012,0,2
2.640012,0,2
2.641016,0,2
2.642012,0,2
2.643012,0,2
2.644012,0,2
2.645012,0,2
2.646024,0,2
2.647016,0,2
2.648012,0,2
2.649016,1,2
2.650016,1,2
2.651016,0,2
2.652012,0,2
2.653012,0,2
2.654012,0,2
2.655012,0,2
2.656012,0,2
2.657012,0,2
2.658012,0,2
2.659012,0,2
2.660012,0,2
2.661012,0,2
2.662012,0,2
2.663012,0,2
2.664012,0,2
2.665016,0,2
2.666012,0,2
2.667012,0,2
2.668012,0,2
2.669012,0,2
2.670012,0,2
2.671012,0,2
2.672012,0,2
2.673012,0,2
2.674012,0,2
2.675012,0,2
2.676012,0,2
2.677012,0,2
2.678012,0,2
2.679012,0,2
2.680012,0,2
2.681012,0,2
2.682012,0,2
2.683012,0,2
2.684012,0,2
2.685012,2,2
2.686012,0,2
2.687012,0,2
2.688012,0,2
2.689016,0,2
2.690016,1,2
2.691016,1,2
2.692012,0,2
2.693016,0,2
2.694012,0,2
2.695012,0,2
2.696012,0,2
2.697012,0,2
2.698012,0,2
2.699012,0,2
2.700012,0,2
2.701012,0,2
2.702012,0,2
2.703012,2,2
2.704012,0,2
2.705012,0,2
2.706012,0,2
2.707012,0,2
2.708012,0,2
2.709012,1,2
2.710012,0,2
2.711012,0,2
2.712012,0,2
2.713012,0,2
2.714012,0,2
2.715012,0,2
2.716012,0,2
2.717012,0,2
2.718012,0,2
2.719012,0,2
2.720012,0,2
2.721016,0,2
2.722012,0,2
2.723012,0,2
2.724012,0,2
2.725012,0,2
2.726012,0,2
2.727012,0,2
2.728012,0,2
2.729012,0,2
2.730012,0,2
2.731024,0,2
2.732016,0,2
2.733012,0,2
2.734012,0,2
2.735012,0,2
2.736012,0,2
2.737012,0,2
2.738012,0,2
2.739012,0,2
2.740012,0,2
2.741012,0,2
2.742012,0,2
2.743012,0,2
2.744012,0,2
2.745012,0,2
2.746012,0,2
2.747012,0,2
2.748012,0,2
2.749016,0,2
2.750012,0,2
2.751012,0,2
2.752012,0,2
2.753012,0,2
2.754012,0,2
2.755012,0,2
2.756012,0,2
2.757012,0,2
2.758012,0,2
2.759012,0,2
2.760012,0,2
2.761012,0,2
2.762012,0,2
2.763012,0,2
2.764012,0,2
2.765012,0,2
2.766012,0,2
2.767012,0,2
2.768012,0,2
2.769012,0,2
2.770012,0,2
2.771012,0,2
2.772012,0,2
2.773012,0,2
2.774012,0,2
2.775012,0,2
2.776012,0,2
2.777012,0,2
2.778012,0,2
2.779012,0,2
2.780012,0,2
2.781012,0,2
2.782012,0,2
2.783012,1,2
2.784016,0,2
2.785012,0,2
2.786012,0,2
2.787012,1,2
2.788012,0,2
2.789012,0,2
2.790012,0,2
2.791012,0,2
2.792012,0,2
2.793012,0,2
2.794012,0,2
2.795012,0,2
2.796012,0,2
2.797012,0,2
2.798012,0,2
2.799012,0,2
2.800012,0,2
2.801012,0,2
2.802012,0,2
2.803012,0,2
2.804012,0,2
2.805012,0,2
2.806012,0,2
2.807012,2,2
2.808012,0,2
2.809012,0,2
2.810012,0,2
2.811012,0,2
2.812012,0,2
2.813012,0,2
2.814012,0,2
2.815012,0,2
2.816016,0,2
2.817016,0,2
2.818016,0,2
2.819016,0,2
2.820012,0,2
2.821016,0,2
2.822012,0,2
2.823012,0,2
2.824012,0,2
2.825012,0,2
2.826012,0,2
2.827012,0,2
2.828012,0,2
2.829012,0,2
2.830012,0,2
2.831012,0,2
2.832012,0,2
2.833012,0,2
2.834016,0,2
2.835012,0,2
2.836012,0,2
2.837012,0,2
2.838012,0,2
2.839012,0,2
2.840012,0,2
2.841012,0,2
2.842012,0,2
2.843012,0,2
2.844012,0,2
2.845012,0,2
2.846012,0,2
2.847012,0,2
2.848012,0,2
2.849012,0,2
2.850012,0,2
2.851012,0,2
2.852012,0,2
2.853012,0,2
2.854012,0,2
2.855012,0,2
2.856012,0,2
2.857012,0,2
2.858012,0,2
2.85902,0,2
2.860012,0,2
2.861012,0,2
2.862012,0,2
2.863012,0,2
2.864012,3,2
2.865012,0,2
2.866012,0,2
2.867012,0,2
2.868016,1,2
2.869012,0,2
2.870012,0,2
2.871012,0,2
2.872012,0,2
2.873012,0,2
2.874012,0,2
2.875012,0,2
2.876012,0,2
2.877016,0,2
2.878012,0,2
2.879012,0,2
2.880012,0,2
2.881016,0,2
2.882012,0,2
2.883012,0,2
2.884012,0,2
2.885012,0,2
2.886012,0,2
2.887012,0,2
2.888012,0,2
2.889012,0,2
2.890012,0,2
2.891012,0,2
2.892012,0,2
2.893012,0,2
2.894012,0,2
2.895012,0,2
2.896012,0,2
2.897012,0,2
2.898012,1,2
2.899012,0,2
2.900012,0,2
2.901012,0,2
2.902012,0,2
2.903012,0,2
2.904012,0,2
2.905012,0,2
2.906012,0,2
2.907012,0,2
2.908012,0,2
2.909012,0,2
2.910012,0,2
2.911012,0,2
2.912012,1,2
2.913012,0,2
2.914012,0,2
2.915012,0,2
2.916012,0,2
2.917012,0,2
2.918012,0,2
2.919012,0,2
2.920012,0,2
2.921012,0,2
2.922012,0,2
2.923012,0,2
2.924012,0,2
2.925012,0,2
2.926012,0,2
2.927012,0,2
2.928012,0,2
2.929012,0,2
2.930012,0,2
2.931012,0,2
2.932016,0,2
2.933012,0,2
2.934012,0,2
2.935012,0,2
2.936012,0,2
2.937012,0,2
2.938012,0,2
2.939012,0,2
2.940012,0,2
2.941012,0,2
2.942012,0,2
2.943012,1,2
2.944016,1,2
2.945016,2,2
2.946012,0,2
2.947012,0,2
2.948012,0,2
2.949012,0,2
2.950012,0,2
2.951012,0,2
2.952012,0,2
2.953012,0,2
2.954012,0,2
2.955012,0,2
2.956012,0,2
2.957012,0,2
2.958012,0,2
2.959012,0,2
2.960012,0,2
2.961012,0,2
2.962016,0,2
2.963012,0,2
2.964012,0,2
2.965012,0,2
2.966012,0,2
2.967012,0,2
2.968012,0,2
2.969012,0,2
2.970012,0,2
2.971012,0,2
2.972012,0,2
2.973012,0,2
2.974012,0,2
2.975012,0,2
2.976012,0,2
2.977012,0,2
2.978012,0,2
2.979012,0,2
2.980012,0,2
2.981012,0,2
2.982012,0,2
2.983012,2,2
2.984012,0,2
2.985012,0,2
2.986012,0,2
2.98702,0,2
2.988012,0,2
2.989012,0,2
2.990012,0,2
2.991012,0,2
2.992012,0,2
2.993012,0,2
2.994012,0,2
2.995012,0,2
2.996016,0,2
2.997012,0,2
2.998012,0,2
2.999012,0,2
3.000016,0,2
3.001012,0,3
3.002012,0,3
3.003012,0,3
3.004012,0,3
3.005016,0,3
3.006012,0,3
3.007012,0,3
3.008016,0,3
3.009012,0,3
3.010012,0,3
3.011012,2,3
3.012012,1,3
3.013012,0,3
3.014012,0,3
3.015012,0,3
3.016016,0,3
3.017012,0,3
3.018012,0,3
3.019012,0,3
3.020016,0,3
3.021016,0,3
3.022012,0,3
3.023012,0,3
3.024016,2,3
3.025012,1,3
3.026012,0,3
3.027012,0,3
3.028016,0,3
3.029012,0,3
3.030012,0,3
3.031012,0,3
3.032016,0,3
3.033012,0,3
3.034012,0,3
3.035012,0,3
3.036016,0,3
3.037012,0,3
3.038012,0,3
3.039016,0,3
3.040016,0,3
3.041012,0,3
3.042012,0,3
3.043012,2,3
3.044012,1,3
3.045012,0,3
3.046012,0,3
3.047016,0,3
3.048012,0,3
3.049012,0,3
3.050012,0,3
3.051012,0,3
3.052016,0,3
3.053012,0,3
3.054012,0,3
3.055012,0,3
3.056016,0,3
3.057012,0,3
3.058012,0,3
3.059012,0,3
3.060016,0,3
3.061012,0,3
3.062016,0,3
3.063012,0,3
3.064016,0,3
3.065012,0,3
3.066016,0,3
3.067016,0,3
3.068016,0,3
3.069016,0,3
3.070016,0,3
3.071016,0,3
3.072016,0,3
3.073016,0,3
3.074016,0,3
3.075016,0,3
3.076012,0,3
3.077012,0,3
3.078012,0,3
3.079012,0,3
3.080012,0,3
3.081012,0,3
3.082012,0,3
3.083012,0,3
3.084012,1,3
3.085012,0,3
3.086012,1,3
3.087012,0,3
3.088012,0,3
3.089012,0,3
3.090016,0,3
3.091012,0,3
3.092016,0,3
3.093012,0,3
3.094012,0,3
3.095012,0,3
3.096012,0,3
3.097012,0,3
3.098012,0,3
3.099012,0,3
3.100012,0,3
3.101012,0,3
3.102012,0,3
3.103012,0,3
3.104016,0,3
3.105012,0,3
3.106012,0,3
3.107012,0,3
3.108016,0,3
3.109012,0,3
3.110016,0,3
3.111016,0,3
3.112016,0,3
3.113012,0,3
3.114012,0,3
3.11502,0,3
3.116012,0,3
3.117012,0,3
3.118012,0,3
3.119012,0,3
3.120012,0,3
3.121012,0,3
3.122012,0,3
3.123012,0,3
3.124016,0,3
3.125012,0,3
3.126012,0,3
3.127012,1,3
3.128012,0,3
3.129012,0,3
3.130012,0,3
3.131012,0,3
3.132012,0,3
3.133016,0,3
3.134016,0,3
3.135012,0,3
3.136016,0,3
3.137012,0,3
3.138012,0,3
3.139012,0,3
3.140012,0,3
3.141012,1,3
3.142012,2,3
3.143012,0,3
3.144016,0,3
3.145012,0,3
3.146012,0,3
3.147012,0,3
3.148016,0,3
3.149016,1,3
3.150012,0,3
3.151012,0,3
3.152016,0,3
3.153012,0,3
3.154016,0,3
3.155012,0,3
3.156016,0,3
3.157012,0,3
3.158012,0,3
3.159016,0,3
3.160012,0,3
3.161012,0,3
3.162012,0,3
3.163012,0,3
3.164016,0,3
3.165012,0,3
3.166012,0,3
3.167016,0,3
3.168016,0,3
3.169012,0,3
3.170016,0,3
3.171012,0,3
3.172016,0,3
3.173012,0,3
3.174016,0,3
3.175016,0,3
3.176016,0,3
3.177012,0,3
3.178012,0,3
3.179012,0,3
3.180016,0,3
3.181012,0,3
3.182012,0,3
3.183016,0,3
3.184016,0,3
3.185012,0,3
3.186012,0,3
3.187016,0,3
3.188016,1,3
3.189012,0,3
3.190016,0,3
3.191016,0,3
3.192016,0,3
3.193016,0,3
3.194016,0,3
3.195016,0,3
3.196016,0,3
3.197016,0,3
3.198016,0,3
3.199016,0,3
3.200016,0,3
3.201016,2,3
3.202016,0,3
3.203016,0,3
3.204012,0,3
3.205016,0,3
3.206012,0,3
3.207012,0,3
3.208012,0,3
3.209012,0,3
3.210012,0,3
3.211012,0,3
3.212012,0,3
3.213012,0,3
3.214012,0,3
3.215012,0,3
3.216012,0,3
3.217012,0,3
3.218016,0,3
3.219012,0,3
3.220012,0,3
3.221012,0,3
3.222012,0,3
3.223012,0,3
3.224012,1,3
3.225012,0,3
3.226012,0,3
3.227012,0,3
3.228012,2,3
3.229012,1,3
3.230012,0,3
3.231012,0,3
3.232012,0,3
3.233012,1,3
3.234012,0,3
3.235012,0,3
3.236012,0,3
3.237012,0,3
3.238012,0,3
3.239012,0,3
3.240012,0,3
3.241012,0,3
3.242012,4,3
3.24302,2,3
3.244012,0,3
3.245012,0,3
3.246012,0,3
3.247012,3,3
3.248012,2,3
3.249012,0,3
3.250012,0,3
3.251012,0,3
3.252016,0,3
3.253012,0,3
3.254012,0,3
3.255012,0,3
3.256016,0,3
3.257012,0,3
3.258012,0,3
3.259012,0,3
3.260012,0,3
3.261016,0,3
3.262012,0,3
3.263012,0,3
3.264016,0,3
3.265012,0,3
3.266012,0,3
3.267012,0,3
3.268012,0,3
3.269012,0,3
3.270012,0,3
3.271012,0,3
3.272016,0,3
3.273012,0,3
3.274012,0,3
3.275012,0,3
3.276016,0,3
3.277016,0,3
3.278012,0,3
3.279012,0,3
3.280012,0,3
3.281016,0,3
3.282012,0,3
3.283016,0,3
3.284012,0,3
3.285012,0,3
3.28602,1,3
3.287012,0,3
3.288012,0,3
3.289016,1,3
3.290016,0,3
3.291016,0,3
3.292012,0,3
3.293012,0,3
3.294012,1,3
3.295012,1,3
3.296012,0,3
3.297012,0,3
3.298012,0,3
3.299012,0,3
3.300012,0,3
3.301012,0,3
3.302012,0,3
3.303012,0,3
3.304012,0,3
3.305012,0,3
3.306012,0,3
3.307012,0,3
3.308012,1,3
3.309012,0,3
3.310012,0,3
3.311012,0,3
3.312012,0,3
3.313012,0,3
3.314012,0,3
3.315012,0,3
3.316016,0,3
3.317012,0,3
3.318012,0,3
3.319012,0,3
3.320012,0,3
3.321012,0,3
3.322012,0,3
3.323012,0,3
3.324012,0,3
3.325012,0,3
3.326012,0,3
3.327012,0,3
3.328012,0,3
3.329016,0,3
3.330016,0,3
3.331016,0,3
3.332012,0,3
3.333016,0,3
3.334012,0,3
3.335012,0,3
3.336012,0,3
3.337012,0,3
3.338012,0,3
3.339012,0,3
3.340012,0,3
3.341012,0,3
3.342012,0,3
3.343012,0,3
3.344012,0,3
3.345012,0,3
3.346012,0,3
3.347012,0,3
3.348012,0,3
3.349012,0,3
3.350012,0,3
3.351012,0,3
3.352012,0,3
3.353012,0,3
3.354012,0,3
3.355012,0,3
3.356012,0,3
3.357012,0,3
3.358012,1,3
3.359012,1,3
3.360012,0,3
3.361016,0,3
3.362012,0,3
3.363012,0,3
3.364012,1,3
3.365012,1,3
3.366012,0,3
3.367012,0,3
3.368012,0,3
3.369012,0,3
3.370012,0,3
3.371016,0,3
3.372012,0,3
3.373016,0,3
3.374012,0,3
3.375012,0,3
3.376012,0,3
3.377012,0,3
3.378012,0,3
3.379012,0,3
3.380012,0,3
3.381012,0,3
3.382012,0,3
3.383012,2,3
3.384012,1,3
3.385012,0,3
3.386012,0,3
3.387012,0,3
3.388012,0,3
3.389016,0,3
3.390012,1,3
3.391012,0,3
3.392012,0,3
3.393012,0,3
3.394012,0,3
3.395012,0,3
3.396012,0,3
3.397012,0,3
3.398012,0,3
3.399012,0,3
3.400012,0,3
3.401012,0,3
3.402012,0,3
3.403012,0,3
3.404012,0,3
3.405012,0,3
3.406012,0,3
3.407012,0,3
3.408012,0,3
3.409012,0,3
3.410012,0,3
3.411012,1,3
3.412012,0,3
3.413012,0,3
3.414012,0,3
3.415012,0,3
3.416012,0,3
3.417012,0,3
3.418012,0,3
3.419012,0,3
3.420012,0,3
3.421012,0,3
3.422012,0,3
3.423012,1,3
3.424012,0,3
3.425012,0,3
3.426012,0,3
3.427012,0,3
3.428012,0,3
3.429012,0,3
3.430012,0,3
3.431016,1,3
3.432012,0,3
3.433012,0,3
3.434012,0,3
3.435012,0,3
3.436012,0,3
3.437012,0,3
3.438012,0,3
3.439012,0,3
3.440016,0,3
3.441012,0,3
3.442012,2,3
3.443012,6,3
3.444012,4,3
3.445012,0,3
3.446012,0,3
3.447012,0,3
3.448012,0,3
3.449012,0,3
3.450012,0,3
3.451012,1,3
3.452012,0,3
3.453012,0,3
3.454012,0,3
3.455012,0,3
3.456016,0,3
3.457016,0,3
3.458012,0,3
3.459012,0,3
3.460012,0,3
3.461012,0,3
3.462012,0,3
3.463012,0,3
3.464012,0,3
3.465012,0,3
3.466012,2,3
3.467012,0,3
3.468012,0,3
3.469012,0,3
3.470012,0,3
3.471012,0,3
3.472012,0,3
3.473012,0,3
3.474016,0,3
3.475012,2,3
3.476016,0,3
3.477012,0,3
3.478012,0,3
3.479012,0,3
3.480016,0,3
3.481012,1,3
3.482016,0,3
3.483012,0,3
3.484012,0,3
3.485012,0,3
3.486012,0,3
3.487012,2,3
3.488012,0,3
3.489012,0,3
3.490012,0,3
3.491012,0,3
3.492012,0,3
3.493012,0,3
3.494012,0,3
3.495012,0,3
3.496012,0,3
3.497012,0,3
3.498012,0,3
3.49902,0,3
3.500012,0,3
3.501012,0,3
3.502012,0,3
3.503012,0,3
3.504012,0,3
3.505012,0,3
3.506012,0,3
3.507012,2,3
3.508016,0,3
3.509012,0,3
3.510012,0,3
3.511012,0,3
3.512016,0,3
3.513012,0,3
3.514012,0,3
3.515012,0,3
3.516016,0,3
3.517016,0,3
3.518016,0,3
3.519016,0,3
3.520016,0,3
3.521012,0,3
3.522012,0,3
3.523012,0,3
3.524012,1,3
3.525012,0,3
3.526012,0,3
3.527012,0,3
3.528012,0,3
3.529012,0,3
3.530012,0,3
3.531012,0,3
3.532012,0,3
3.533012,0,3
3.534012,0,3
3.535012,0,3
3.536012,0,3
3.537012,0,3
3.538012,0,3
3.539012,0,3
3.540012,0,3
3.541012,0,3
3.542012,0,3
3.543012,0,3
3.544012,1,3
3.545012,0,3
3.546012,0,3
3.547012,0,3
3.548012,0,3
3.549012,0,3
3.550012,0,3
3.551012,0,3
3.552016,0,3
3.553012,0,3
3.554012,0,3
3.555012,0,3
3.556012,0,3
3.557012,0,3
3.558016,0,3
3.559016,0,3
3.560012,0,3
3.561012,2,3
3.562012,0,3
3.563012,0,3
3.564016,0,3
3.565012,0,3
3.566012,0,3
3.567012,0,3
3.568012,1,3
3.569012,1,3
3.570012,0,3
3.571012,0,3
3.572016,0,3
3.573012,0,3
3.574012,0,3
3.575012,0,3
3.576016,2,3
3.577012,0,3
3.578016,0,3
3.579012,0,3
3.580016,0,3
3.581016,1,3
3.582016,3,3
3.583016,0,3
3.584016,0,3
3.585016,0,3
3.586012,0,3
3.587012,0,3
3.588012,2,3
3.589016,1,3
3.590012,0,3
3.591012,0,3
3.592012,0,3
3.593012,0,3
3.594012,0,3
3.595012,0,3
3.596012,0,3
3.597012,0,3
3.598012,0,3
3.599012,0,3
3.600016,0,3
3.601012,1,3
3.602016,1,3
3.603012,0,3
3.604012,0,3
3.605012,0,3
3.606012,0,3
3.607012,0,3
3.608012,0,3
3.609012,1,3
3.610012,1,3
3.611012,0,3
3.612012,0,3
3.613012,0,3
3.614012,0,3
3.615012,0,3
3.616012,0,3
3.617012,0,3
3.618012,0,3
3.619012,0,3
3.620012,0,3
3.621012,0,3
3.622012,0,3
3.623012,0,3
3.624012,0,3
3.625012,0,3
3.626012,1,3
3.62702,0,3
3.628012,0,3
3.629012,0,3
3.630012,0,3
3.631012,0,3
3.632012,0,3
3.633012,0,3
3.634012,0,3
3.635012,0,3
3.636016,0,3
3.637012,0,3
3.638012,0,3
3.639012,0,3
3.640012,0,3
3.641012,0,3
3.642012,0,3
3.643012,0,3
3.644012,0,3
3.645016,0,3
3.646012,0,3
3.647012,0,3
3.648012,0,3
3.649012,0,3
3.650012,0,3
3.651012,0,3
3.652012,0,3
3.653012,0,3
3.654012,0,3
3.655012,0,3
3.656012,0,3
3.657012,0,3
3.658012,0,3
3.659012,0,3
3.660012,2,3
3.661012,2,3
3.662012,0,3
3.663012,0,3
3.664016,0,3
3.665012,0,3
3.666012,1,3
3.667012,1,3
3.668012,0,3
3.669012,0,3
3.670012,0,3
3.671012,0,3
3.672012,0,3
3.673012,0,3
3.674012,0,3
3.675012,0,3
3.676016,0,3
3.677012,0,3
3.678012,0,3
3.679016,0,3
3.680016,0,3
3.681012,0,3
3.682012,0,3
3.683012,0,3
3.684012,0,3
3.685012,0,3
3.686016,0,3
3.687016,0,3
3.688012,0,3
3.689012,0,3
3.690012,0,3
3.691012,0,3
3.692012,0,3
3.693012,0,3
3.694012,0,3
3.695012,0,3
3.696012,0,3
3.697012,0,3
3.698012,0,3
3.699012,0,3
3.700012,0,3
3.701012,0,3
3.702012,0,3
3.703012,1,3
3.704012,0,3
3.705012,0,3
3.706012,0,3
3.707012,0,3
3.708012,1,3
3.709012,0,3
3.710012,0,3
3.711012,0,3
3.712016,0,3
3.713016,0,3
3.714012,0,3
3.715012,0,3
3.716012,0,3
3.717012,0,3
3.718012,0,3
3.719012,0,3
3.720012,0,3
3.721012,0,3
3.722012,0,3
3.723012,1,3
3.724012,0,3
3.725012,0,3
3.726012,0,3
3.727012,1,3
3.728016,1,3
3.729012,0,3
3.730016,0,3
3.731012,0,3
3.732012,0,3
3.733012,0,3
3.734012,0,3
3.735012,0,3
3.736016,0,3
3.737012,0,3
3.738016,0,3
3.739012,0,3
3.740012,0,3
3.741012,1,3
3.742012,0,3
3.743012,0,3
3.744016,0,3
3.745012,0,3
3.746012,0,3
3.747012,0,3
3.748016,1,3
3.749012,0,3
3.750012,0,3
3.751016,0,3
3.752016,0,3
3.753012,0,3
3.754012,0,3
3.75502,0,3
3.756012,0,3
3.757012,0,3
3.758012,0,3
3.759012,0,3
3.760012,0,3
3.761012,0,3
3.762012,0,3
3.763012,0,3
3.764016,1,3
3.765012,2,3
3.766012,0,3
3.767012,0,3
3.768016,0,3
3.769012,0,3
3.770012,0,3
3.771012,0,3
3.772012,0,3
3.773016,0,3
3.774012,0,3
3.775012,0,3
3.776016,0,3
3.777012,0,3
3.778012,0,3
3.779012,0,3
3.780012,0,3
3.781012,0,3
3.782012,0,3
3.783012,1,3
3.784016,0,3
3.785012,0,3
3.786012,0,3
3.787012,0,3
3.788016,0,3
3.789016,0,3
3.790012,0,3
3.791012,0,3
3.792016,0,3
3.793012,0,3
3.794012,0,3
3.795012,0,3
3.796016,0,3
3.797012,0,3
3.798012,0,3
3.799012,0,3
3.800012,0,3
3.801012,0,3
3.802012,2,3
3.803012,0,3
3.804016,0,3
3.805012,0,3
3.806012,0,3
3.807016,0,3
3.808016,1,3
3.809012,0,3
3.810012,0,3
3.811012,0,3
3.812016,0,3
3.813012,0,3
3.814016,0,3
3.815016,0,3
3.816016,0,3
3.817012,0,3
3.818012,0,3
3.819012,0,3
3.820016,0,3
3.821012,0,3
3.822012,1,3
3.823016,2,3
3.824016,0,3
3.825012,0,3
3.826016,0,3
3.827016,0,3
3.828016,0,3
3.829012,0,3
3.830016,0,3
3.831016,0,3
3.832016,0,3
3.833016,0,3
3.834016,0,3
3.835016,0,3
3.836016,0,3
3.837016,0,3
3.838016,0,3
3.839016,0,3
3.840012,0,3
3.841016,0,3
3.842012,0,3
3.843012,0,3
3.844012,0,3
3.845012,0,3
3.846012,1,3
3.847012,0,3
3.848012,0,3
3.849012,0,3
3.850012,0,3
3.851012,0,3
3.852012,0,3
3.853012,0,3
3.854012,0,3
3.855012,0,3
3.856012,0,3
3.857012,0,3
3.858016,0,3
3.859012,0,3
3.860012,1,3
3.861012,0,3
3.862012,0,3
3.863012,0,3
3.864016,0,3
3.865012,0,3
3.866012,0,3
3.867012,0,3
3.868012,1,3
3.869012,0,3
3.870012,0,3
3.871012,0,3
3.872012,0,3
3.873012,0,3
3.874012,0,3
3.875012,0,3
3.876012,0,3
3.877012,0,3
3.878012,0,3
3.879016,0,3
3.880016,0,3
3.881012,0,3
3.882012,0,3
3.88302,0,3
3.884012,0,3
3.885012,0,3
3.886012,0,3
3.887012,0,3
3.888012,1,3
3.889012,0,3
3.890012,0,3
3.891012,0,3
3.892016,0,3
3.893012,0,3
3.894012,0,3
3.895012,0,3
3.896012,0,3
3.897012,0,3
3.898012,0,3
3.899012,0,3
3.900012,0,3
3.901016,2,3
3.902016,1,3
3.903012,0,3
3.904016,0,3
3.905012,0,3
3.906012,1,3
3.907012,0,3
3.908012,0,3
3.909012,0,3
3.910012,0,3
3.911016,0,3
3.912016,0,3
3.913012,0,3
3.914012,0,3
3.915012,0,3
3.916016,0,3
3.917016,0,3
3.918012,0,3
3.919016,0,3
3.920016,0,3
3.921012,0,3
3.922012,0,3
3.923012,0,3
3.924016,3,3
3.925012,0,3
3.926012,0,3
3.927016,0,3
3.928012,1,3
3.929012,4,3
3.930012,0,3
3.931012,0,3
3.932016,0,3
3.933016,0,3
3.934012,0,3
3.935012,0,3
3.936012,0,3
3.937012,0,3
3.938012,0,3
3.939012,0,3
3.940012,0,3
3.941012,0,3
3.942012,0,3
3.943012,2,3
3.944012,0,3
3.945012,0,3
3.946012,0,3
3.947012,0,3
3.948012,0,3
3.949012,0,3
3.950012,0,3
3.951012,0,3
3.952016,0,3
3.953012,0,3
3.954012,0,3
3.955012,0,3
3.956016,0,3
3.957012,0,3
3.958012,0,3
3.959012,0,3
3.960016,0,3
3.961012,0,3
3.962012,0,3
3.963012,0,3
3.964012,1,3
3.965012,1,3
3.966012,0,3
3.967016,0,3
3.968016,0,3
3.969016,0,3
3.970012,2,3
3.971012,1,3
3.972012,0,3
3.973012,0,3
3.974012,0,3
3.975012,0,3
3.976012,0,3
3.977012,0,3
3.978012,0,3
3.979012,0,3
3.980012,0,3
3.981012,0,3
3.982012,0,3
3.983012,0,3
3.984016,0,3
3.985012,0,3
3.986016,0,3
3.987012,0,3
3.988016,0,3
3.989012,0,3
3.990012,0,3
3.991016,0,3
3.992016,0,3
3.993012,0,3
3.994016,0,3
3.995012,0,3
3.996012,0,3
3.997012,0,3
3.998012,0,3
3.999016,0,3
4.000016,0,3
4.001012,0,4
4.002012,0,4
4.003012,3,4
4.004012,0,4
4.005012,0,4
4.006012,0,4
4.007012,0,4
4.008012,2,4
4.009012,1,4
4.010012,0,4
4.01102,0,4
4.012012,0,4
4.013012,0,4
4.014012,0,4
4.015012,0,4
4.016012,0,4
4.017012,0,4
4.018012,0,4
4.019012,0,4
4.020012,0,4
4.021012,1,4
4.022012,0,4
4.023012,0,4
4.024012,0,4
4.025012,0,4
4.026012,0,4
4.027012,0,4
4.028012,0,4
4.029016,0,4
4.030012,0,4
4.031012,0,4
4.032016,0,4
4.033012,0,4
4.034012,0,4
4.035012,0,4
4.036012,0,4
4.037012,0,4
4.038012,0,4
4.039012,0,4
4.040012,0,4
4.041012,0,4
4.042012,0,4
4.043012,0,4
4.044012,0,4
4.045012,0,4
4.046012,0,4
4.047012,0,4
4.048012,0,4
4.049012,0,4
4.050012,0,4
4.051012,0,4
4.052016,0,4
4.053012,0,4
4.054012,0,4
4.055012,0,4
4.056012,0,4
4.057012,0,4
4.058012,0,4
4.059012,0,4
4.060012,0,4
4.061012,0,4
4.062012,0,4
4.063012,1,4
4.064016,0,4
4.065012,0,4
4.066012,1,4
4.067012,0,4
4.068012,0,4
4.069012,0,4
4.070016,0,4
4.071016,0,4
4.072016,0,4
4.073012,0,4
4.074012,0,4
4.075012,0,4
4.076016,0,4
4.077012,0,4
4.078012,0,4
4.079016,0,4
4.080016,0,4
4.081012,0,4
4.082012,0,4
4.083012,2,4
4.084016,0,4
4.085012,0,4
4.086012,0,4
4.087012,0,4
4.088016,3,4
4.089012,0,4
4.090016,0,4
4.091012,0,4
4.092016,0,4
4.093016,0,4
4.094016,0,4
4.095016,0,4
4.096016,0,4
4.097012,0,4
4.098016,0,4
4.099016,0,4
4.100016,0,4
4.101016,0,4
4.102016,0,4
4.103012,0,4
4.104012,0,4
4.105016,0,4
4.106012,0,4
4.107012,0,4
4.108012,0,4
4.109012,0,4
4.110012,0,4
4.111012,0,4
4.112012,0,4
4.113012,0,4
4.114012,0,4
4.115012,0,4
4.116012,0,4
4.117012,0,4
4.118012,0,4
4.119012,0,4
4.120012,0,4
4.121012,0,4
4.122012,0,4
4.123012,0,4
4.124012,0,4
4.125012,0,4
4.126012,0,4
4.127012,2,4
4.128012,0,4
4.129016,0,4
4.130012,0,4
4.131012,0,4
4.132012,0,4
4.133012,0,4
4.134012,0,4
4.135012,0,4
4.136012,0,4
4.137012,0,4
4.138012,0,4
4.139024,0,4
4.140016,0,4
4.141012,0,4
4.142012,0,4
4.143012,0,4
4.144012,0,4
4.145012,0,4
4.146012,0,4
4.147012,0,4
4.148012,0,4
4.149012,0,4
4.150012,0,4
4.151012,0,4
4.152012,0,4
4.153012,0,4
4.154012,0,4
4.155012,0,4
4.156012,0,4
4.157016,0,4
4.158012,0,4
4.159012,0,4
4.160012,0,4
4.161016,0,4
4.162012,0,4
4.163012,0,4
4.164012,0,4
4.165012,0,4
4.166012,0,4
4.167012,0,4
4.168012,1,4
4.169012,0,4
4.170012,0,4
4.171012,0,4
4.172012,0,4
4.173012,0,4
4.174012,0,4
4.175012,0,4
4.176012,0,4
4.177012,0,4
4.178012,0,4
4.179012,0,4
4.180012,0,4
4.181012,0,4
4.182024,0,4
4.183016,0,4
4.184012,0,4
4.185016,1,4
4.186012,0,4
4.187016,0,4
4.188012,0,4
4.189012,0,4
4.190012,0,4
4.191012,0,4
4.192012,0,4
4.193012,0,4
4.194012,0,4
4.195012,0,4
4.196012,0,4
4.197012,0,4
4.198012,0,4
4.199012,0,4
4.200012,0,4
4.201012,0,4
4.202012,0,4
4.203012,0,4
4.204012,0,4
4.205012,0,4
4.206012,0,4
4.207012,0,4
4.208012,0,4
4.209012,0,4
4.210012,0,4
4.211012,0,4
4.212016,0,4
4.213012,0,4
4.214012,0,4
4.215012,0,4
4.216012,0,4
4.217012,0,4
4.218012,0,4
4.219012,0,4
4.220012,0,4
4.221012,0,4
4.222012,0,4
4.223012,0,4
4.224016,0,4
4.225016,0,4
4.226012,0,4
4.227016,0,4
4.228012,0,4
4.229016,0,4
4.230012,0,4
4.231012,0,4
4.232012,0,4
4.233012,0,4
4.234012,0,4
4.235012,0,4
4.236012,0,4
4.237012,0,4
4.238012,0,4
4.239012,0,4
4.240016,0,4
4.241012,0,4
4.242016,0,4
4.243012,0,4
4.244012,0,4
4.245012,0,4
4.246012,0,4
4.247012,0,4
4.248012,0,4
4.249012,0,4
4.250012,0,4
4.251012,0,4
4.252012,0,4
4.253012,0,4
4.254012,0,4
4.255012,0,4
4.256012,0,4
4.257012,0,4
4.258012,0,4
4.259012,0,4
4.260012,0,4
4.261012,0,4
4.262012,0,4
4.263012,2,4
4.264012,0,4
4.265012,0,4
4.266012,0,4
4.267016,0,4
4.268012,0,4
4.269012,0,4
4.270012,0,4
4.271012,0,4
4.272012,0,4
4.273012,0,4
4.274012,0,4
4.275012,0,4
4.276012,1,4
4.277012,0,4
4.278012,0,4
4.279012,0,4
4.280012,0,4
4.281012,0,4
4.282012,0,4
4.283012,2,4
4.284012,1,4
4.285016,0,4
4.286012,0,4
4.287012,0,4
4.288012,0,4
4.289012,0,4
4.290012,1,4
4.291012,0,4
4.292012,0,4
4.293012,0,4
4.294012,0,4
4.295012,0,4
4.296012,0,4
4.297012,0,4
4.298012,0,4
4.299012,0,4
4.300012,0,4
4.301012,0,4
4.302012,0,4
4.303012,0,4
4.304012,0,4
4.305012,0,4
4.306012,1,4
4.307012,0,4
4.308012,0,4
4.309012,0,4
4.310012,0,4
4.311012,0,4
4.312012,0,4
4.313012,0,4
4.314012,0,4
4.315012,0,4
4.316012,0,4
4.317012,0,4
4.318012,0,4
4.319012,0,4
4.320016,0,4
4.321012,0,4
4.322012,0,4
4.323012,1,4
4.324012,0,4
4.325012,0,4
4.326012,0,4
4.327012,0,4
4.328012,0,4
4.329012,0,4
4.330012,0,4
4.331012,0,4
4.332012,0,4
4.333012,0,4
4.334012,0,4
4.335012,0,4
4.336016,0,4
4.337012,0,4
4.338012,0,4
4.339012,0,4
4.340016,0,4
4.341012,0,4
4.342012,1,4
4.343012,0,4
4.344012,0,4
4.345012,0,4
4.346012,0,4
4.347012,0,4
4.348012,0,4
4.349012,0,4
4.350012,0,4
4.351012,0,4
4.352016,0,4
4.353016,0,4
4.354012,0,4
4.355012,0,4
4.356012,0,4
4.357016,0,4
4.358012,0,4
4.359012,0,4
4.360012,0,4
4.361012,0,4
4.362012,0,4
4.363012,0,4
4.364012,0,4
4.365012,0,4
4.366012,0,4
4.367012,1,4
4.368012,1,4
4.369012,0,4
4.370016,1,4
4.371012,0,4
4.372016,0,4
4.373012,0,4
4.374012,0,4
4.375012,0,4
4.376016,0,4
4.377012,0,4
4.378016,0,4
4.379012,0,4
4.380012,0,4
4.381012,0,4
4.382012,1,4
4.383012,1,4
4.384012,0,4
4.385012,0,4
4.386012,0,4
4.387012,0,4
4.388012,0,4
4.389012,0,4
4.390012,0,4
4.391016,0,4
4.392016,0,4
4.393012,0,4
4.394012,0,4
4.39502,0,4
4.396012,0,4
4.397012,0,4
4.398012,0,4
4.399012,0,4
4.400012,0,4
4.401012,0,4
4.402012,1,4
4.403012,0,4
4.404016,0,4
4.405012,0,4
4.406012,1,4
4.407012,0,4
4.408012,0,4
4.409012,0,4
4.410012,0,4
4.411012,0,4
4.412012,0,4
4.413016,0,4
4.414012,0,4
4.415012,0,4
4.416016,0,4
4.417012,0,4
4.418012,0,4
4.419012,0,4
4.420012,0,4
4.421012,0,4
4.422012,0,4
4.423012,0,4
4.424016,0,4
4.425012,0,4
4.426012,0,4
4.427012,0,4
4.428012,0,4
4.429012,0,4
4.430012,0,4
4.431012,0,4
4.432012,0,4
4.433012,0,4
4.434012,0,4
4.435012,0,4
4.436012,0,4
4.437012,0,4
4.438012,0,4
4.439012,0,4
4.440012,0,4
4.441012,0,4
4.442012,0,4
4.443012,0,4
4.444012,0,4
4.445012,0,4
4.446012,0,4
4.447012,0,4
4.448012,0,4
4.449012,0,4
4.450012,0,4
4.451012,0,4
4.452016,0,4
4.453012,0,4
4.454016,0,4
4.455016,0,4
4.456012,0,4
4.457012,0,4
4.458012,0,4
4.459012,0,4
4.460016,0,4
4.461012,0,4
4.462012,0,4
4.463016,0,4
4.464016,0,4
4.465012,0,4
4.466012,0,4
4.467012,1,4
4.468016,0,4
4.469012,0,4
4.470012,0,4
4.471012,0,4
4.472016,0,4
4.473012,0,4
4.474016,0,4
4.475016,0,4
4.476016,0,4
4.477016,0,4
4.478016,0,4
4.479016,0,4
4.480016,0,4
4.481016,0,4
4.482012,1,4
4.483012,0,4
4.484012,0,4
4.485012,0,4
4.486012,0,4
4.487012,1,4
4.488012,0,4
4.489012,0,4
4.490012,0,4
4.491012,0,4
4.492012,0,4
4.493012,0,4
4.494012,0,4
4.495012,0,4
4.496016,0,4
4.497012,0,4
4.498016,0,4
4.499012,0,4
4.500016,1,4
4.501012,0,4
4.502012,0,4
4.503012,0,4
4.504016,0,4
4.505012,0,4
4.506016,2,4
4.507012,2,4
4.508012,0,4
4.509012,0,4
4.510012,0,4
4.511012,0,4
4.512012,0,4
4.513012,0,4
4.514012,0,4
4.515012,0,4
4.516012,0,4
4.517012,0,4
4.518012,0,4
4.519012,0,4
4.520012,1,4
4.521012,1,4
4.522012,0,4
4.52302,0,4
4.524012,0,4
4.525012,2,4
4.526012,3,4
4.527012,0,4
4.528012,0,4
4.529012,0,4
4.530012,0,4
4.531012,0,4
4.532016,0,4
4.533012,0,4
4.534012,0,4
4.535012,0,4
4.536016,0,4
4.537012,0,4
4.538012,0,4
4.539012,0,4
4.540012,2,4
4.541016,0,4
4.542012,0,4
4.543012,0,4
4.544016,0,4
4.545012,0,4
4.546012,0,4
4.547012,0,4
4.548012,0,4
4.549012,0,4
4.550012,0,4
4.551012,0,4
4.552016,0,4
4.553012,0,4
4.554012,0,4
4.555012,0,4
4.556016,0,4
4.557016,0,4
4.558012,0,4
4.559012,0,4
4.560016,0,4
4.561012,0,4
4.562012,0,4
4.563012,0,4
4.564012,0,4
4.565012,1,4
4.566012,1,4
4.567012,0,4
4.568012,0,4
4.569012,0,4
4.570012,0,4
4.571012,0,4
4.572016,0,4
4.573012,0,4
4.574012,0,4
4.575016,0,4
4.576016,0,4
4.577012,0,4
4.578012,0,4
4.579012,0,4
4.580016,0,4
4.581012,0,4
4.582016,0,4
4.583016,2,4
4.584016,0,4
4.585012,0,4
4.586012,0,4
4.587012,0,4
4.588016,1,4
4.589012,2,4
4.590012,0,4
4.591012,0,4
4.592016,0,4
4.593012,0,4
4.594012,0,4
4.595012,0,4
4.596016,0,4
4.597012,0,4
4.598012,0,4
4.599012,0,4
4.600016,0,4
4.601012,2,4
4.602012,4,4
4.603012,0,4
4.604012,0,4
4.605012,0,4
4.606016,0,4
4.607016,0,4
4.608016,4,4
4.609016,3,4
4.610016,0,4
4.611016,0,4
4.612012,0,4
4.613016,0,4
4.614012,0,4
4.615012,0,4
4.616012,1,4
4.617012,0,4
4.618012,0,4
4.619012,0,4
4.620012,0,4
4.621012,0,4
4.622012,1,4
4.623012,2,4
4.624012,1,4
4.625012,0,4
4.626016,0,4
4.627012,0,4
4.628016,0,4
4.629012,0,4
4.630012,0,4
4.631012,0,4
4.632016,0,4
4.633012,0,4
4.634012,0,4
4.635012,0,4
4.636012,0,4
4.637012,0,4
4.638012,0,4
4.639012,0,4
4.640012,0,4
4.641012,0,4
4.642012,0,4
4.643012,1,4
4.644012,0,4
4.645012,0,4
4.646012,0,4
4.647012,0,4
4.648012,1,4
4.649012,0,4
4.650012,0,4
4.65102,0,4
4.652012,0,4
4.653012,0,4
4.654012,0,4
4.655012,0,4
4.656012,0,4
4.657012,0,4
4.658012,0,4
4.659012,0,4
4.660016,0,4
4.661012,0,4
4.662012,1,4
4.663012,1,4
4.664016,0,4
4.665012,0,4
4.666012,1,4
4.667012,1,4
4.668012,0,4
4.669016,0,4
4.670016,0,4
4.671012,0,4
4.672016,0,4
4.673012,0,4
4.674012,0,4
4.675012,0,4
4.676012,0,4
4.677012,0,4
4.678012,0,4
4.679012,0,4
4.680012,0,4
4.681012,0,4
4.682012,0,4
4.683012,0,4
4.684012,0,4
4.685012,1,4
4.686012,1,4
4.687012,0,4
4.688016,0,4
4.689012,0,4
4.690012,0,4
4.691012,0,4
4.692016,0,4
4.693012,0,4
4.694012,0,4
4.695012,0,4
4.696012,0,4
4.697012,0,4
4.698012,0,4
4.699012,1,4
4.700016,0,4
4.701016,0,4
4.702012,0,4
4.703016,0,4
4.704016,1,4
4.705012,1,4
4.706016,0,4
4.707012,0,4
4.708016,0,4
4.709012,0,4
4.710016,0,4
4.711016,0,4
4.712012,0,4
4.713012,0,4
4.714012,0,4
4.715012,0,4
4.716016,0,4
4.717012,0,4
4.718012,0,4
4.719016,0,4
4.720016,0,4
4.721012,0,4
4.722012,0,4
4.723012,0,4
4.724016,2,4
4.725012,0,4
4.726012,0,4
4.727012,0,4
4.728016,0,4
4.729012,0,4
4.730016,0,4
4.731016,0,4
4.732012,0,4
4.733012,0,4
4.734016,0,4
4.735016,0,4
4.736016,0,4
4.737016,0,4
4.738012,0,4
4.739012,0,4
4.740012,0,4
4.741012,0,4
4.742012,0,4
4.743012,1,4
4.744016,1,4
4.745012,1,4
4.746012,0,4
4.747012,0,4
4.748016,0,4
4.749016,0,4
4.750012,0,4
4.751016,0,4
4.752016,0,4
4.753012,0,4
4.754016,0,4
4.755012,0,4
4.756016,0,4
4.757012,0,4
4.758012,0,4
4.759016,0,4
4.760016,0,4
4.761012,0,4
4.762016,0,4
4.763012,0,4
4.764012,1,4
4.765012,0,4
4.766012,0,4
4.767016,0,4
4.768016,0,4
4.769012,0,4
4.770012,1,4
4.771012,0,4
4.772016,0,4
4.773012,0,4
4.774012,0,4
4.775016,1,4
4.776016,0,4
4.777012,0,4
4.778012,0,4
4.77902,0,4
4.780012,0,4
4.781012,0,4
4.782012,0,4
4.783012,0,4
4.784012,0,4
4.785012,0,4
4.786016,0,4
4.787016,0,4
4.788016,0,4
4.789012,0,4
4.790016,0,4
4.791016,0,4
4.792016,0,4
4.793016,0,4
4.794016,0,4
4.795016,0,4
4.796016,0,4
4.797016,0,4
4.798016,0,4
4.799016,0,4
4.800016,2,4
4.801012,3,4
4.802012,0,4
4.803012,0,4
4.804012,0,4
4.805012,1,4
4.806012,1,4
4.807012,0,4
4.808012,0,4
4.809012,0,4
4.810012,0,4
4.811012,0,4
4.812016,0,4
4.813016,0,4
4.814012,2,4
4.815012,1,4
4.816012,0,4
4.817012,0,4
4.818012,0,4
4.819012,0,4
4.820012,0,4
4.821012,0,4
4.822012,2,4
4.823012,2,4
4.824012,0,4
4.825012,0,4
4.826012,0,4
4.827012,0,4
4.828012,0,4
4.829012,0,4
4.830012,0,4
4.831016,3,4
4.832016,3,4
4.833012,0,4
4.834016,0,4
4.835012,0,4
4.836012,0,4
4.837012,0,4
4.838012,0,4
4.839016,0,4
4.840012,0,4
4.841012,1,4
4.842012,0,4
4.843012,1,4
4.844012,0,4
4.845012,0,4
4.846012,0,4
4.847012,0,4
4.848016,1,4
4.849012,0,4
4.850012,0,4
4.851012,0,4
4.852016,0,4
4.853012,0,4
4.854016,0,4
4.855012,0,4
4.856016,0,4
4.857012,0,4
4.858016,0,4
4.859012,0,4
4.860016,0,4
4.861012,0,4
4.862016,0,4
4.863016,1,4
4.864016,0,4
4.865016,0,4
4.866012,0,4
4.867012,0,4
4.868012,0,4
4.869012,0,4
4.870012,0,4
4.871012,0,4
4.872016,0,4
4.873012,0,4
4.874012,0,4
4.875012,0,4
4.876012,1,4
4.877012,3,4
4.878012,0,4
4.879012,0,4
4.880016,0,4
4.881012,0,4
4.882016,0,4
4.883012,1,4
4.884016,2,4
4.885012,3,4
4.886012,1,4
4.887012,0,4
4.888016,0,4
4.889012,0,4
4.890016,1,4
4.891012,0,4
4.892016,0,4
4.893012,0,4
4.894016,0,4
4.895016,0,4
4.896016,0,4
4.897012,0,4
4.898012,0,4
4.899012,0,4
4.900016,0,4
4.901012,0,4
4.902016,0,4
4.903016,2,4
4.904016,0,4
4.905012,0,4
4.906012,0,4
4.90702,0,4
4.908012,0,4
4.909012,0,4
4.910012,0,4
4.911012,0,4
4.912016,0,4
4.913012,0,4
4.914016,0,4
4.915016,0,4
4.916016,0,4
4.917012,0,4
4.918012,0,4
4.919012,0,4
4.920012,0,4
4.921012,0,4
4.922012,0,4
4.923012,0,4
4.924012,1,4
4.925016,1,4
4.926012,0,4
4.927012,0,4
4.928012,0,4
4.929012,0,4
4.930012,0,4
4.931012,0,4
4.932012,0,4
4.933012,0,4
4.934012,0,4
4.935012,0,4
4.936012,0,4
4.937012,0,4
4.938012,0,4
4.939012,0,4
4.940012,0,4
4.941012,0,4
4.942012,0,4
4.943012,2,4
4.944012,2,4
4.945012,0,4
4.946012,0,4
4.947012,0,4
4.948012,0,4
4.949012,0,4
4.950012,0,4
4.951012,0,4
4.952012,0,4
4.953012,0,4
4.954012,0,4
4.955012,0,4
4.956016,0,4
4.957016,0,4
4.958012,0,4
4.959012,0,4
4.960016,0,4
4.961012,0,4
4.962012,0,4
4.963012,0,4
4.964012,0,4
4.965012,0,4
4.966012,0,4
4.967012,1,4
4.968012,0,4
4.969012,0,4
4.970012,0,4
4.971012,0,4
4.972012,0,4
4.973012,0,4
4.974012,0,4
4.975012,0,4
4.976016,0,4
4.977012,0,4
4.978012,0,4
4.979012,0,4
4.980016,0,4
4.981012,0,4
4.982012,0,4
4.983012,0,4
4.984016,0,4
4.985012,0,4
4.986012,0,4
4.987012,0,4
4.988012,0,4
4.989012,0,4
4.990012,0,4
4.991016,1,4
4.992016,1,4
4.993016,0,4
4.994012,0,4
4.995012,0,4
4.996012,0,4
4.997012,0,4
4.998012,0,4
4.999012,1,4
5.000012,0,4
5.001012,0,5
5.002012,0,5
5.003012,0,5
5.004012,0,5
5.005012,0,5
5.006012,0,5
5.007012,0,5
5.008016,0,5
5.009012,0,5
5.010016,0,5
5.011012,0,5
5.012016,0,5
5.013012,0,5
5.014012,0,5
5.015016,0,5
5.016016,0,5
5.017012,0,5
5.018016,0,5
5.019012,0,5
5.020012,0,5
5.021012,0,5
5.022012,0,5
5.023016,0,5
5.024016,0,5
5.025012,0,5
5.026012,0,5
5.027012,0,5
5.028016,0,5
5.029012,0,5
5.030012,0,5
5.031016,0,5
5.032016,0,5
5.033012,0,5
5.034012,0,5
5.03502,0,5
5.036012,0,5
5.037012,0,5
5.038012,0,5
5.039012,0,5
5.040012,0,5
5.041012,1,5
5.042012,0,5
5.043012,2,5
5.044016,2,5
5.045012,0,5
5.046012,0,5
5.047012,0,5
5.048016,0,5
5.049012,1,5
5.050012,0,5
5.051012,0,5
5.052016,0,5
5.053016,0,5
5.054016,0,5
5.055016,0,5
5.056016,0,5
5.057012,0,5
5.058016,0,5
5.059016,0,5
5.060016,1,5
5.061012,2,5
5.062016,2,5
5.063016,0,5
5.064016,0,5
5.065012,0,5
5.066016,0,5
5.067016,0,5
5.068016,0,5
5.069016,0,5
5.070016,0,5
5.071016,0,5
5.072016,0,5
5.073012,0,5
5.074016,0,5
5.075012,0,5
5.076016,0,5
5.077016,0,5
5.078012,0,5
5.079012,0,5
5.080016,0,5
5.081012,0,5
5.082012,0,5
5.083012,0,5
5.084016,0,5
5.085016,0,5
5.086012,0,5
5.087016,0,5
5.088016,0,5
5.089012,0,5
5.090016,0,5
5.091012,0,5
5.092016,0,5
5.093012,0,5
5.094016,0,5
5.095016,0,5
5.096016,0,5
5.097012,0,5
5.098016,0,5
5.099016,0,5
5.100016,0,5
5.101016,0,5
5.102016,0,5
5.103016,0,5
5.104016,0,5
5.105012,0,5
5.106016,0,5
5.107016,0,5
5.108016,0,5
5.109016,0,5
5.110016,0,5
5.111016,0,5
5.112016,0,5
5.113016,0,5
5.114016,0,5
5.115016,0,5
5.116016,0,5
5.117016,0,5
5.118016,0,5
5.119016,0,5
5.120012,0,5
5.121016,0,5
5.122016,0,5
5.123016,0,5
5.124012,1,5
5.125016,2,5
5.126012,0,5
5.127012,0,5
5.128012,0,5
5.129012,0,5
5.130012,0,5
5.131012,0,5
5.132012,0,5
5.133012,0,5
5.134012,0,5
5.135012,0,5
5.136012,1,5
5.137012,0,5
5.138016,0,5
5.139012,0,5
5.140012,0,5
5.141012,0,5
5.142012,1,5
5.143012,2,5
5.144012,0,5
5.145012,0,5
5.146012,0,5
5.147012,0,5
5.148012,0,5
5.149012,0,5
5.150012,0,5
5.151012,0,5
5.152012,0,5
5.153012,0,5
5.154012,0,5
5.155012,0,5
5.156012,0,5
5.157012,0,5
5.158012,0,5
5.159016,0,5
5.160016,0,5
5.161012,0,5
5.162012,0,5
5.163016,0,5
5.164012,2,5
5.165012,2,5
5.166012,0,5
5.167012,0,5
5.168012,0,5
5.169012,0,5
5.170012,0,5
5.171012,0,5
5.172016,0,5
5.173012,0,5
5.174012,0,5
5.175012,0,5
5.176012,0,5
5.177012,0,5
5.178012,1,5
5.179012,1,5
5.180012,0,5
5.181016,0,5
5.182012,0,5
5.183012,2,5
5.184016,5,5
5.185012,0,5
5.186012,0,5
5.187012,0,5
5.188012,0,5
5.189012,0,5
5.190012,0,5
5.191012,0,5
5.192016,0,5
5.193012,0,5
5.194012,0,5
5.195012,0,5
5.196016,0,5
5.197016,0,5
5.198012,0,5
5.199012,0,5
5.200016,0,5
5.201012,0,5
5.202012,0,5
5.203012,0,5
5.204012,2,5
5.205012,1,5
5.206012,0,5
5.207012,0,5
5.208012,0,5
5.209012,0,5
5.210012,0,5
5.211012,0,5
5.212012,0,5
5.213012,0,5
5.214012,0,5
5.215012,0,5
5.216016,0,5
5.217012,0,5
5.218012,0,5
5.219012,0,5
5.220016,0,5
5.221012,0,5
5.222016,0,5
5.223016,1,5
5.224012,0,5
5.225012,0,5
5.226012,0,5
5.227012,0,5
5.228012,0,5
5.229012,0,5
5.230012,2,5
5.231016,0,5
5.232016,0,5
5.233012,10,5
5.234012,13,5
5.235012,0,5
5.236016,0,5
5.237012,0,5
5.238016,0,5
5.239012,9,5
5.240016,16,5
5.241012,11,5
5.242012,0,5
5.243012,0,5
5.244012,0,5
5.245012,0,5
5.246012,6,5
5.247012,5,5
5.248012,0,5
5.249016,0,5
5.250016,0,5
5.251016,0,5
5.252012,4,5
5.253016,0,5
5.254012,0,5
5.255012,0,5
5.256012,0,5
5.257012,0,5
5.258012,0,5
5.259012,0,5
5.260012,0,5
5.261012,0,5
5.262012,1,5
5.263012,1,5
5.264012,0,5
5.265012,0,5
5.266016,0,5
5.267012,2,5
5.268012,0,5
5.269012,0,5
5.270012,0,5
5.271012,0,5
5.272012,0,5
5.273012,0,5
5.274012,0,5
5.275012,29,5
5.276012,31,5
5.277012,0,5
5.278012,19,5
5.279012,67,5
5.280012,0,5
5.281012,45,5
5.282012,48,5
5.283012,65,5
5.284012,48,5
5.285016,19,5
5.286012,0,5
5.287012,0,5
5.288012,0,5
5.289012,18,5
5.290016,11,5
5.29102,0,5
5.292016,0,5
5.293012,9,5
5.294012,13,5
5.295012,13,5
5.296012,8,5
5.297012,0,5
5.298012,0,5
5.299012,0,5
5.300012,0,5
5.301012,1,5
5.302012,0,5
5.303012,1,5
5.304012,4,5
5.305012,6,5
5.306012,5,5
5.307012,1,5
5.308012,0,5
5.309016,0,5
5.310012,0,5
5.311012,0,5
5.312016,0,5
5.313012,0,5
5.314012,0,5
5.315012,0,5
5.316012,1,5
5.317012,1,5
5.318012,0,5
5.319012,0,5
5.320012,0,5
5.321012,0,5
5.322012,0,5
5.323012,0,5
5.324012,0,5
5.325012,0,5
5.326012,1,5
5.327012,0,5
5.328012,0,5
5.329012,0,5
5.330012,1,5
5.331012,0,5
5.332012,0,5
5.333012,0,5
5.334012,0,5
5.335012,0,5
5.336012,0,5
5.337016,0,5
5.338012,0,5
5.339012,0,5
5.340012,0,5
5.341012,0,5
5.342012,0,5
5.343012,0,5
5.344012,0,5
5.345012,0,5
5.346012,0,5
5.347012,0,5
5.348012,1,5
5.349012,3,5
5.350012,0,5
5.351012,0,5
5.352012,0,5
5.353012,0,5
5.354012,0,5
5.355012,0,5
5.356012,0,5
5.357012,0,5
5.358012,0,5
5.359012,5,5
5.360016,2,5
5.361012,0,5
5.362012,0,5
5.363012,0,5
5.364016,2,5
5.365012,4,5
5.366012,0,5
5.367012,0,5
5.368012,0,5
5.369012,0,5
5.370012,0,5
5.371012,0,5
5.372012,0,5
5.373012,0,5
5.374012,0,5
5.375012,0,5
5.376016,0,5
5.377016,0,5
5.378016,0,5
5.379016,0,5
5.380012,0,5
5.381016,0,5
5.382012,0,5
5.383012,0,5
5.384012,0,5
5.385012,0,5
5.386012,0,5
5.387012,0,5
5.388012,0,5
5.389012,0,5
5.390012,0,5
5.391012,0,5
5.392012,0,5
5.393012,0,5
5.394016,0,5
5.395012,0,5
5.396016,0,5
5.397012,0,5
5.398012,0,5
5.399012,1,5
5.400016,0,5
5.401012,0,5
5.402012,0,5
5.403012,1,5
5.404012,0,5
5.405012,0,5
5.406012,0,5
5.407012,0,5
5.408012,0,5
5.409012,0,5
5.410012,0,5
5.411012,0,5
5.412012,0,5
5.413012,0,5
5.414012,0,5
5.415012,0,5
5.416012,0,5
5.417012,0,5
5.418012,0,5
5.41902,0,5
5.420012,0,5
5.421012,0,5
5.422012,0,5
5.423012,0,5
5.424012,0,5
5.425012,0,5
5.426012,0,5
5.427012,0,5
5.428016,0,5
5.429012,0,5
5.430012,1,5
5.431012,0,5
5.432012,0,5
5.433012,0,5
5.434012,0,5
5.435012,0,5
5.436012,0,5
5.437016,0,5
5.438012,0,5
5.439012,0,5
5.440016,0,5
5.441012,0,5
5.442012,0,5
5.443012,1,5
5.444012,2,5
5.445012,1,5
5.446012,0,5
5.447012,0,5
5.448012,3,5
5.449012,0,5
5.450012,0,5
5.451012,0,5
5.452012,0,5
5.453012,0,5
5.454012,0,5
5.455012,0,5
5.456012,0,5
5.457012,0,5
5.458012,0,5
5.459012,0,5
5.460012,29,5
5.461012,34,5
5.462012,30,5
5.463012,22,5
5.464012,0,5
5.465012,0,5
5.466012,0,5
5.467012,4,5
5.468012,8,5
5.469012,3,5
5.470012,0,5
5.471012,0,5
5.472012,2,5
5.473012,1,5
5.474012,0,5
5.475012,6,5
5.476012,7,5
5.477012,4,5
5.478016,0,5
5.479016,0,5
5.480012,0,5
5.481012,0,5
5.482012,0,5
5.483012,0,5
5.484012,1,5
5.485012,0,5
5.486012,0,5
5.487012,0,5
5.488016,0,5
5.489012,0,5
5.490012,0,5
5.491012,0,5
5.492016,1,5
5.493012,0,5
5.494012,0,5
5.495012,0,5
5.496012,0,5
5.497012,3,5
5.498012,3,5
5.499012,2,5
5.500012,0,5
5.501012,0,5
5.502016,0,5
5.503016,4,5
5.504016,4,5
5.505016,1,5
5.506012,0,5
5.507012,0,5
5.508012,0,5
5.509012,0,5
5.510012,0,5
5.511012,1,5
5.512012,0,5
5.513012,0,5
5.514012,0,5
5.515012,1,5
5.516016,2,5
5.517012,0,5
5.518012,0,5
5.519016,0,5
5.520016,0,5
5.521012,0,5
5.522016,1,5
5.523012,1,5
5.524016,2,5
5.525012,0,5
5.526012,0,5
5.527016,0,5
5.528016,0,5
5.529012,0,5
5.530016,0,5
5.531012,0,5
5.532012,0,5
5.533012,0,5
5.534012,0,5
5.535012,0,5
5.536012,0,5
5.537012,0,5
5.538012,0,5
5.539012,0,5
5.540016,0,5
5.541012,0,5
5.542012,0,5
5.543016,0,5
5.544016,0,5
5.545012,2,5
5.546012,0,5
5.54702,0,5
5.548012,0,5
5.549012,0,5
5.550012,0,5
5.551012,0,5
5.552012,0,5
5.553012,0,5
5.554012,0,5
5.555012,0,5
5.556016,0,5
5.557012,0,5
5.558016,0,5
5.559016,0,5
5.560016,0,5
5.561012,0,5
5.562012,0,5
5.563012,0,5
5.564016,0,5
5.565016,0,5
5.566016,0,5
5.567016,0,5
5.568016,0,5
5.569012,0,5
5.570012,0,5
5.571012,0,5
5.572012,0,5
5.573012,0,5
5.574012,0,5
5.575012,0,5
5.576016,0,5
5.577012,0,5
5.578012,0,5
5.579012,0,5
5.580016,0,5
5.581012,0,5
5.582012,0,5
5.583012,0,5
5.584016,0,5
5.585012,0,5
5.586012,0,5
5.587012,0,5
5.588016,0,5
5.589012,0,5
5.590012,0,5
5.591012,0,5
5.592012,0,5
5.593012,0,5
5.594012,0,5
5.595012,0,5
5.596016,0,5
5.597016,0,5
5.598016,0,5
5.599016,0,5
5.600016,1,5
5.601012,0,5
5.602012,0,5
5.603012,0,5
5.604012,0,5
5.605012,0,5
5.606012,0,5
5.607012,0,5
5.608012,0,5
5.609012,0,5
5.610012,0,5
5.611012,0,5
5.612016,0,5
5.613012,0,5
5.614012,0,5
5.615012,0,5
5.616012,0,5
5.617012,0,5
5.618012,0,5
5.619012,0,5
5.620016,0,5
5.621012,0,5
5.622012,0,5
5.623012,0,5
5.624016,0,5
5.625012,0,5
5.626012,0,5
5.627012,0,5
5.628012,0,5
5.629012,0,5
5.630016,0,5
5.631016,0,5
5.632016,0,5
5.633016,0,5
5.634012,0,5
5.635012,0,5
5.636012,0,5
5.637012,0,5
5.638012,0,5
5.639012,0,5
5.640012,3,5
5.641012,2,5
5.642012,0,5
5.643012,0,5
5.644012,0,5
5.645012,0,5
5.646012,0,5
5.647012,0,5
5.648012,0,5
5.649012,1,5
5.650016,0,5
5.651012,0,5
5.652016,0,5
5.653012,0,5
5.654012,0,5
5.655012,0,5
5.656012,0,5
5.657012,0,5
5.658012,0,5
5.659012,0,5
5.660012,0,5
5.661012,0,5
5.662012,0,5
5.663012,0,5
5.664012,0,5
5.665012,0,5
5.666012,0,5
5.667012,1,5
5.668012,0,5
5.669012,0,5
5.670012,0,5
5.671016,0,5
5.672016,0,5
5.673012,0,5
5.674012,0,5
5.67502,1,5
5.676012,0,5
5.677012,0,5
5.678012,0,5
5.679012,0,5
5.680012,1,5
5.681012,1,5
5.682012,2,5
5.683012,0,5
5.684016,0,5
5.685012,0,5
5.686012,2,5
5.687012,1,5
5.688016,0,5
5.689012,0,5
5.690012,0,5
5.691012,0,5
5.692012,0,5
5.693016,0,5
5.694016,0,5
5.695012,0,5
5.696016,0,5
5.697012,0,5
5.698012,0,5
5.699012,0,5
5.700012,0,5
5.701012,0,5
5.702016,0,5
5.703016,0,5
5.704016,0,5
5.705012,0,5
5.706012,0,5
5.707012,0,5
5.708016,0,5
5.709016,0,5
5.710012,0,5
5.711016,1,5
5.712016,0,5
5.713012,0,5
5.714016,0,5
5.715012,0,5
5.716016,0,5
5.717012,0,5
5.718012,0,5
5.719012,0,5
5.720012,0,5
5.721012,0,5
5.722012,0,5
5.723012,2,5
5.724016,2,5
5.725016,2,5
5.726016,1,5
5.727016,0,5
5.728016,0,5
5.729012,0,5
5.730016,1,5
5.731016,0,5
5.732016,0,5
5.733016,0,5
5.734016,0,5
5.735016,1,5
5.736012,0,5
5.737012,0,5
5.738012,0,5
5.739012,0,5
5.740012,0,5
5.741012,0,5
5.742012,0,5
5.743012,3,5
5.744016,1,5
5.745012,0,5
5.746012,0,5
5.747012,2,5
5.748016,1,5
5.749012,0,5
5.750012,0,5
5.751012,0,5
5.752016,0,5
5.753012,0,5
5.754012,0,5
5.755012,0,5
5.756012,0,5
5.757012,0,5
5.758012,0,5
5.759016,1,5
5.760016,0,5
5.761016,0,5
5.762016,2,5
5.763016,1,5
5.764012,0,5
5.765016,0,5
5.766012,0,5
5.767012,0,5
5.768012,0,5
5.769012,0,5
5.770012,5,5
5.771012,6,5
5.772012,0,5
5.773012,0,5
5.774012,0,5
5.775012,0,5
5.776012,0,5
5.777012,0,5
5.778016,0,5
5.779012,0,5
5.780012,0,5
5.781012,2,5
5.782012,1,5
5.783012,3,5
5.784016,0,5
5.785012,0,5
5.786012,0,5
5.787012,1,5
5.788012,62,5
5.789012,23,5
5.790012,0,5
5.791012,0,5
5.792012,0,5
5.793012,24,5
5.794012,62,5
5.795012,54,5
5.796012,23,5
5.797012,10,5
5.798012,0,5
5.799012,0,5
5.800012,0,5
5.801012,0,5
5.802012,0,5
5.80302,0,5
5.804012,37,5
5.805012,39,5
5.806012,29,5
5.807012,12,5
5.808012,0,5
5.809012,0,5
5.810012,0,5
5.811012,0,5
5.812016,5,5
5.813012,19,5
5.814012,17,5
5.815012,6,5
5.816016,1,5
5.817012,0,5
5.818012,0,5
5.819012,0,5
5.820012,0,5
5.821016,3,5
5.822012,3,5
5.823012,2,5
5.824016,3,5
5.825012,2,5
5.826012,0,5
5.827012,0,5
5.828012,0,5
5.829012,1,5
5.830012,6,5
5.831016,5,5
5.832016,0,5
5.833012,0,5
5.834012,0,5
5.835012,0,5
5.836016,0,5
5.837016,0,5
5.838012,0,5
5.839012,3,5
5.840012,5,5
5.841012,1,5
5.842012,0,5
5.843012,0,5
5.844012,0,5
5.845012,0,5
5.846012,0,5
5.847012,0,5
5.848012,2,5
5.849012,2,5
5.850012,0,5
5.851012,0,5
5.852016,1,5
5.853012,1,5
5.854012,0,5
5.855016,0,5
5.856016,0,5
5.857012,1,5
5.858012,1,5
5.859012,3,5
5.860016,0,5
5.861012,0,5
5.862012,0,5
5.863016,0,5
5.864012,0,5
5.865012,0,5
5.866012,1,5
5.867012,1,5
5.868016,1,5
5.869012,0,5
5.870012,0,5
5.871016,0,5
5.872016,0,5
5.873012,0,5
5.874012,0,5
5.875012,0,5
5.876016,0,5
5.877016,0,5
5.878016,0,5
5.879012,0,5
5.880016,0,5
5.881012,2,5
5.882016,0,5
5.883012,1,5
5.884016,0,5
5.885016,0,5
5.886016,0,5
5.887016,0,5
5.888016,0,5
5.889016,0,5
5.890012,0,5
5.891012,0,5
5.892012,0,5
5.893012,0,5
5.894012,0,5
5.895016,0,5
5.896016,0,5
5.897012,0,5
5.898012,0,5
5.899016,0,5
5.900012,1,5
5.901012,0,5
5.902012,0,5
5.903012,0,5
5.904016,0,5
5.905012,3,5
5.906016,0,5
5.907012,0,5
5.908016,0,5
5.909012,0,5
5.910012,0,5
5.911012,0,5
5.912016,0,5
5.913012,0,5
5.914016,0,5
5.915012,0,5
5.916016,0,5
5.917012,0,5
5.918016,0,5
5.919016,0,5
5.920016,0,5
5.921012,1,5
5.922012,0,5
5.923012,0,5
5.924012,0,5
5.925012,0,5
5.926012,2,5
5.927016,1,5
5.928016,0,5
5.929012,0,5
5.930012,0,5
5.93102,2,5
5.932012,0,5
5.933012,0,5
5.934012,0,5
5.935012,0,5
5.936012,0,5
5.937012,0,5
5.938012,0,5
5.939012,0,5
5.940016,0,5
5.941012,0,5
5.942012,0,5
5.943012,0,5
5.944012,0,5
5.945012,0,5
5.946012,0,5
5.947012,0,5
5.948012,0,5
5.949016,0,5
5.950012,0,5
5.951012,0,5
5.952016,0,5
5.953012,0,5
5.954012,0,5
5.955012,0,5
5.956012,0,5
5.957012,0,5
5.958016,0,5
5.959016,1,5
5.960016,2,5
5.961012,0,5
5.962012,0,5
5.963012,0,5
5.964016,2,5
5.965012,0,5
5.966012,0,5
5.967012,0,5
5.968016,0,5
5.969012,5,5
5.970012,5,5
5.971012,7,5
5.972016,6,5
5.973012,0,5
5.974012,0,5
5.975012,0,5
5.976012,0,5
5.977012,2,5
5.978012,8,5
5.979012,3,5
5.980016,0,5
5.981016,0,5
5.982012,0,5
5.983016,2,5
5.984016,0,5
5.985012,0,5
5.986012,0,5
5.987012,0,5
5.988016,0,5
5.989012,0,5
5.990016,0,5
5.991016,0,5
5.992016,0,5
5.993012,0,5
5.994012,0,5
5.995012,0,5
5.996016,0,5
5.997012,0,5
5.998012,0,5
5.999016,2,5
6.000016,0,5
6.001012,1,6
6.002012,0,6
6.003012,1,6
6.004016,2,6
6.005012,5,6
6.006012,4,6
6.007012,2,6
6.008016,0,6
6.009012,0,6
6.010016,0,6
6.011016,1,6
6.012016,1,6
6.013016,0,6
6.014016,0,6
6.015016,0,6
6.016016,0,6
6.017012,0,6
6.018012,0,6
6.019012,0,6
6.020012,0,6
6.021012,0,6
6.022012,0,6
6.023012,0,6
6.024012,1,6
6.025012,0,6
6.026012,0,6
6.027012,0,6
6.028016,0,6
6.029012,0,6
6.030012,1,6
6.031016,0,6
6.032016,0,6
6.033012,0,6
6.034016,0,6
6.035012,0,6
6.036016,0,6
6.037016,0,6
6.038016,0,6
6.039016,1,6
6.040016,1,6
6.041012,1,6
6.042016,0,6
6.043012,0,6
6.044012,1,6
6.045012,3,6
6.046012,2,6
6.047016,0,6
6.048016,0,6
6.049012,0,6
6.050012,0,6
6.051012,0,6
6.052016,0,6
6.053012,0,6
6.054016,0,6
6.055016,0,6
6.056016,0,6
6.057012,0,6
6.058012,0,6
6.05902,0,6
6.060012,0,6
6.061012,0,6
6.062012,0,6
6.063012,0,6
6.064012,0,6
6.065012,1,6
6.066012,1,6
6.067012,1,6
6.068016,0,6
6.069012,0,6
6.070016,0,6
6.071016,1,6
6.072016,2,6
6.073016,0,6
6.074016,0,6
6.075016,0,6
6.076016,0,6
6.077012,0,6
6.078016,0,6
6.079016,0,6
6.080016,0,6
6.081012,0,6
6.082012,0,6
6.083012,0,6
6.084012,0,6
6.085012,0,6
6.086012,1,6
6.087012,0,6
6.088016,0,6
6.089012,0,6
6.090012,0,6
6.091012,1,6
6.092016,0,6
6.093016,0,6
6.094012,0,6
6.095012,0,6
6.096016,0,6
6.097012,0,6
6.098012,0,6
6.099012,0,6
6.100016,0,6
6.101012,0,6
6.102012,0,6
6.103012,0,6
6.104016,1,6
6.105012,0,6
6.106012,0,6
6.107012,0,6
6.108016,0,6
6.109016,0,6
6.110016,0,6
6.111016,0,6
6.112016,0,6
6.113012,0,6
6.114016,0,6
6.115012,0,6
6.116016,0,6
6.117016,0,6
6.118016,0,6
6.119016,0,6
6.120016,0,6
6.121012,0,6
6.122016,0,6
6.123016,0,6
6.124016,0,6
6.125012,0,6
6.126016,0,6
6.127016,0,6
6.128016,0,6
6.129012,0,6
6.130016,0,6
6.131016,0,6
6.132016,0,6
6.133016,0,6
6.134016,0,6
6.135016,0,6
6.136016,0,6
6.137016,0,6
6.138016,0,6
6.139016,0,6
6.140016,0,6
6.141016,0,6
6.142016,0,6
6.143016,0,6
6.144012,0,6
6.145016,0,6
6.146016,0,6
6.147012,0,6
6.148012,0,6
6.149016,0,6
6.150012,0,6
6.151012,0,6
6.152012,0,6
6.153012,0,6
6.154012,0,6
6.155012,0,6
6.156012,0,6
6.157012,0,6
6.158012,5,6
6.159012,2,6
6.160016,0,6
6.161012,0,6
6.162016,1,6
6.163012,3,6
6.164016,0,6
6.165012,0,6
6.166012,0,6
6.167012,0,6
6.168012,0,6
6.169012,0,6
6.170012,0,6
6.171012,0,6
6.172012,2,6
6.173012,0,6
6.174012,0,6
6.175012,0,6
6.176012,0,6
6.177012,0,6
6.178012,0,6
6.179012,0,6
6.180016,0,6
6.181012,3,6
6.182016,1,6
6.183016,0,6
6.184016,0,6
6.185012,0,6
6.186012,0,6
6.18702,1,6
6.188012,0,6
6.189012,0,6
6.190012,0,6
6.191012,0,6
6.192012,0,6
6.193012,0,6
6.194016,0,6
6.195016,0,6
6.196016,1,6
6.197012,1,6
6.198012,2,6
6.199012,0,6
6.200016,0,6
6.201012,0,6
6.202012,0,6
6.203012,0,6
6.204016,0,6
6.205016,0,6
6.206016,0,6
6.207016,0,6
6.208016,0,6
6.209012,0,6
6.210012,0,6
6.211012,0,6
6.212016,0,6
6.213012,0,6
6.214016,0,6
6.215016,0,6
6.216016,0,6
6.217012,0,6
6.218012,0,6
6.219016,0,6
6.220016,0,6
6.221016,0,6
6.222016,0,6
6.223016,0,6
6.224016,0,6
6.225012,0,6
6.226016,0,6
6.227012,0,6
6.228016,0,6
6.229012,0,6
6.230012,0,6
6.231012,0,6
6.232012,0,6
6.233012,0,6
6.234012,0,6
6.235012,0,6
6.236016,0,6
6.237016,0,6
6.238016,0,6
6.239016,1,6
6.240016,0,6
6.241012,0,6
6.242012,0,6
6.243012,0,6
6.244016,2,6
6.245012,2,6
6.246016,0,6
6.247016,0,6
6.248012,0,6
6.249012,0,6
6.250012,0,6
6.251012,0,6
6.252012,0,6
6.253012,0,6
6.254012,0,6
6.255012,0,6
6.256016,0,6
6.257012,0,6
6.258012,0,6
6.259012,0,6
6.260016,0,6
6.261012,1,6
6.262016,1,6
6.263012,1,6
6.264016,0,6
6.265012,0,6
6.266016,0,6
6.267016,1,6
6.268012,0,6
6.269012,0,6
6.270012,0,6
6.271016,0,6
6.272016,0,6
6.273016,0,6
6.274012,0,6
6.275012,0,6
6.276012,0,6
6.277012,0,6
6.278012,0,6
6.279012,0,6
6.280016,0,6
6.281012,0,6
6.282012,0,6
6.283012,0,6
6.284016,0,6
6.285012,0,6
6.286012,0,6
6.287016,0,6
6.288016,0,6
6.289012,0,6
6.290016,0,6
6.291012,0,6
6.292016,0,6
6.293012,0,6
6.294016,0,6
6.295016,0,6
6.296016,1,6
6.297012,0,6
6.298016,0,6
6.299012,0,6
6.300016,0,6
6.301016,1,6
6.302016,0,6
6.303016,0,6
6.304016,0,6
6.305012,0,6
6.306016,0,6
6.307016,0,6
6.308016,0,6
6.309012,0,6
6.310016,0,6
6.311016,0,6
6.312016,0,6
6.313012,0,6
6.314016,0,6
6.31502,0,6
6.316012,0,6
6.317012,0,6
6.318012,0,6
6.319016,0,6
6.320016,0,6
6.321012,0,6
6.322016,0,6
6.323016,0,6
6.324016,0,6
6.325012,1,6
6.326016,2,6
6.327016,0,6
6.328016,0,6
6.329016,0,6
6.330016,0,6
6.331016,0,6
6.332016,0,6
6.333012,0,6
6.334016,0,6
6.335016,2,6
6.336016,0,6
6.337012,0,6
6.338016,0,6
6.339016,0,6
6.340016,0,6
6.341016,0,6
6.342016,0,6
6.343016,0,6
6.344016,0,6
6.345016,0,6
6.346016,1,6
6.347016,0,6
6.348016,0,6
6.349016,0,6
6.350012,0,6
6.351016,0,6
6.352016,0,6
6.353012,1,6
6.354016,0,6
6.355012,0,6
6.356016,0,6
6.357012,0,6
6.358012,0,6
6.359012,0,6
6.360016,0,6
6.361012,0,6
6.362012,0,6
6.363012,0,6
6.364016,0,6
6.365016,1,6
6.366016,2,6
6.367016,0,6
6.368016,0,6
6.369012,0,6
6.370016,0,6
6.371016,0,6
6.372016,0,6
6.373016,0,6
6.374016,0,6
6.375016,0,6
6.376016,0,6
6.377012,0,6
6.378016,0,6
6.379016,0,6
6.380016,0,6
6.381016,0,6
6.382016,1,6
6.383016,0,6
6.384016,0,6
6.385016,0,6
6.386016,0,6
6.387016,0,6
6.388012,0,6
6.389016,0,6
6.390016,1,6
6.391016,0,6
6.392016,0,6
6.393016,0,6
6.394016,0,6
6.395016,0,6
6.396016,0,6
6.397016,0,6
6.398016,0,6
6.399016,0,6
6.400012,0,6
6.401016,0,6
6.402016,0,6
6.403016,0,6
6.404012,0,6
6.405016,0,6
6.406012,1,6
6.407012,0,6
6.408012,0,6
6.409012,0,6
6.410012,0,6
6.411012,0,6
6.412012,0,6
6.413012,0,6
6.414012,0,6
6.415012,0,6
6.416012,0,6
6.417012,0,6
6.418016,0,6
6.419012,0,6
6.420012,1,6
6.421012,0,6
6.422012,0,6
6.423012,0,6
6.424012,1,6
6.425012,0,6
6.426012,0,6
6.427012,0,6
6.428012,0,6
6.429012,2,6
6.430012,0,6
6.431012,0,6
6.432012,0,6
6.433012,0,6
6.434012,0,6
6.435012,0,6
6.436012,0,6
6.437012,0,6
6.438012,2,6
6.439012,2,6
6.440016,0,6
6.441012,0,6
6.442012,0,6
6.44302,0,6
6.444012,1,6
6.445012,0,6
6.446012,0,6
6.447012,0,6
6.448012,0,6
6.449012,0,6
6.450012,0,6
6.451012,0,6
6.452016,0,6
6.453012,0,6
6.454012,0,6
6.455012,0,6
6.456012,0,6
6.457012,0,6
6.458012,0,6
6.459012,0,6
6.460012,0,6
6.461016,0,6
6.462012,0,6
6.463012,0,6
6.464016,0,6
6.465012,0,6
6.466012,0,6
6.467012,0,6
6.468012,0,6
6.469012,0,6
6.470012,0,6
6.471016,0,6
6.472016,0,6
6.473012,0,6
6.474012,0,6
6.475012,0,6
6.476012,0,6
6.477012,0,6
6.478012,0,6
6.479012,0,6
6.480016,0,6
6.481012,0,6
6.482012,0,6
6.483012,0,6
6.484012,0,6
6.485012,0,6
6.486012,0,6
6.487012,0,6
6.488012,0,6
6.489012,0,6
6.490012,0,6
6.491012,0,6
6.492016,0,6
6.493012,0,6
6.494012,0,6
6.495012,0,6
6.496016,0,6
6.497012,0,6
6.498012,0,6
6.499012,0,6
6.500016,0,6
6.501012,1,6
6.502016,0,6
6.503016,0,6
6.504012,0,6
6.505012,0,6
6.506012,0,6
6.507012,0,6
6.508016,0,6
6.509012,0,6
6.510012,0,6
6.511016,0,6
6.512016,0,6
6.513012,0,6
6.514012,0,6
6.515012,0,6
6.516016,0,6
6.517012,0,6
6.518016,0,6
6.519016,0,6
6.520016,0,6
6.521012,1,6
6.522016,1,6
6.523016,0,6
6.524016,0,6
6.525016,0,6
6.526016,0,6
6.527016,0,6
6.528016,0,6
6.529012,0,6
6.530012,0,6
6.531012,0,6
6.532012,0,6
6.533012,0,6
6.534012,0,6
6.535012,0,6
6.536016,0,6
6.537012,0,6
6.538012,0,6
6.539016,0,6
6.540016,0,6
6.541016,0,6
6.542016,0,6
6.543016,0,6
6.544016,0,6
6.545012,2,6
6.546016,1,6
6.547012,0,6
6.548016,0,6
6.549016,0,6
6.550016,0,6
6.551016,0,6
6.552016,0,6
6.553016,1,6
6.554016,0,6
6.555012,0,6
6.556012,0,6
6.557012,0,6
6.558012,0,6
6.559012,0,6
6.560012,0,6
6.561016,0,6
6.562012,1,6
6.563012,0,6
6.564012,0,6
6.565012,0,6
6.566012,0,6
6.567012,0,6
6.568012,0,6
6.569012,0,6
6.570012,0,6
6.571024,0,6
6.572016,0,6
6.573016,0,6
6.574012,0,6
6.575012,0,6
6.576012,0,6
6.577012,0,6
6.578012,0,6
6.579012,1,6
6.580012,0,6
6.581012,0,6
6.582012,0,6
6.583012,0,6
6.584012,0,6
6.585012,1,6
6.586012,2,6
6.587012,0,6
6.588012,0,6
6.589016,0,6
6.590012,0,6
6.591012,0,6
6.592012,0,6
6.593012,0,6
6.594012,0,6
6.595012,2,6
6.596012,0,6
6.597012,0,6
6.598012,0,6
6.599012,0,6
6.600012,0,6
6.601012,2,6
6.602012,0,6
6.603012,0,6
6.604012,0,6
6.605012,0,6
6.606012,0,6
6.607012,0,6
6.608012,0,6
6.609012,0,6
6.610012,0,6
6.611012,0,6
6.612012,0,6
6.613012,0,6
6.614012,0,6
6.615012,0,6
6.616012,0,6
6.617012,0,6
6.618012,0,6
6.619016,0,6
6.620012,0,6
6.621012,0,6
6.622012,0,6
6.623012,0,6
6.624012,0,6
6.625012,0,6
6.626012,0,6
6.627012,2,6
6.628012,0,6
6.629012,0,6
6.630012,0,6
6.631012,0,6
6.632012,0,6
6.633012,0,6
6.634012,0,6
6.635012,0,6
6.636016,0,6
6.637012,0,6
6.638012,0,6
6.639012,1,6
6.640012,0,6
6.641012,0,6
6.642012,0,6
6.643012,0,6
6.644012,0,6
6.645012,2,6
6.646012,0,6
6.647012,0,6
6.648012,0,6
6.649012,0,6
6.650012,0,6
6.651012,0,6
6.652012,0,6
6.653012,0,6
6.654012,0,6
6.655012,0,6
6.656016,0,6
6.657016,0,6
6.658016,0,6
6.659016,0,6
6.660012,0,6
6.661016,0,6
6.662012,0,6
6.663012,0,6
6.664012,0,6
6.665012,0,6
6.666012,0,6
6.667012,0,6
6.668012,0,6
6.669012,0,6
6.670012,0,6
6.671012,0,6
6.672012,0,6
6.673012,0,6
6.674016,0,6
6.675012,0,6
6.676012,0,6
6.677012,0,6
6.678012,0,6
6.679012,0,6
6.680012,0,6
6.681012,0,6
6.682012,0,6
6.683012,0,6
6.684012,0,6
6.685012,0,6
6.686012,2,6
6.687012,1,6
6.688012,0,6
6.689012,0,6
6.690012,0,6
6.691012,0,6
6.692012,0,6
6.693012,0,6
6.694012,0,6
6.695012,0,6
6.696012,0,6
6.697012,0,6
6.698012,0,6
6.69902,0,6
6.700012,1,6
6.701012,2,6
6.702012,0,6
6.703012,0,6
6.704012,0,6
6.705012,0,6
6.706012,0,6
6.707012,0,6
6.708016,0,6
6.709012,0,6
6.710012,0,6
6.711012,0,6
6.712016,0,6
6.713012,0,6
6.714012,0,6
6.715012,0,6
6.716016,0,6
6.717016,0,6
6.718016,0,6
6.719012,0,6
6.720012,3,6
6.721016,1,6
6.722012,0,6
6.723012,0,6
6.724012,0,6
6.725012,0,6
6.726012,0,6
6.727012,0,6
6.728012,0,6
6.729012,0,6
6.730012,0,6
6.731012,0,6
6.732012,0,6
6.733012,0,6
6.734012,0,6
6.735012,0,6
6.736012,0,6
6.737012,0,6
6.738012,0,6
6.739012,1,6
6.740012,0,6
6.741012,0,6
6.742012,0,6
6.743012,0,6
6.744012,0,6
6.745012,1,6
6.746012,0,6
6.747012,0,6
6.748012,0,6
6.749012,0,6
6.750012,0,6
6.751012,0,6
6.752016,0,6
6.753012,0,6
6.754012,0,6
6.755012,0,6
6.756016,0,6
6.757012,0,6
6.758012,0,6
6.759016,1,6
6.760012,0,6
6.761012,0,6
6.762012,0,6
6.763012,0,6
6.764012,0,6
6.765012,0,6
6.766012,0,6
6.767012,0,6
6.768012,0,6
6.769012,0,6
6.770012,0,6
6.771012,0,6
6.772016,0,6
6.773012,0,6
6.774012,0,6
6.775012,0,6
6.776012,0,6
6.777012,0,6
6.778012,0,6
6.779012,0,6
6.780012,0,6
6.781012,0,6
6.782012,0,6
6.783012,0,6
6.784016,0,6
6.785016,1,6
6.786012,0,6
6.787012,0,6
6.788012,0,6
6.789012,0,6
6.790012,0,6
6.791012,0,6
6.792012,0,6
6.793012,0,6
6.794012,0,6
6.795012,1,6
6.796012,0,6
6.797012,0,6
6.798012,0,6
6.799012,0,6
6.800016,0,6
6.801012,0,6
6.802012,1,6
6.803012,1,6
6.804012,0,6
6.805012,0,6
6.806012,0,6
6.807012,0,6
6.808012,0,6
6.809012,0,6
6.810012,0,6
6.811012,0,6
6.812012,0,6
6.813012,0,6
6.814012,0,6
6.815012,0,6
6.816012,0,6
6.817012,0,6
6.818012,0,6
6.819012,0,6
6.820012,0,6
6.821012,0,6
6.822012,0,6
6.823012,0,6
6.824012,1,6
6.825012,0,6
6.826012,0,6
6.82702,0,6
6.828012,0,6
6.829012,3,6
6.830012,0,6
6.831012,0,6
6.832012,0,6
6.833012,0,6
6.834012,0,6
6.835012,0,6
6.836016,0,6
6.837012,0,6
6.838012,2,6
6.839012,0,6
6.840016,0,6
6.841012,0,6
6.842012,0,6
6.843012,0,6
6.844012,0,6
6.845016,0,6
6.846012,0,6
6.847012,0,6
6.848016,0,6
6.849012,0,6
6.850012,0,6
6.851012,0,6
6.852012,0,6
6.853012,0,6
6.854012,0,6
6.855012,0,6
6.856016,0,6
6.857012,0,6
6.858012,0,6
6.859012,0,6
6.860016,0,6
6.861016,0,6
6.862012,0,6
6.863012,0,6
6.864012,0,6
6.865012,0,6
6.866012,0,6
6.867012,0,6
6.868016,0,6
6.869012,0,6
6.870012,0,6
6.871012,0,6
6.872012,0,6
6.873012,0,6
6.874012,0,6
6.875012,0,6
6.876016,0,6
6.877016,0,6
6.878016,0,6
6.879016,0,6
6.880016,0,6
6.881012,0,6
6.882012,0,6
6.883012,0,6
6.884012,0,6
6.885012,1,6
6.886012,1,6
6.887012,0,6
6.888012,0,6
6.889012,0,6
6.890012,0,6
6.891012,0,6
6.892012,0,6
6.893012,0,6
6.894012,0,6
6.895012,0,6
6.896012,0,6
6.897012,0,6
6.898012,0,6
6.899012,0,6
6.900016,0,6
6.901012,0,6
6.902012,0,6
6.903012,0,6
6.904016,0,6
6.905012,0,6
6.906012,0,6
6.907012,0,6
6.908012,0,6
6.909012,0,6
6.910016,0,6
6.911016,0,6
6.912016,0,6
6.913016,0,6
6.914012,0,6
6.915012,0,6
6.916012,0,6
6.917012,0,6
6.918012,0,6
6.919012,0,6
6.920012,0,6
6.921012,0,6
6.922012,0,6
6.923012,0,6
6.924012,0,6
6.925012,0,6
6.926012,0,6
6.927012,2,6
6.928012,1,6
6.929012,0,6
6.930016,0,6
6.931012,0,6
6.932016,0,6
6.933012,0,6
6.934012,2,6
6.935012,0,6
6.936016,0,6
6.937012,0,6
6.938016,0,6
6.939012,0,6
6.940012,0,6
6.941012,0,6
6.942012,0,6
6.943016,0,6
6.944016,0,6
6.945012,0,6
6.946012,0,6
6.947012,0,6
6.948016,0,6
6.949012,0,6
6.950012,0,6
6.951016,0,6
6.952016,0,6
6.953012,0,6
6.954012,0,6
6.95502,0,6
6.956012,0,6
6.957012,0,6
6.958012,0,6
6.959012,0,6
6.960012,0,6
6.961012,0,6
6.962012,0,6
6.963016,0,6
6.964016,1,6
6.965012,0,6
6.966012,0,6
6.967012,0,6
6.968012,2,6
6.969012,0,6
6.970012,0,6
6.971012,0,6
6.972012,0,6
6.973016,0,6
6.974012,0,6
6.975012,0,6
6.976012,0,6
6.977012,0,6
6.978012,0,6
6.979012,0,6
6.980012,0,6
6.981012,0,6
6.982012,0,6
6.983012,0,6
6.984016,0,6
6.985012,0,6
6.986012,0,6
6.987012,0,6
6.988012,0,6
6.989012,0,6
6.990012,0,6
6.991012,0,6
6.992016,0,6
6.993012,0,6
6.994012,0,6
6.995012,0,6
6.996016,0,6
6.997012,0,6
6.998012,0,6
6.999012,1,6
7.000012,0,6
7.001012,0,7
7.002012,0,7
7.003012,0,7
7.004016,0,7
7.005016,0,7
7.006012,0,7
7.007016,0,7
7.008016,0,7
7.009012,0,7
7.010012,0,7
7.011012,0,7
7.012016,0,7
7.013012,0,7
7.014016,0,7
7.015016,0,7
7.016016,0,7
7.017012,0,7
7.018012,0,7
7.019012,0,7
7.020016,0,7
7.021012,0,7
7.022016,0,7
7.023016,0,7
7.024016,0,7
7.025012,0,7
7.026012,0,7
7.027016,0,7
7.028016,0,7
7.029012,0,7
7.030016,0,7
7.031016,0,7
7.032016,0,7
7.033016,0,7
7.034016,0,7
7.035016,0,7
7.036016,0,7
7.037016,2,7
7.038016,1,7
7.039016,0,7
7.040012,0,7
7.041016,0,7
7.042012,0,7
7.043012,0,7
7.044012,0,7
7.045012,0,7
7.046012,0,7
7.047012,0,7
7.048012,1,7
7.049012,0,7
7.050012,0,7
7.051012,0,7
7.052012,0,7
7.053012,0,7
7.054012,0,7
7.055012,0,7
7.056016,0,7
7.057012,0,7
7.058016,0,7
7.059012,0,7
7.060016,1,7
7.061012,0,7
7.062012,1,7
7.063012,0,7
7.064016,0,7
7.065012,0,7
7.066016,0,7
7.067012,0,7
7.068012,0,7
7.069012,0,7
7.070012,0,7
7.071012,0,7
7.072016,0,7
7.073012,0,7
7.074012,0,7
7.075012,0,7
7.076016,0,7
7.077012,0,7
7.078012,0,7
7.079016,0,7
7.080016,0,7
7.081012,1,7
7.082012,0,7
7.08302,0,7
7.084012,0,7
7.085012,0,7
7.086012,0,7
7.087012,0,7
7.088012,0,7
7.089012,0,7
7.090012,0,7
7.091012,0,7
7.092016,0,7
7.093012,0,7
7.094012,0,7
7.095012,0,7
7.096016,0,7
7.097012,0,7
7.098012,0,7
7.099012,0,7
7.100016,0,7
7.101016,0,7
7.102016,0,7
7.103016,2,7
7.104016,2,7
7.105012,1,7
7.106016,0,7
7.107016,0,7
7.108016,0,7
7.109012,0,7
7.110016,0,7
7.111016,0,7
7.112016,0,7
7.113012,0,7
7.114016,0,7
7.115016,0,7
7.116016,0,7
7.117016,0,7
7.118016,0,7
7.119016,0,7
7.120016,0,7
7.121012,1,7
7.122016,0,7
7.123012,0,7
7.124016,0,7
7.125012,0,7
7.126012,0,7
7.127012,0,7
7.128016,0,7
7.129012,0,7
7.130012,0,7
7.131012,0,7
7.132016,0,7
7.133016,0,7
7.134016,0,7
7.135016,0,7
7.136016,0,7
7.137012,0,7
7.138016,0,7
7.139012,0,7
7.140016,0,7
7.141012,0,7
7.142016,0,7
7.143016,0,7
7.144016,0,7
7.145012,0,7
7.146016,0,7
7.147016,0,7
7.148016,0,7
7.149016,0,7
7.150016,0,7
7.151016,0,7
7.152016,0,7
7.153016,0,7
7.154016,0,7
7.155016,0,7
7.156016,0,7
7.157016,2,7
7.158016,1,7
7.159016,0,7
7.160016,0,7
7.161016,0,7
7.162016,0,7
7.163016,2,7
7.164016,0,7
7.165016,0,7
7.166016,0,7
7.167016,0,7
7.168012,0,7
7.169016,0,7
7.170012,0,7
7.171012,0,7
7.172012,1,7
7.173012,0,7
7.174012,0,7
7.175012,0,7
7.176012,0,7
7.177012,0,7
7.178012,0,7
7.179012,0,7
7.180016,0,7
7.181012,0,7
7.182012,0,7
7.183012,1,7
7.184016,0,7
7.185012,0,7
7.186016,0,7
7.187012,0,7
7.188016,0,7
7.189012,0,7
7.190012,0,7
7.191016,0,7
7.192016,0,7
7.193012,0,7
7.194016,0,7
7.195012,0,7
7.196016,0,7
7.197016,0,7
7.198016,0,7
7.199016,0,7
7.200016,1,7
7.201012,0,7
7.202012,0,7
7.203012,0,7
7.204016,0,7
7.205012,0,7
7.206012,0,7
7.207016,0,7
7.208016,0,7
7.209012,0,7
7.210012,0,7
7.211016,0,7
7.212012,0,7
7.213012,0,7
7.214012,0,7
7.215012,0,7
7.216012,0,7
7.217012,0,7
7.218012,0,7
7.219012,0,7
7.220016,0,7
7.221012,0,7
7.222012,0,7
7.223012,0,7
7.224012,0,7
7.225012,0,7
7.226012,0,7
7.227012,0,7
7.228012,0,7
7.229016,0,7
7.230012,0,7
7.231012,0,7
7.232012,0,7
7.233012,0,7
7.234012,0,7
7.235012,0,7
7.236012,0,7
7.237012,0,7
7.238012,0,7
7.239012,0,7
7.240016,0,7
7.241012,0,7
7.242012,0,7
7.243012,0,7
7.244012,0,7
7.245012,0,7
7.246012,0,7
7.247012,0,7
7.248016,0,7
7.249012,0,7
7.250012,0,7
7.251012,0,7
7.252012,0,7
7.253012,0,7
7.254012,0,7
7.255012,0,7
7.256012,0,7
7.257012,0,7
7.258012,0,7
7.259012,0,7
7.260016,0,7
7.261012,0,7
7.262012,0,7
7.263012,0,7
7.264016,0,7
7.265012,1,7
7.266012,1,7
7.267012,0,7
7.268016,0,7
7.269012,0,7
7.270016,0,7
7.271016,0,7
7.272012,0,7
7.273012,0,7
7.274012,0,7
7.275012,1,7
7.276016,2,7
7.277012,0,7
7.278012,0,7
7.279016,0,7
7.280016,0,7
7.281012,2,7
7.282012,0,7
7.283012,0,7
7.284016,0,7
7.285012,0,7
7.286012,0,7
7.287012,0,7
7.288016,0,7
7.289012,0,7
7.290012,0,7
7.291012,0,7
7.292012,0,7
7.293012,0,7
7.294012,0,7
7.295016,0,7
7.296016,0,7
7.297016,0,7
7.298012,0,7
7.299012,0,7
7.300012,0,7
7.301012,0,7
7.302012,0,7
7.303012,1,7
7.304016,0,7
7.305012,0,7
7.306012,0,7
7.307012,0,7
7.308016,0,7
7.309012,0,7
7.310012,1,7
7.311016,0,7
7.312016,0,7
7.313012,0,7
7.314016,0,7
7.315012,0,7
7.316016,1,7
7.317012,0,7
7.318016,0,7
7.319016,0,7
7.320016,0,7
7.321012,1,7
7.322016,2,7
7.323012,3,7
7.324016,0,7
7.325012,0,7
7.326016,0,7
7.327016,0,7
7.328016,0,7
7.329012,0,7
7.330012,0,7
7.331016,1,7
7.332016,0,7
7.333012,0,7
7.334016,0,7
7.335016,0,7
7.336016,0,7
7.337012,0,7
7.338012,0,7
7.33902,0,7
7.340012,0,7
7.341012,0,7
7.342012,0,7
7.343012,0,7
7.344012,0,7
7.345012,0,7
7.346016,0,7
7.347016,0,7
7.348016,0,7
7.349012,0,7
7.350016,0,7
7.351016,0,7
7.352016,0,7
7.353016,0,7
7.354016,0,7
7.355016,0,7
7.356016,0,7
7.357012,0,7
7.358016,0,7
7.359016,1,7
7.360016,0,7
7.361012,0,7
7.362012,0,7
7.363012,0,7
7.364016,1,7
7.365012,2,7
7.366016,0,7
7.367016,0,7
7.368016,0,7
7.369012,0,7
7.370016,0,7
7.371016,0,7
7.372016,0,7
7.373016,0,7
7.374012,0,7
7.375012,0,7
7.376012,0,7
7.377012,0,7
7.378012,0,7
7.379012,0,7
7.380012,0,7
7.381012,0,7
7.382012,1,7
7.383012,0,7
7.384012,0,7
7.385012,0,7
7.386012,0,7
7.387012,0,7
7.388012,0,7
7.389012,0,7
7.390012,0,7
7.391016,0,7
7.392016,0,7
7.393012,0,7
7.394012,0,7
7.395012,0,7
7.396012,0,7
7.397012,0,7
7.398016,1,7
7.399016,2,7
7.400012,1,7
7.401012,1,7
7.402012,0,7
7.403012,0,7
7.404016,0,7
7.405012,1,7
7.406012,2,7
7.407012,0,7
7.408016,0,7
7.409012,0,7
7.410012,0,7
7.411012,0,7
7.412016,0,7
7.413012,0,7
7.414016,0,7
7.415012,0,7
7.416016,0,7
7.417012,0,7
7.418016,0,7
7.419012,0,7
7.420016,0,7
7.421016,0,7
7.422016,0,7
7.423016,0,7
7.424016,1,7
7.425016,0,7
7.426012,0,7
7.427012,0,7
7.428012,0,7
7.429012,0,7
7.430012,0,7
7.431012,2,7
7.432016,3,7
7.433012,0,7
7.434012,0,7
7.435012,0,7
7.436016,0,7
7.437012,2,7
7.438012,1,7
7.439012,0,7
7.440016,0,7
7.441012,0,7
7.442016,0,7
7.443012,0,7
7.444016,0,7
7.445012,0,7
7.446012,0,7
7.447012,0,7
7.448016,0,7
7.449012,0,7
7.450016,0,7
7.451012,0,7
7.452016,0,7
7.453016,0,7
7.454016,0,7
7.455016,0,7
7.456016,0,7
7.457012,0,7
7.458012,0,7
7.459012,0,7
7.460016,0,7
7.461012,0,7
7.462016,0,7
7.463016,0,7
7.464016,0,7
7.465012,0,7
7.466012,1,7
7.46702,0,7
7.468012,0,7
7.469012,0,7
7.470012,0,7
7.471012,3,7
7.472012,0,7
7.473012,0,7
7.474016,0,7
7.475016,0,7
7.476016,0,7
7.477012,0,7
7.478012,0,7
7.479012,0,7
7.480016,0,7
7.481012,0,7
7.482012,0,7
7.483012,0,7
7.484016,1,7
7.485016,0,7
7.486016,0,7
7.487016,0,7
7.488016,0,7
7.489012,0,7
7.490012,0,7
7.491012,0,7
7.492016,0,7
7.493012,0,7
7.494016,0,7
7.495016,0,7
7.496016,0,7
7.497012,0,7
7.498012,0,7
7.499016,0,7
7.500016,0,7
7.501016,0,7
7.502016,0,7
7.503016,0,7
7.504016,0,7
7.505012,1,7
7.506016,0,7
7.507012,0,7
7.508016,0,7
7.509016,0,7
7.510012,0,7
7.511012,0,7
7.512016,0,7
7.513012,0,7
7.514012,0,7
7.515012,1,7
7.516016,0,7
7.517016,0,7
7.518016,0,7
7.519016,0,7
7.520016,1,7
7.521012,0,7
7.522016,0,7
7.523012,0,7
7.524016,1,7
7.525016,0,7
7.526016,0,7
7.527016,0,7
7.528016,0,7
7.529012,0,7
7.530016,0,7
7.531016,0,7
7.532016,0,7
7.533016,0,7
7.534016,0,7
7.535016,0,7
7.536012,0,7
7.537016,0,7
7.538012,0,7
7.539012,0,7
7.540016,0,7
7.541012,0,7
7.542016,0,7
7.543012,0,7
7.544016,0,7
7.545012,0,7
7.546016,0,7
7.547016,0,7
7.548016,0,7
7.549016,0,7
7.550016,0,7
7.551016,0,7
7.552016,0,7
7.553012,0,7
7.554012,0,7
7.555012,0,7
7.556012,0,7
7.557012,0,7
7.558012,0,7
7.559016,0,7
7.560016,0,7
7.561012,0,7
7.562016,0,7
7.563016,0,7
7.564016,0,7
7.565016,0,7
7.566016,0,7
7.567016,0,7
7.568016,0,7
7.569012,0,7
7.570016,0,7
7.571016,0,7
7.572016,0,7
7.573016,0,7
7.574016,0,7
7.575016,0,7
7.576016,0,7
7.577016,0,7
7.578016,0,7
7.579012,0,7
7.580012,1,7
7.581012,0,7
7.582012,0,7
7.583016,0,7
7.584016,0,7
7.585012,0,7
7.586016,0,7
7.587012,0,7
7.588016,0,7
7.589012,0,7
7.590016,0,7
7.591016,0,7
7.592016,0,7
7.593012,0,7
7.594016,0,7
7.59502,0,7
7.596012,0,7
7.597012,0,7
7.598012,0,7
7.599016,0,7
7.600012,1,7
7.601012,0,7
7.602012,0,7
7.603016,0,7
7.604016,0,7
7.605012,0,7
7.606016,2,7
7.607016,0,7
7.608016,0,7
7.609016,0,7
7.610016,0,7
7.611016,0,7
7.612016,0,7
7.613012,0,7
7.614016,0,7
7.615016,0,7
7.616016,0,7
7.617012,0,7
7.618016,0,7
7.619016,2,7
7.620016,1,7
7.621012,1,7
7.622016,0,7
7.623016,0,7
7.624016,0,7
7.625012,0,7
7.626016,0,7
7.627016,3,7
7.628016,1,7
7.629016,0,7
7.630016,0,7
7.631016,0,7
7.632016,0,7
7.633012,0,7
7.634016,0,7
7.635012,0,7
7.636016,0,7
7.637016,0,7
7.638012,0,7
7.639012,0,7
7.640016,0,7
7.641012,0,7
7.642012,0,7
7.643012,0,7
7.644016,0,7
7.645016,0,7
7.646016,0,7
7.647016,0,7
7.648016,0,7
7.649012,0,7
7.650016,0,7
7.651016,0,7
7.652016,0,7
7.653016,1,7
7.654016,0,7
7.655016,0,7
7.656016,0,7
7.657016,0,7
7.658016,0,7
7.659016,0,7
7.660016,0,7
7.661016,0,7
7.662016,1,7
7.663016,0,7
7.664012,0,7
7.665016,0,7
7.666016,0,7
7.667016,0,7
7.668012,0,7
7.669016,0,7
7.670016,0,7
7.671016,0,7
7.672012,0,7
7.673016,0,7
7.674016,0,7
7.675016,0,7
7.676012,0,7
7.677016,0,7
7.678012,0,7
7.679012,0,7
7.680012,0,7
7.681016,0,7
7.682012,2,7
7.683012,0,7
7.684012,0,7
7.685012,0,7
7.686012,0,7
7.687012,1,7
7.688012,1,7
7.689012,0,7
7.690012,0,7
7.691012,0,7
7.692012,0,7
7.693012,0,7
7.694012,0,7
7.695012,0,7
7.696016,0,7
7.697012,0,7
7.698016,0,7
7.699012,0,7
7.700016,0,7
7.701012,0,7
7.702012,1,7
7.703012,0,7
7.704016,0,7
7.705012,0,7
7.706016,0,7
7.707012,0,7
7.708012,0,7
7.709012,0,7
7.710012,0,7
7.711016,0,7
7.712016,0,7
7.713012,0,7
7.714012,0,7
7.715012,0,7
7.716016,0,7
7.717012,0,7
7.718016,0,7
7.719016,0,7
7.720016,0,7
7.721012,0,7
7.722012,0,7
7.72302,1,7
7.724012,0,7
7.725012,0,7
7.726012,0,7
7.727012,0,7
7.728012,0,7
7.729012,0,7
7.730016,0,7
7.731016,0,7
7.732016,0,7
7.733012,0,7
7.734012,0,7
7.735016,0,7
7.736016,0,7
7.737012,0,7
7.738016,0,7
7.739016,0,7
7.740016,0,7
7.741012,0,7
7.742016,1,7
7.743016,0,7
7.744016,0,7
7.745012,0,7
7.746012,0,7
7.747012,0,7
7.748016,0,7
7.749012,0,7
7.750016,0,7
7.751016,1,7
7.752016,0,7
7.753012,0,7
7.754016,0,7
7.755016,1,7
7.756016,0,7
7.757016,0,7
7.758016,0,7
7.759016,0,7
7.760016,0,7
7.761012,0,7
7.762016,0,7
7.763012,0,7
7.764016,0,7
7.765012,0,7
7.766012,0,7
7.767012,0,7
7.768012,0,7
7.769012,0,7
7.770012,0,7
7.771012,0,7
7.772016,0,7
7.773016,0,7
7.774016,0,7
7.775016,0,7
7.776016,0,7
7.777012,0,7
7.778016,1,7
7.779016,0,7
7.780016,0,7
7.781016,0,7
7.782016,0,7
7.783016,0,7
7.784012,0,7
7.785012,1,7
7.786012,0,7
7.787012,0,7
7.788016,0,7
7.789012,0,7
7.790012,0,7
7.791016,0,7
7.792016,0,7
7.793012,1,7
7.794012,0,7
7.795012,0,7
7.796016,0,7
7.797016,0,7
7.798016,0,7
7.799016,1,7
7.800016,0,7
7.801012,0,7
7.802016,0,7
7.803016,0,7
7.804016,0,7
7.805016,0,7
7.806016,0,7
7.807016,0,7
7.808016,0,7
7.809012,0,7
7.810012,0,7
7.811012,0,7
7.812012,0,7
7.813012,1,7
7.814012,0,7
7.815016,0,7
7.816016,0,7
7.817012,0,7
7.818016,2,7
7.819016,0,7
7.820016,0,7
7.821016,0,7
7.822016,0,7
7.823016,0,7
7.824016,0,7
7.825012,2,7
7.826016,0,7
7.827012,0,7
7.828016,0,7
7.829016,0,7
7.830016,0,7
7.831016,0,7
7.832016,0,7
7.833016,0,7
7.834016,0,7
7.835016,0,7
7.836016,0,7
7.837016,0,7
7.838016,0,7
7.839016,0,7
7.840016,0,7
7.841012,0,7
7.842016,0,7
7.843012,0,7
7.844016,0,7
7.845012,0,7
7.846016,0,7
7.847016,0,7
7.848016,0,7
7.849012,0,7
7.850012,0,7
7.85102,0,7
7.852012,0,7
7.853012,0,7
7.854012,0,7
7.855012,0,7
7.856012,0,7
7.857012,0,7
7.858016,0,7
7.859016,0,7
7.860016,2,7
7.861012,2,7
7.862016,0,7
7.863016,0,7
7.864016,0,7
7.865016,0,7
7.866012,1,7
7.867012,0,7
7.868012,0,7
7.869016,0,7
7.870012,0,7
7.871016,0,7
7.872016,0,7
7.873012,0,7
7.874012,0,7
7.875012,0,7
7.876012,0,7
7.877012,0,7
7.878016,0,7
7.879016,0,7
7.880016,0,7
7.881012,0,7
7.882012,0,7
7.883012,0,7
7.884016,0,7
7.885016,0,7
7.886012,0,7
7.887012,0,7
7.888012,0,7
7.889012,0,7
7.890012,0,7
7.891012,0,7
7.892016,0,7
7.893012,0,7
7.894012,0,7
7.895012,0,7
7.896012,0,7
7.897012,0,7
7.898012,0,7
7.899012,0,7
7.900016,0,7
7.901016,0,7
7.902016,0,7
7.903016,1,7
7.904016,0,7
7.905012,0,7
7.906016,0,7
7.907012,0,7
7.908016,0,7
7.909012,0,7
7.910016,0,7
7.911016,0,7
7.912016,0,7
7.913012,0,7
7.914012,0,7
7.915016,0,7
7.916016,0,7
7.917012,0,7
7.918016,0,7
7.919016,0,7
7.920016,3,7
7.921012,2,7
7.922016,1,7
7.923016,0,7
7.924016,0,7
7.925012,0,7
7.926016,0,7
7.927016,0,7
7.928016,0,7
7.929012,0,7
7.930016,0,7
7.931016,0,7
7.932016,0,7
7.933016,0,7
7.934016,0,7
7.935016,0,7
7.936012,0,7
7.937012,0,7
7.938012,0,7
7.939012,1,7
7.940012,0,7
7.941012,0,7
7.942012,0,7
7.943016,0,7
7.944016,0,7
7.945012,0,7
7.946016,0,7
7.947016,0,7
7.948016,0,7
7.949012,0,7
7.950012,0,7
7.951016,0,7
7.952016,0,7
7.953012,0,7
7.954016,2,7
7.955012,0,7
7.956016,0,7
7.957016,0,7
7.958016,0,7
7.959016,0,7
7.960016,0,7
7.961012,0,7
7.962016,1,7
7.963012,0,7
7.964016,0,7
7.965016,0,7
7.966016,0,7
7.967016,0,7
7.968016,0,7
7.969012,0,7
7.970012,0,7
7.971016,0,7
7.972016,0,7
7.973012,0,7
7.974016,0,7
7.975016,0,7
7.976016,0,7
7.977016,0,7
7.978016,0,7
7.97902,0,7
7.980012,0,7
7.981012,0,7
7.982012,0,7
7.983016,0,7
7.984016,0,7
7.985016,0,7
7.986016,0,7
7.987016,0,7
7.988012,0,7
7.989012,0,7
7.990016,0,7
7.991016,0,7
7.992016,0,7
7.993016,0,7
7.994016,0,7
7.995016,0,7
7.996016,0,7
7.997012,0,7
7.998016,1,7
7.999016,0,7
8.000016,0,7
8.001012,0,8
8.002012,0,8
8.003012,0,8
8.004012,0,8
8.005012,0,8
8.006012,0,8
8.007012,0,8
8.008012,0,8
8.009012,0,8
8.010012,0,8
8.011012,0,8
8.012012,0,8
8.013012,0,8
8.014012,0,8
8.015012,0,8
8.016012,0,8
8.017012,0,8
8.018012,0,8
8.019012,0,8
8.020012,0,8
8.021012,0,8
8.022012,0,8
8.023012,0,8
8.024012,0,8
8.025012,0,8
8.026012,0,8
8.027012,0,8
8.028012,0,8
8.029012,0,8
8.030012,0,8
8.031012,0,8
8.032012,0,8
8.033012,0,8
8.034012,0,8
8.035012,0,8
8.036012,0,8
8.037012,0,8
8.038012,0,8
8.039016,0,8
8.040012,0,8
8.041012,0,8
8.042012,0,8
8.043012,0,8
8.044012,0,8
8.045012,0,8
8.046012,0,8
8.047012,0,8
8.048016,0,8
8.049012,0,8
8.050012,0,8
8.051012,0,8
8.052016,0,8
8.053012,0,8
8.054012,0,8
8.055012,0,8
8.056016,0,8
8.057012,0,8
8.058012,0,8
8.059012,0,8
8.060012,0,8
8.061012,0,8
8.062016,1,8
8.063016,1,8
8.064016,0,8
8.065016,0,8
8.066012,0,8
8.067012,0,8
8.068012,0,8
8.069012,0,8
8.070012,0,8
8.071012,0,8
8.072012,0,8
8.073012,0,8
8.074012,0,8
8.075012,0,8
8.076016,0,8
8.077012,0,8
8.078012,0,8
8.079012,1,8
8.080016,1,8
8.081012,0,8
8.082016,0,8
8.083012,0,8
8.084016,0,8
8.085012,0,8
8.086012,0,8
8.087012,0,8
8.088016,0,8
8.089012,0,8
8.090016,0,8
8.091012,0,8
8.092012,0,8
8.093012,0,8
8.094012,0,8
8.095012,0,8
8.096012,0,8
8.097012,2,8
8.098012,1,8
8.099012,0,8
8.100016,0,8
8.101012,0,8
8.102016,0,8
8.103016,0,8
8.104016,0,8
8.105012,1,8
8.106012,0,8
8.10702,0,8
8.108012,0,8
8.109012,0,8
8.110012,0,8
8.111012,0,8
8.112012,0,8
8.113012,0,8
8.114012,0,8
8.115012,0,8
8.116016,0,8
8.117012,0,8
8.118016,0,8
8.119016,2,8
8.120016,0,8
8.121012,0,8
8.122012,0,8
8.123012,1,8
8.124016,1,8
8.125016,0,8
8.126016,0,8
8.127016,0,8
8.128016,0,8
8.129012,0,8
8.130012,0,8
8.131016,0,8
8.132016,0,8
8.133012,0,8
8.134016,0,8
8.135016,0,8
8.136016,0,8
8.137012,1,8
8.138016,0,8
8.139016,0,8
8.140016,0,8
8.141016,0,8
8.142012,0,8
8.143016,0,8
8.144016,1,8
8.145012,0,8
8.146016,0,8
8.147012,0,8
8.148016,0,8
8.149012,0,8
8.150012,0,8
8.151012,0,8
8.152016,0,8
8.153012,0,8
8.154012,0,8
8.155012,0,8
8.156016,0,8
8.157016,0,8
8.158016,0,8
8.159016,0,8
8.160016,2,8
8.161012,0,8
8.162016,0,8
8.163012,0,8
8.164016,0,8
8.165012,1,8
8.166016,1,8
8.167016,0,8
8.168016,0,8
8.169012,0,8
8.170016,0,8
8.171016,0,8
8.172016,0,8
8.173012,0,8
8.174016,0,8
8.175016,0,8
8.176016,0,8
8.177012,0,8
8.178016,0,8
8.179016,0,8
8.180016,0,8
8.181016,2,8
8.182016,0,8
8.183016,0,8
8.184016,0,8
8.185016,0,8
8.186016,0,8
8.187016,0,8
8.188016,0,8
8.189016,0,8
8.190016,0,8
8.191016,1,8
8.192012,0,8
8.193012,0,8
8.194016,0,8
8.195016,0,8
8.196016,0,8
8.197016,1,8
8.198016,0,8
8.199012,0,8
8.200012,0,8
8.201012,0,8
8.202012,1,8
8.203012,0,8
8.204012,0,8
8.205012,0,8
8.206012,0,8
8.207012,0,8
8.208012,0,8
8.209016,0,8
8.210012,0,8
8.211012,0,8
8.212012,0,8
8.213012,0,8
8.214012,0,8
8.215012,0,8
8.216012,0,8
8.217012,0,8
8.218012,0,8
8.219012,1,8
8.220012,0,8
8.221012,0,8
8.222012,0,8
8.223012,0,8
8.224012,0,8
8.225012,0,8
8.226012,0,8
8.227012,0,8
8.228012,0,8
8.229012,0,8
8.230012,0,8
8.231012,0,8
8.232012,0,8
8.233012,0,8
8.234012,0,8
8.235016,0,8
8.236012,0,8
8.237012,0,8
8.238012,0,8
8.239012,3,8
8.240012,0,8
8.241012,1,8
8.242012,0,8
8.243012,0,8
8.244012,0,8
8.245012,0,8
8.246012,1,8
8.247012,0,8
8.248012,0,8
8.249012,0,8
8.250012,0,8
8.251012,0,8
8.252012,0,8
8.253016,0,8
8.254012,0,8
8.255012,1,8
8.256012,2,8
8.257012,0,8
8.258012,0,8
8.259012,0,8
8.260012,0,8
8.261012,0,8
8.262012,0,8
8.263012,0,8
8.264012,0,8
8.265012,0,8
8.266012,0,8
8.267012,0,8
8.268012,0,8
8.269012,0,8
8.270012,0,8
8.271012,0,8
8.272012,0,8
8.273012,0,8
8.274012,0,8
8.275012,0,8
8.276012,0,8
8.277012,0,8
8.278012,0,8
8.279012,0,8
8.280012,0,8
8.281012,0,8
8.282012,0,8
8.283012,0,8
8.284012,0,8
8.285012,0,8
8.286012,0,8
8.287012,0,8
8.288012,0,8
8.289012,0,8
8.290012,0,8
8.291012,0,8
8.292012,1,8
8.293012,0,8
8.294012,0,8
8.295016,0,8
8.296012,0,8
8.297012,0,8
8.298012,0,8
8.299012,0,8
8.300012,0,8
8.301012,0,8
8.302012,0,8
8.303012,0,8
8.304016,0,8
8.305012,0,8
8.306012,0,8
8.307012,0,8
8.308016,0,8
8.309012,2,8
8.310012,0,8
8.311012,0,8
8.312016,0,8
8.313012,0,8
8.314016,0,8
8.315012,0,8
8.316012,0,8
8.317012,0,8
8.318012,0,8
8.319016,0,8
8.320016,0,8
8.321016,0,8
8.322016,0,8
8.323016,1,8
8.324012,0,8
8.325016,0,8
8.326012,0,8
8.327012,0,8
8.328012,0,8
8.329012,0,8
8.330012,0,8
8.331012,0,8
8.332012,0,8
8.333012,0,8
8.334012,1,8
8.335012,3,8
8.336012,0,8
8.337012,0,8
8.338016,0,8
8.339012,0,8
8.340012,2,8
8.341012,3,8
8.342012,2,8
8.343012,0,8
8.344012,0,8
8.345012,0,8
8.346012,0,8
8.347012,0,8
8.348012,0,8
8.349012,0,8
8.350012,0,8
8.351012,0,8
8.352012,0,8
8.353012,0,8
8.354012,0,8
8.355012,0,8
8.356012,0,8
8.357012,0,8
8.358012,0,8
8.359012,0,8
8.360012,0,8
8.361012,0,8
8.362012,0,8
8.36302,0,8
8.364012,0,8
8.365012,0,8
8.366012,0,8
8.367012,0,8
8.368012,0,8
8.369012,0,8
8.370012,0,8
8.371012,0,8
8.372016,0,8
8.373012,0,8
8.374012,0,8
8.375012,0,8
8.376016,1,8
8.377012,0,8
8.378012,0,8
8.379012,0,8
8.380012,0,8
8.381016,0,8
8.382012,0,8
8.383012,0,8
8.384016,1,8
8.385012,0,8
8.386012,0,8
8.387012,0,8
8.388012,0,8
8.389012,0,8
8.390012,0,8
8.391012,0,8
8.392016,0,8
8.393012,0,8
8.394012,0,8
8.395012,0,8
8.396016,0,8
8.397016,1,8
8.398012,2,8
8.399012,0,8
8.400012,0,8
8.401012,0,8
8.402012,0,8
8.403012,0,8
8.404012,1,8
8.405012,0,8
8.406012,0,8
8.407012,0,8
8.408012,0,8
8.409016,0,8
8.410012,0,8
8.411012,0,8
8.412012,0,8
8.413012,0,8
8.414012,0,8
8.415012,0,8
8.416012,0,8
8.417012,0,8
8.418012,0,8
8.419012,1,8
8.420012,0,8
8.421012,0,8
8.422012,0,8
8.423012,0,8
8.424012,0,8
8.425012,3,8
8.426012,1,8
8.427012,0,8
8.428012,0,8
8.429012,0,8
8.430012,0,8
8.431012,0,8
8.432016,0,8
8.433012,0,8
8.434012,0,8
8.435012,0,8
8.436016,0,8
8.437012,0,8
8.438012,0,8
8.439012,0,8
8.440012,0,8
8.441012,0,8
8.442012,0,8
8.443012,0,8
8.444012,0,8
8.445012,0,8
8.446012,0,8
8.447012,0,8
8.448016,0,8
8.449016,0,8
8.450016,0,8
8.451012,0,8
8.452012,3,8
8.453012,3,8
8.454012,0,8
8.455012,0,8
8.456012,0,8
8.457012,0,8
8.458012,1,8
8.459012,1,8
8.460012,0,8
8.461012,0,8
8.462012,0,8
8.463012,0,8
8.464012,0,8
8.465012,0,8
8.466016,1,8
8.467012,0,8
8.468016,0,8
8.469012,0,8
8.470012,0,8
8.471012,0,8
8.472016,0,8
8.473012,0,8
8.474016,0,8
8.475012,0,8
8.476012,0,8
8.477012,0,8
8.478012,0,8
8.479016,0,8
8.480012,2,8
8.481012,2,8
8.482012,0,8
8.483012,0,8
8.484012,0,8
8.485012,0,8
8.486012,0,8
8.487012,0,8
8.488012,0,8
8.489012,0,8
8.490012,0,8
8.49102,0,8
8.492012,0,8
8.493012,0,8
8.494012,0,8
8.495012,0,8
8.496012,0,8
8.497012,0,8
8.498012,0,8
8.499012,0,8
8.500016,0,8
8.501012,0,8
8.502012,0,8
8.503012,0,8
8.504012,0,8
8.505012,0,8
8.506012,0,8
8.507012,0,8
8.508012,0,8
8.509016,0,8
8.510012,0,8
8.511016,0,8
8.512016,0,8
8.513012,0,8
8.514012,0,8
8.515012,0,8
8.516016,0,8
8.517012,0,8
8.518016,0,8
8.519016,0,8
8.520016,0,8
8.521012,0,8
8.522012,0,8
8.523012,0,8
8.524012,0,8
8.525012,1,8
8.526012,0,8
8.527012,0,8
8.528012,0,8
8.529012,0,8
8.530012,0,8
8.531012,0,8
8.532012,0,8
8.533012,0,8
8.534012,0,8
8.535012,0,8
8.536012,0,8
8.537012,0,8
8.538012,0,8
8.539012,0,8
8.540012,0,8
8.541012,0,8
8.542012,0,8
8.543012,1,8
8.544016,2,8
8.545012,0,8
8.546012,0,8
8.547012,0,8
8.548016,0,8
8.549012,1,8
8.550012,0,8
8.551016,0,8
8.552012,0,8
8.553012,0,8
8.554012,1,8
8.555012,0,8
8.556016,0,8
8.557012,0,8
8.558012,0,8
8.559016,0,8
8.560016,0,8
8.561012,0,8
8.562012,0,8
8.563012,1,8
8.564016,0,8
8.565012,0,8
8.566012,0,8
8.567012,0,8
8.568012,0,8
8.569012,0,8
8.570012,0,8
8.571012,0,8
8.572012,0,8
8.573012,0,8
8.574016,0,8
8.575016,0,8
8.576016,0,8
8.577016,0,8
8.578012,0,8
8.579012,1,8
8.580012,1,8
8.581012,0,8
8.582012,0,8
8.583012,0,8
8.584012,0,8
8.585012,0,8
8.586012,0,8
8.587012,0,8
8.588016,0,8
8.589012,0,8
8.590012,0,8
8.591016,0,8
8.592016,0,8
8.593012,1,8
8.594016,2,8
8.595012,0,8
8.596016,0,8
8.597012,0,8
8.598016,0,8
8.599016,0,8
8.600016,0,8
8.601012,0,8
8.602016,0,8
8.603012,0,8
8.604012,0,8
8.605012,0,8
8.606012,1,8
8.607012,0,8
8.608012,0,8
8.609012,0,8
8.610012,0,8
8.611012,0,8
8.612012,0,8
8.613012,1,8
8.614012,0,8
8.615016,0,8
8.616012,0,8
8.617012,0,8
8.618012,0,8
8.61902,0,8
8.620012,0,8
8.621012,3,8
8.622012,0,8
8.623012,0,8
8.624012,0,8
8.625012,1,8
8.626012,0,8
8.627012,0,8
8.628016,0,8
8.629012,0,8
8.630012,0,8
8.631012,0,8
8.632016,0,8
8.633012,0,8
8.634012,0,8
8.635012,0,8
8.636016,0,8
8.637016,0,8
8.638016,0,8
8.639016,0,8
8.640016,2,8
8.641012,2,8
8.642012,2,8
8.643012,0,8
8.644012,0,8
8.645012,0,8
8.646012,0,8
8.647012,0,8
8.648012,0,8
8.649012,0,8
8.650012,0,8
8.651012,0,8
8.652016,0,8
8.653012,0,8
8.654012,0,8
8.655012,0,8
8.656012,0,8
8.657012,0,8
8.658012,0,8
8.659012,0,8
8.660012,0,8
8.661012,1,8
8.662012,0,8
8.663012,0,8
8.664012,0,8
8.665012,0,8
8.666012,0,8
8.667012,0,8
8.668012,0,8
8.669012,0,8
8.670012,0,8
8.671016,0,8
8.672016,0,8
8.673012,0,8
8.674016,0,8
8.675012,0,8
8.676016,0,8
8.677012,1,8
8.678016,0,8
8.679016,2,8
8.680016,0,8
8.681012,0,8
8.682012,0,8
8.683012,0,8
8.684016,0,8
8.685012,0,8
8.686012,0,8
8.687012,0,8
8.688012,0,8
8.689012,0,8
8.690012,0,8
8.691012,0,8
8.692016,1,8
8.693012,1,8
8.694016,0,8
8.695012,0,8
8.696016,0,8
8.697012,0,8
8.698012,2,8
8.699012,3,8
8.700016,0,8
8.701016,0,8
8.702016,0,8
8.703016,0,8
8.704016,0,8
8.705016,0,8
8.706012,0,8
8.707012,0,8
8.708012,0,8
8.709012,0,8
8.710012,0,8
8.711012,0,8
8.712012,1,8
8.713012,0,8
8.714012,0,8
8.715012,0,8
8.716012,0,8
8.717012,1,8
8.718012,1,8
8.719012,0,8
8.720016,0,8
8.721012,0,8
8.722016,0,8
8.723012,0,8
8.724016,2,8
8.725012,0,8
8.726012,0,8
8.727012,0,8
8.728016,0,8
8.729012,0,8
8.730012,0,8
8.731012,0,8
8.732012,0,8
8.733012,0,8
8.734012,0,8
8.735016,0,8
8.736012,0,8
8.737012,0,8
8.738012,1,8
8.739012,0,8
8.740016,0,8
8.741012,0,8
8.742012,0,8
8.743016,0,8
8.744016,1,8
8.745012,1,8
8.746012,0,8
8.74702,0,8
8.748012,0,8
8.749012,0,8
8.750012,0,8
8.751012,1,8
8.752012,1,8
8.753012,0,8
8.754016,0,8
8.755016,0,8
8.756016,0,8
8.757012,0,8
8.758016,0,8
8.759016,0,8
8.760016,0,8
8.761012,0,8
8.762012,2,8
8.763012,0,8
8.764016,0,8
8.765016,0,8
8.766016,0,8
8.767012,0,8
8.768016,0,8
8.769012,0,8
8.770012,0,8
8.771012,0,8
8.772016,0,8
8.773012,0,8
8.774016,0,8
8.775016,0,8
8.776016,0,8
8.777012,0,8
8.778012,0,8
8.779016,0,8
8.780016,0,8
8.781016,0,8
8.782012,0,8
8.783016,2,8
8.784016,1,8
8.785012,0,8
8.786016,0,8
8.787012,0,8
8.788016,0,8
8.789012,0,8
8.790012,0,8
8.791012,0,8
8.792016,0,8
8.793012,0,8
8.794012,0,8
8.795012,0,8
8.796016,0,8
8.797016,0,8
8.798016,0,8
8.799016,0,8
8.800016,0,8
8.801012,0,8
8.802012,0,8
8.803012,3,8
8.804016,0,8
8.805012,0,8
8.806016,0,8
8.807016,0,8
8.808012,0,8
8.809012,0,8
8.810012,0,8
8.811012,0,8
8.812012,0,8
8.813012,0,8
8.814012,0,8
8.815012,0,8
8.816016,0,8
8.817012,0,8
8.818012,0,8
8.819012,0,8
8.820016,2,8
8.821012,0,8
8.822012,0,8
8.823012,0,8
8.824016,0,8
8.825012,0,8
8.826012,0,8
8.827012,0,8
8.828012,0,8
8.829012,0,8
8.830012,0,8
8.831016,0,8
8.832016,0,8
8.833016,0,8
8.834012,0,8
8.835012,0,8
8.836012,0,8
8.837012,0,8
8.838012,4,8
8.839012,4,8
8.840016,2,8
8.841012,0,8
8.842012,0,8
8.843012,0,8
8.844016,0,8
8.845012,0,8
8.846012,0,8
8.847016,0,8
8.848016,0,8
8.849012,0,8
8.850016,0,8
8.851012,0,8
8.852016,0,8
8.853012,0,8
8.854012,0,8
8.855012,0,8
8.856016,0,8
8.857012,0,8
8.858016,0,8
8.859012,0,8
8.860012,0,8
8.861012,0,8
8.862012,0,8
8.863012,0,8
8.864016,1,8
8.865012,0,8
8.866012,0,8
8.867012,0,8
8.868016,0,8
8.869012,0,8
8.870012,0,8
8.871016,0,8
8.872016,0,8
8.873012,0,8
8.874012,0,8
8.87502,0,8
8.876012,0,8
8.877012,0,8
8.878012,0,8
8.879012,0,8
8.880012,0,8
8.881012,0,8
8.882012,0,8
8.883012,0,8
8.884016,0,8
8.885012,0,8
8.886012,0,8
8.887012,0,8
8.888016,0,8
8.889012,0,8
8.890012,0,8
8.891012,0,8
8.892012,0,8
8.893016,0,8
8.894016,0,8
8.895016,0,8
8.896016,0,8
8.897012,0,8
8.898012,0,8
8.899012,0,8
8.900016,0,8
8.901012,0,8
8.902016,0,8
8.903016,1,8
8.904016,0,8
8.905012,0,8
8.906016,0,8
8.907016,0,8
8.908016,0,8
8.909016,0,8
8.910012,0,8
8.911016,0,8
8.912016,0,8
8.913012,0,8
8.914016,0,8
8.915012,0,8
8.916016,0,8
8.917012,0,8
8.918012,0,8
8.919012,0,8
8.920016,0,8
8.921012,0,8
8.922012,0,8
8.923012,0,8
8.924016,0,8
8.925016,0,8
8.926016,0,8
8.927016,0,8
8.928016,0,8
8.929012,0,8
8.930016,0,8
8.931012,0,8
8.932016,0,8
8.933012,0,8
8.934016,0,8
8.935016,0,8
8.936016,0,8
8.937012,0,8
8.938012,0,8
8.939016,0,8
8.940016,0,8
8.941012,0,8
8.942016,0,8
8.943016,0,8
8.944016,0,8
8.945012,0,8
8.946016,0,8
8.947016,0,8
8.948016,0,8
8.949016,0,8
8.950016,0,8
8.951016,0,8
8.952016,0,8
8.953016,0,8
8.954016,0,8
8.955016,0,8
8.956016,0,8
8.957016,0,8
8.958016,0,8
8.959016,0,8
8.960012,0,8
8.961016,0,8
8.962012,0,8
8.963012,0,8
8.964012,0,8
8.965012,0,8
8.966012,0,8
8.967012,0,8
8.968012,0,8
8.969012,0,8
8.970012,0,8
8.971012,0,8
8.972012,0,8
8.973012,0,8
8.974012,1,8
8.975012,0,8
8.976016,0,8
8.977012,0,8
8.978016,0,8
8.979012,1,8
8.980016,2,8
8.981012,0,8
8.982012,0,8
8.983012,0,8
8.984016,0,8
8.985012,0,8
8.986016,0,8
8.987012,1,8
8.988016,0,8
8.989012,0,8
8.990016,0,8
8.991016,0,8
8.992016,0,8
8.993012,0,8
8.994012,0,8
8.995012,1,8
8.996016,0,8
8.997012,0,8
8.998016,0,8
8.999016,0,8
9.000016,0,8
9.001012,1,9
9.002012,0,9
9.00302,0,9
9.004012,0,9
9.005012,0,9
9.006012,0,9
9.007012,0,9
9.008016,0,9
9.009012,0,9
9.010016,0,9
9.011016,0,9
9.012016,0,9
9.013012,0,9
9.014012,1,9
9.015012,0,9
9.016012,0,9
9.017012,0,9
9.018012,0,9
9.019012,0,9
9.020012,0,9
9.021016,0,9
9.022012,0,9
9.023012,0,9
9.024016,0,9
9.025012,0,9
9.026012,0,9
9.027012,0,9
9.028012,0,9
9.029012,0,9
9.030012,0,9
9.031016,0,9
9.032016,0,9
9.033012,0,9
9.034012,0,9
9.035012,0,9
9.036016,0,9
9.037012,0,9
9.038012,1,9
9.039012,1,9
9.040016,1,9
9.041012,0,9
9.042012,0,9
9.043012,0,9
9.044012,0,9
9.045012,1,9
9.046012,0,9
9.047012,0,9
9.048012,0,9
9.049012,0,9
9.050012,0,9
9.051012,0,9
9.052016,0,9
9.053016,0,9
9.054012,0,9
9.055012,0,9
9.056016,0,9
9.057012,0,9
9.058012,0,9
9.059012,0,9
9.060016,0,9
9.061012,0,9
9.062016,0,9
9.063016,0,9
9.064012,0,9
9.065012,0,9
9.066012,0,9
9.067012,0,9
9.068016,0,9
9.069012,0,9
9.070012,0,9
9.071016,0,9
9.072016,0,9
9.073012,0,9
9.074012,0,9
9.075012,0,9
9.076016,0,9
9.077012,0,9
9.078016,0,9
9.079016,1,9
9.080016,0,9
9.081012,0,9
9.082016,0,9
9.083016,0,9
9.084016,0,9
9.085016,0,9
9.086016,0,9
9.087016,1,9
9.088016,0,9
9.089012,0,9
9.090012,0,9
9.091012,0,9
9.092012,0,9
9.093012,0,9
9.094012,0,9
9.095012,0,9
9.096016,0,9
9.097012,0,9
9.098012,0,9
9.099016,0,9
9.100016,0,9
9.101016,0,9
9.102016,0,9
9.103016,0,9
9.104016,0,9
9.105012,0,9
9.106012,0,9
9.107016,0,9
9.108016,0,9
9.109016,1,9
9.110016,0,9
9.111016,0,9
9.112016,0,9
9.113016,0,9
9.114016,0,9
9.115016,0,9
9.116016,0,9
9.117016,0,9
9.118016,0,9
9.119016,1,9
9.120016,3,9
9.121012,1,9
9.122012,0,9
9.123012,0,9
9.124016,0,9
9.125012,0,9
9.126016,0,9
9.127016,0,9
9.128016,0,9
9.129012,0,9
9.130012,0,9
9.13102,0,9
9.132012,0,9
9.133012,0,9
9.134012,0,9
9.135012,0,9
9.136012,0,9
9.137012,0,9
9.138016,0,9
9.139016,2,9
9.140016,0,9
9.141012,0,9
9.142016,0,9
9.143016,0,9
9.144016,0,9
9.145016,1,9
9.146016,0,9
9.147016,0,9
9.148016,0,9
9.149012,0,9
9.150016,0,9
9.151016,0,9
9.152016,0,9
9.153012,0,9
9.154016,0,9
9.155016,0,9
9.156016,0,9
9.157012,0,9
9.158016,0,9
9.159016,1,9
9.160016,0,9
9.161012,0,9
9.162016,0,9
9.163016,0,9
9.164016,0,9
9.165016,0,9
9.166016,0,9
9.167016,0,9
9.168016,0,9
9.169012,0,9
9.170016,0,9
9.171016,0,9
9.172016,0,9
9.173016,0,9
9.174016,2,9
9.175012,0,9
9.176016,0,9
9.177012,0,9
9.178012,0,9
9.179012,0,9
9.180016,1,9
9.181012,0,9
9.182016,0,9
9.183016,0,9
9.184016,0,9
9.185012,0,9
9.186016,0,9
9.187012,0,9
9.188016,0,9
9.189012,0,9
9.190016,0,9
9.191016,0,9
9.192016,0,9
9.193012,0,9
9.194016,0,9
9.195016,0,9
9.196016,1,9
9.197012,0,9
9.198016,0,9
9.199016,0,9
9.200016,0,9
9.201012,0,9
9.202012,0,9
9.203012,1,9
9.204016,1,9
9.205012,0,9
9.206016,0,9
9.207012,0,9
9.208016,0,9
9.209012,0,9
9.210016,2,9
9.211016,0,9
9.212016,0,9
9.213016,0,9
9.214016,0,9
9.215016,0,9
9.216012,0,9
9.217016,0,9
9.218012,0,9
9.219012,1,9
9.220012,0,9
9.221012,0,9
9.222012,0,9
9.223012,0,9
9.224012,1,9
9.225012,0,9
9.226012,0,9
9.227012,0,9
9.228012,0,9
9.229012,0,9
9.230012,1,9
9.231012,0,9
9.232016,0,9
9.233012,0,9
9.234016,0,9
9.235012,0,9
9.236016,0,9
9.237012,0,9
9.238012,0,9
9.239012,0,9
9.240016,0,9
9.241012,0,9
9.242016,0,9
9.243012,0,9
9.244012,2,9
9.245012,1,9
9.246012,0,9
9.247016,0,9
9.248016,0,9
9.249012,0,9
9.250012,0,9
9.251012,0,9
9.252016,0,9
9.253012,0,9
9.254016,0,9
9.255016,0,9
9.256016,0,9
9.257012,0,9
9.258012,0,9
9.25902,0,9
9.260012,1,9
9.261012,4,9
9.262012,0,9
9.263012,0,9
9.264012,0,9
9.265012,0,9
9.266012,0,9
9.267012,0,9
9.268016,0,9
9.269012,0,9
9.270012,0,9
9.271012,0,9
9.272016,0,9
9.273012,0,9
9.274012,0,9
9.275012,1,9
9.276016,0,9
9.277016,0,9
9.278016,0,9
9.279016,0,9
9.280016,3,9
9.281012,2,9
9.282012,0,9
9.283012,0,9
9.284012,0,9
9.285012,0,9
9.286012,0,9
9.287012,0,9
9.288016,0,9
9.289012,0,9
9.290012,0,9
9.291012,0,9
9.292016,0,9
9.293012,0,9
9.294012,1,9
9.295012,0,9
9.296016,0,9
9.297012,0,9
9.298012,0,9
9.299012,0,9
9.300016,0,9
9.301012,0,9
9.302012,1,9
9.303016,0,9
9.304012,0,9
9.305012,0,9
9.306012,0,9
9.307012,0,9
9.308016,0,9
9.309016,0,9
9.310012,0,9
9.311016,0,9
9.312016,0,9
9.313012,0,9
9.314016,0,9
9.315016,0,9
9.316016,0,9
9.317012,0,9
9.318016,0,9
9.319016,0,9
9.320016,0,9
9.321012,0,9
9.322012,0,9
9.323012,1,9
9.324016,0,9
9.325012,0,9
9.326012,0,9
9.327016,0,9
9.328016,0,9
9.329012,0,9
9.330012,0,9
9.331016,0,9
9.332016,0,9
9.333016,0,9
9.334016,0,9
9.335016,0,9
9.336016,0,9
9.337016,1,9
9.338016,1,9
9.339016,0,9
9.340016,0,9
9.341012,1,9
9.342016,0,9
9.343016,0,9
9.344016,0,9
9.345016,0,9
9.346012,0,9
9.347012,0,9
9.348012,0,9
9.349012,0,9
9.350012,0,9
9.351016,0,9
9.352016,0,9
9.353012,0,9
9.354016,0,9
9.355016,0,9
9.356016,0,9
9.357016,1,9
9.358012,0,9
9.359016,0,9
9.360016,0,9
9.361012,0,9
9.362016,0,9
9.363012,0,9
9.364016,0,9
9.365012,0,9
9.366016,0,9
9.367016,0,9
9.368016,0,9
9.369012,0,9
9.370016,0,9
9.371012,0,9
9.372016,0,9
9.373016,0,9
9.374016,0,9
9.375016,0,9
9.376016,0,9
9.377012,1,9
9.378016,0,9
9.379016,0,9
9.380016,0,9
9.381012,2,9
9.382016,0,9
9.383016,0,9
9.384016,0,9
9.385012,0,9
9.386012,0,9
9.38702,0,9
9.388012,0,9
9.389012,0,9
9.390012,0,9
9.391012,1,9
9.392012,0,9
9.393012,0,9
9.394016,0,9
9.395016,0,9
9.396016,0,9
9.397012,0,9
9.398016,0,9
9.399016,0,9
9.400016,0,9
9.401016,0,9
9.402016,0,9
9.403016,0,9
9.404016,0,9
9.405012,0,9
9.406016,0,9
9.407016,0,9
9.408016,0,9
9.409012,0,9
9.410016,0,9
9.411016,0,9
9.412016,0,9
9.413016,0,9
9.414016,0,9
9.415016,0,9
9.416016,0,9
9.417016,3,9
9.418016,2,9
9.419016,0,9
9.420016,0,9
9.421016,0,9
9.422012,0,9
9.423012,1,9
9.424016,0,9
9.425012,0,9
9.426012,0,9
9.427012,0,9
9.428016,0,9
9.429012,0,9
9.430012,0,9
9.431012,0,9
9.432016,0,9
9.433012,0,9
9.434012,0,9
9.435012,0,9
9.436016,0,9
9.437016,1,9
9.438016,0,9
9.439016,0,9
9.440016,0,9
9.441012,0,9
9.442016,0,9
9.443012,0,9
9.444016,0,9
9.445012,1,9
9.446016,0,9
9.447016,0,9
9.448016,0,9
9.449012,0,9
9.450012,0,9
9.451016,0,9
9.452016,0,9
9.453012,0,9
9.454016,0,9
9.455016,0,9
9.456016,0,9
9.457012,0,9
9.458016,0,9
9.459016,0,9
9.460016,0,9
9.461016,0,9
9.462016,0,9
9.463016,0,9
9.464016,0,9
9.465016,0,9
9.466016,0,9
9.467016,0,9
9.468016,0,9
9.469016,0,9
9.470016,0,9
9.471016,0,9
9.472012,0,9
9.473012,0,9
9.474012,1,9
9.475012,0,9
9.476012,0,9
9.477012,0,9
9.478012,0,9
9.479016,1,9
9.480016,0,9
9.481012,0,9
9.482016,0,9
9.483016,0,9
9.484016,0,9
9.485012,0,9
9.486012,0,9
9.487016,0,9
9.488016,0,9
9.489012,0,9
9.490016,0,9
9.491016,0,9
9.492016,0,9
9.493016,0,9
9.494016,0,9
9.495016,0,9
9.496016,0,9
9.497016,1,9
9.498016,2,9
9.499016,0,9
9.500016,0,9
9.501016,0,9
9.502016,0,9
9.503016,1,9
9.504016,0,9
9.505012,0,9
9.506016,0,9
9.507012,0,9
9.508016,0,9
9.509012,1,9
9.510016,0,9
9.511016,0,9
9.512016,0,9
9.513016,0,9
9.514016,0,9
9.51502,0,9
9.516012,0,9
9.517012,0,9
9.518012,2,9
9.519016,1,9
9.520016,0,9
9.521012,0,9
9.522016,0,9
9.523016,0,9
9.524016,0,9
9.525012,0,9
9.526016,0,9
9.527016,1,9
9.528016,3,9
9.529012,1,9
9.530016,0,9
9.531016,0,9
9.532016,0,9
9.533012,0,9
9.534016,0,9
9.535016,0,9
9.536016,0,9
9.537012,0,9
9.538016,0,9
9.539016,0,9
9.540016,0,9
9.541016,0,9
9.542016,0,9
9.543016,0,9
9.544016,0,9
9.545012,0,9
9.546016,0,9
9.547016,0,9
9.548016,0,9
9.549016,0,9
9.550016,0,9
9.551016,0,9
9.552016,0,9
9.553012,0,9
9.554016,0,9
9.555016,0,9
9.556016,1,9
9.557016,0,9
9.558012,1,9
9.559012,0,9
9.560016,0,9
9.561012,0,9
9.562012,0,9
9.563012,0,9
9.564016,0,9
9.565016,0,9
9.566016,0,9
9.567016,0,9
9.568016,0,9
9.569012,0,9
9.570016,0,9
9.571016,0,9
9.572016,0,9
9.573016,0,9
9.574016,0,9
9.575016,0,9
9.576016,0,9
9.577016,0,9
9.578016,0,9
9.579016,1,9
9.580016,0,9
9.581016,0,9
9.582016,0,9
9.583016,0,9
9.584012,0,9
9.585016,0,9
9.586016,0,9
9.587016,0,9
9.588016,0,9
9.589016,0,9
9.590016,0,9
9.591016,0,9
9.592016,0,9
9.593016,0,9
9.594016,0,9
9.595016,0,9
9.596016,0,9
9.597016,0,9
9.598016,1,9
9.599016,0,9
9.600012,0,9
9.601016,0,9
9.602012,0,9
9.603012,0,9
9.604012,0,9
9.605012,0,9
9.606012,0,9
9.607012,0,9
9.608012,0,9
9.609012,0,9
9.610012,0,9
9.611012,0,9
9.612016,0,9
9.613012,0,9
9.614012,0,9
9.615016,0,9
9.616016,0,9
9.617012,0,9
9.618016,0,9
9.619012,0,9
9.620016,0,9
9.621012,0,9
9.622016,0,9
9.623016,1,9
9.624016,0,9
9.625016,0,9
9.626016,0,9
9.627012,0,9
9.628012,0,9
9.629012,0,9
9.630012,0,9
9.631016,0,9
9.632016,0,9
9.633012,0,9
9.634012,0,9
9.635012,0,9
9.636016,0,9
9.637012,0,9
9.638016,0,9
9.639016,0,9
9.640016,0,9
9.641012,0,9
9.642012,0,9
9.64302,0,9
9.644012,0,9
9.645012,0,9
9.646012,0,9
9.647012,0,9
9.648012,0,9
9.649012,0,9
9.650012,0,9
9.651016,0,9
9.652016,0,9
9.653012,0,9
9.654016,0,9
9.655016,0,9
9.656016,0,9
9.657016,0,9
9.658016,0,9
9.659016,1,9
9.660016,0,9
9.661016,0,9
9.662016,0,9
9.663016,0,9
9.664016,0,9
9.665012,0,9
9.666016,0,9
9.667016,0,9
9.668012,0,9
9.669012,0,9
9.670012,0,9
9.671016,0,9
9.672016,0,9
9.673012,0,9
9.674016,0,9
9.675016,0,9
9.676016,0,9
9.677016,0,9
9.678012,2,9
9.679016,0,9
9.680016,0,9
9.681012,0,9
9.682012,0,9
9.683012,1,9
9.684016,1,9
9.685012,0,9
9.686012,0,9
9.687012,0,9
9.688012,0,9
9.689012,0,9
9.690012,0,9
9.691012,0,9
9.692016,0,9
9.693016,0,9
9.694016,0,9
9.695016,0,9
9.696016,0,9
9.697012,0,9
9.698016,0,9
9.699012,0,9
9.700016,0,9
9.701016,0,9
9.702016,0,9
9.703016,0,9
9.704016,0,9
9.705012,0,9
9.706016,0,9
9.707016,0,9
9.708016,0,9
9.709016,0,9
9.710016,0,9
9.711016,0,9
9.712016,0,9
9.713016,0,9
9.714016,0,9
9.715016,0,9
9.716016,0,9
9.717016,0,9
9.718016,1,9
9.719016,1,9
9.720016,0,9
9.721016,0,9
9.722016,0,9
9.723016,0,9
9.724016,2,9
9.725016,1,9
9.726016,0,9
9.727016,0,9
9.728012,0,9
9.729016,0,9
9.730012,0,9
9.731012,0,9
9.732012,0,9
9.733012,0,9
9.734012,1,9
9.735016,0,9
9.736016,0,9
9.737012,0,9
9.738016,0,9
9.739016,1,9
9.740016,0,9
9.741016,0,9
9.742012,0,9
9.743016,0,9
9.744016,0,9
9.745012,0,9
9.746016,0,9
9.747016,0,9
9.748016,0,9
9.749016,0,9
9.750016,0,9
9.751016,0,9
9.752016,0,9
9.753016,0,9
9.754016,0,9
9.755016,0,9
9.756016,0,9
9.757016,0,9
9.758016,0,9
9.759016,0,9
9.760016,0,9
9.761012,0,9
9.762012,0,9
9.763012,0,9
9.764016,0,9
9.765012,0,9
9.766016,0,9
9.767016,0,9
9.768016,0,9
9.769012,0,9
9.770012,0,9
9.77102,0,9
9.772012,0,9
9.773012,0,9
9.774012,0,9
9.775012,0,9
9.776012,0,9
9.777012,0,9
9.778016,0,9
9.779016,0,9
9.780016,0,9
9.781012,0,9
9.782016,0,9
9.783016,0,9
9.784016,0,9
9.785016,0,9
9.786016,0,9
9.787016,0,9
9.788016,0,9
9.789012,0,9
9.790016,0,9
9.791016,0,9
9.792016,0,9
9.793012,0,9
9.794016,0,9
9.795016,0,9
9.796016,0,9
9.797016,1,9
9.798016,1,9
9.799016,0,9
9.800016,0,9
9.801012,0,9
9.802016,0,9
9.803016,1,9
9.804016,0,9
9.805016,0,9
9.806016,0,9
9.807016,0,9
9.808016,0,9
9.809012,0,9
9.810016,0,9
9.811016,0,9
9.812016,0,9
9.813016,0,9
9.814012,0,9
9.815012,0,9
9.816016,0,9
9.817012,0,9
9.818016,2,9
9.819012,1,9
9.820016,0,9
9.821016,0,9
9.822016,0,9
9.823016,0,9
9.824012,0,9
9.825016,0,9
9.826016,0,9
9.827016,0,9
9.828016,0,9
9.829016,0,9
9.830012,0,9
9.831012,0,9
9.832012,0,9
9.833012,0,9
9.834012,0,9
9.835012,0,9
9.836012,0,9
9.837012,0,9
9.838012,0,9
9.839012,0,9
9.840016,1,9
9.841012,1,9
9.842012,0,9
9.843012,0,9
9.844016,0,9
9.845012,0,9
9.846012,0,9
9.847012,1,9
9.848016,4,9
9.849012,0,9
9.850012,0,9
9.851012,0,9
9.852012,0,9
9.853012,0,9
9.854012,0,9
9.855012,1,9
9.856016,1,9
9.857016,0,9
9.858012,0,9
9.859012,0,9
9.860012,0,9
9.861012,0,9
9.862012,0,9
9.863012,0,9
9.864012,1,9
9.865012,0,9
9.866012,0,9
9.867012,0,9
9.868016,0,9
9.869012,0,9
9.870012,0,9
9.871016,0,9
9.872016,0,9
9.873012,0,9
9.874016,0,9
9.875012,0,9
9.876016,0,9
9.877012,0,9
9.878012,0,9
9.879016,0,9
9.880016,0,9
9.881012,0,9
9.882016,0,9
9.883012,0,9
9.884012,0,9
9.885012,0,9
9.886012,0,9
9.887012,0,9
9.888016,0,9
9.889012,0,9
9.890012,0,9
9.891012,0,9
9.892016,0,9
9.893012,0,9
9.894012,0,9
9.895016,0,9
9.896016,0,9
9.897012,0,9
9.898012,0,9
9.89902,0,9
9.900012,0,9
9.901012,1,9
9.902012,0,9
9.903012,0,9
9.904012,1,9
9.905012,1,9
9.906016,0,9
9.907016,0,9
9.908016,0,9
9.909012,0,9
9.910016,0,9
9.911016,0,9
9.912016,0,9
9.913016,0,9
9.914016,0,9
9.915012,0,9
9.916016,0,9
9.917012,0,9
9.918016,0,9
9.919016,0,9
9.920016,0,9
9.921012,0,9
9.922012,0,9
9.923012,0,9
9.924012,0,9
9.925012,0,9
9.926012,0,9
9.927016,0,9
9.928016,0,9
9.929012,0,9
9.930012,0,9
9.931016,0,9
9.932016,0,9
9.933016,0,9
9.934012,0,9
9.935012,0,9
9.936016,0,9
9.937012,1,9
9.938012,1,9
9.939012,0,9
9.940016,0,9
9.941012,0,9
9.942012,0,9
9.943012,0,9
9.944012,0,9
9.945012,0,9
9.946012,0,9
9.947012,0,9
9.948016,0,9
9.949016,0,9
9.950016,0,9
9.951016,1,9
9.952016,1,9
9.953012,0,9
9.954016,0,9
9.955012,0,9
9.956016,0,9
9.957012,3,9
9.958016,3,9
9.959016,0,9
9.960016,0,9
9.961012,0,9
9.962012,0,9
9.963016,0,9
9.964016,0,9
9.965012,0,9
9.966016,0,9
9.967016,0,9
9.968016,0,9
9.969012,0,9
9.970016,0,9
9.971016,0,9
9.972016,0,9
9.973016,0,9
9.974016,0,9
9.975016,0,9
9.976016,2,9
9.977016,0,9
9.978016,0,9
9.979016,0,9
9.980016,0,9
9.981016,0,9
9.982016,1,9
9.983016,0,9
9.984012,0,9
9.985012,0,9
9.986012,0,9
9.987012,0,9
9.988012,0,9
9.989012,0,9
9.990012,0,9
9.991016,0,9
9.992016,0,9
9.993012,0,9
9.994016,0,9
9.995016,0,9
9.996016,0,9
9.997012,0,9
9.998012,0,9
9.999016,0,9
10.000016,1,9
10.001016,0,10
10.002012,0,10
10.003012,0,10
10.004016,0,10
10.005012,0,10
10.006012,0,10
10.007012,0,10
10.008012,0,10
10.009012,0,10
10.010012,0,10
10.011012,0,10
10.012012,0,10
10.013012,0,10
10.014012,0,10
10.015012,0,10
10.016012,0,10
10.017016,0,10
10.018012,0,10
10.019012,1,10
10.020012,6,10
10.021012,0,10
10.022012,0,10
10.023012,0,10
10.024012,0,10
10.025012,1,10
10.026012,1,10
10.027024,0,10
10.028016,0,10
10.029016,0,10
10.030012,0,10
10.031012,0,10
10.032012,0,10
10.033012,0,10
10.034012,0,10
10.035012,0,10
10.036012,1,10
10.037012,0,10
10.038012,0,10
10.039012,0,10
10.040012,0,10
10.041012,0,10
10.042012,0,10
10.043012,0,10
10.044012,0,10
10.045012,0,10
10.046012,0,10
10.047012,0,10
10.048012,0,10
10.049016,0,10
10.050012,0,10
10.051012,0,10
10.052012,0,10
10.053012,0,10
10.054012,0,10
10.055012,0,10
10.056012,1,10
10.057012,0,10
10.058012,0,10
10.059012,0,10
10.060012,0,10
10.061012,0,10
10.062012,0,10
10.063012,0,10
10.064012,0,10
10.065012,0,10
10.066012,0,10
10.067012,0,10
10.068012,0,10
10.069012,0,10
10.070012,0,10
10.071012,0,10
10.072012,0,10
10.073012,0,10
10.074012,0,10
10.075012,0,10
10.076012,0,10
10.077012,0,10
10.078012,0,10
10.079012,0,10
10.080012,0,10
10.081016,0,10
10.082012,1,10
10.083012,0,10
10.084012,0,10
10.085012,0,10
10.086012,0,10
10.087012,0,10
10.088012,0,10
10.089012,0,10
10.090012,0,10
10.091012,0,10
10.092012,0,10
10.093012,0,10
10.094012,0,10
10.095012,0,10
10.096012,1,10
10.097012,1,10
10.098012,0,10
10.099012,0,10
10.100012,0,10
10.101012,0,10
10.102012,0,10
10.103012,0,10
10.104012,0,10
10.105012,0,10
10.106012,0,10
10.107012,0,10
10.108012,0,10
10.109012,0,10
10.110012,0,10
10.111012,0,10
10.112016,0,10
10.113016,0,10
10.114012,0,10
10.115012,1,10
10.116012,3,10
10.117012,1,10
10.118012,0,10
10.119012,0,10
10.120012,0,10
10.121012,0,10
10.122012,0,10
10.123012,0,10
10.124012,0,10
10.125012,0,10
10.126012,0,10
10.127012,0,10
10.128012,0,10
10.129012,0,10
10.130012,0,10
10.131012,0,10
10.132016,0,10
10.133012,0,10
10.134012,0,10
10.135012,0,10
10.136016,0,10
10.137012,0,10
10.138012,0,10
10.139012,0,10
10.140012,2,10
10.141012,0,10
10.142012,0,10
10.143012,0,10
10.144012,0,10
10.145012,1,10
10.146012,0,10
10.147012,0,10
10.148012,0,10
10.149012,0,10
10.150012,0,10
10.151012,0,10
10.152012,0,10
10.153012,0,10
10.154012,0,10
10.15502,0,10
10.156012,0,10
10.157012,0,10
10.158012,0,10
10.159012,1,10
10.160012,0,10
10.161012,0,10
10.162012,0,10
10.163012,0,10
10.164012,0,10
10.165012,0,10
10.166012,0,10
10.167012,0,10
10.168012,0,10
10.169012,0,10
10.170012,0,10
10.171012,0,10
10.172012,0,10
10.173012,0,10
10.174012,0,10
10.175012,0,10
10.176012,0,10
10.177012,0,10
10.178012,0,10
10.179012,0,10
10.180012,0,10
10.181012,0,10
10.182012,1,10
10.183012,3,10
10.184012,0,10
10.185012,0,10
10.186012,0,10
10.187012,0,10
10.188012,0,10
10.189012,0,10
10.190012,0,10
10.191012,0,10
10.192012,0,10
10.193012,0,10
10.194012,0,10
10.195012,0,10
10.196012,0,10
10.197012,0,10
10.198012,0,10
10.199012,0,10
10.200012,0,10
10.201012,0,10
10.202012,0,10
10.203012,0,10
10.204012,0,10
10.205012,0,10
10.206012,0,10
10.207012,3,10
10.208012,0,10
10.209012,0,10
10.210012,0,10
10.211012,0,10
10.212012,0,10
10.213012,0,10
10.214012,0,10
10.215012,0,10
10.216012,0,10
10.217016,0,10
10.218012,0,10
10.219012,0,10
10.220016,1,10
10.221012,0,10
10.222012,0,10
10.223012,0,10
10.224016,0,10
10.225012,0,10
10.226012,0,10
10.227012,0,10
10.228016,0,10
10.229012,0,10
10.230012,0,10
10.231012,0,10
10.232016,0,10
10.233012,0,10
10.234016,0,10
10.235016,0,10
10.236016,0,10
10.237016,0,10
10.238016,0,10
10.239016,0,10
10.240016,0,10
10.241012,0,10
10.242012,0,10
10.243012,0,10
10.244016,0,10
10.245012,0,10
10.246016,0,10
10.247016,0,10
10.248016,0,10
10.249016,0,10
10.250016,0,10
10.251016,0,10
10.252012,0,10
10.253016,0,10
10.254016,0,10
10.255016,0,10
10.256012,0,10
10.257016,0,10
10.258016,0,10
10.259016,0,10
10.260012,0,10
10.261016,0,10
10.262016,0,10
10.263016,1,10
10.264012,0,10
10.265016,0,10
10.266012,0,10
10.267016,0,10
10.268012,0,10
10.269012,0,10
10.270012,0,10
10.271012,0,10
10.272012,0,10
10.273016,0,10
10.274012,0,10
10.275012,0,10
10.276012,0,10
10.277016,0,10
10.278012,0,10
10.279012,0,10
10.280012,0,10
10.281016,0,10
10.282016,0,10
10.28302,0,10
10.284012,0,10
10.285016,0,10
10.286016,0,10
10.287016,2,10
10.288016,0,10
10.289016,0,10
10.290012,0,10
10.291012,0,10
10.292012,0,10
10.293016,0,10
10.294012,0,10
10.295012,0,10
10.296012,0,10
10.297012,0,10
10.298012,0,10
10.299012,0,10
10.300012,0,10
10.301012,0,10
10.302012,0,10
10.303012,0,10
10.304012,0,10
10.305016,0,10
10.306012,0,10
10.307012,0,10
10.308012,0,10
10.309012,0,10
10.310012,0,10
10.311012,0,10
10.312012,0,10
10.313012,0,10
10.314012,0,10
10.315012,0,10
10.316012,0,10
10.317012,0,10
10.318012,0,10
10.319012,0,10
10.320012,0,10
10.321016,1,10
10.322012,0,10
10.323016,0,10
10.324012,0,10
10.325012,0,10
10.32602,2,10
10.327012,0,10
10.328012,0,10
10.329016,0,10
10.330016,0,10
10.331016,1,10
10.332012,0,10
10.333012,0,10
10.334012,0,10
10.335012,0,10
10.336012,0,10
10.337016,1,10
10.338012,2,10
10.339012,2,10
10.340012,0,10
10.341012,0,10
10.342012,0,10
10.343012,0,10
10.344012,0,10
10.345012,0,10
10.346012,0,10
10.347012,0,10
10.348012,0,10
10.349012,0,10
10.350012,0,10
10.351012,1,10
10.352012,0,10
10.353012,0,10
10.354012,0,10
10.355012,0,10
10.356012,0,10
10.357012,0,10
10.358012,1,10
10.359012,1,10
10.360012,0,10
10.361012,0,10
10.362012,0,10
10.363012,0,10
10.364012,0,10
10.365012,0,10
10.366012,0,10
10.367012,0,10
10.368012,0,10
10.369012,0,10
10.370016,0,10
10.371016,2,10
10.372016,1,10
10.373016,0,10
10.374016,0,10
10.375012,0,10
10.376012,1,10
10.377012,0,10
10.378012,0,10
10.379012,0,10
10.380012,1,10
10.381012,0,10
10.382012,0,10
10.383012,0,10
10.384012,0,10
10.385016,0,10
10.386012,0,10
10.387012,0,10
10.388016,0,10
10.389012,0,10
10.390012,0,10
10.391012,0,10
10.392012,0,10
10.393012,0,10
10.394012,0,10
10.395012,0,10
10.396012,0,10
10.397012,0,10
10.398012,0,10
10.399012,0,10
10.400012,0,10
10.401016,0,10
10.402012,1,10
10.403012,0,10
10.404012,0,10
10.405016,0,10
10.406012,0,10
10.407012,0,10
10.408012,0,10
10.409016,0,10
10.410012,0,10
10.41102,0,10
10.412016,0,10
10.413016,0,10
10.414016,0,10
10.415012,0,10
10.416016,0,10
10.417016,0,10
10.418012,0,10
10.419012,0,10
10.420012,0,10
10.421012,0,10
10.422012,0,10
10.423012,0,10
10.424012,0,10
10.425012,0,10
10.426012,0,10
10.427012,0,10
10.428012,0,10
10.429012,0,10
10.430012,0,10
10.431012,0,10
10.432012,0,10
10.433016,0,10
10.434012,0,10
10.435012,0,10
10.436012,1,10
10.437012,0,10
10.438012,0,10
10.439012,0,10
10.440012,0,10
10.441012,0,10
10.442012,0,10
10.443012,0,10
10.444012,1,10
10.445012,0,10
10.446016,0,10
10.447012,0,10
10.448012,0,10
10.449016,0,10
10.450012,0,10
10.451012,0,10
10.452012,0,10
10.453012,0,10
10.45402,0,10
10.455012,0,10
10.456012,0,10
10.457016,0,10
10.458016,0,10
10.459016,0,10
10.460012,0,10
10.461012,0,10
10.462012,0,10
10.463012,0,10
10.464012,0,10
10.465012,0,10
10.466012,0,10
10.467012,0,10
10.468012,0,10
10.469012,0,10
10.470012,0,10
10.471012,0,10
10.472012,0,10
10.473012,0,10
10.474012,0,10
10.475012,0,10
10.476012,0,10
10.477012,0,10
10.478012,0,10
10.479012,0,10
10.480012,0,10
10.481012,0,10
10.482012,1,10
10.483012,0,10
10.484012,0,10
10.485012,0,10
10.486012,0,10
10.487016,0,10
10.488016,0,10
10.489016,0,10
10.490016,0,10
10.491016,0,10
10.492012,0,10
10.493012,0,10
10.494012,0,10
10.495012,0,10
10.496012,0,10
10.497012,0,10
10.498012,0,10
10.499012,1,10
10.500016,0,10
10.501012,0,10
10.502016,0,10
10.503016,0,10
10.504012,0,10
10.505016,0,10
10.506016,0,10
10.507016,0,10
10.508016,0,10
10.509016,0,10
10.510016,0,10
10.511012,0,10
10.512012,0,10
10.513016,0,10
10.514016,0,10
10.515016,0,10
10.516012,0,10
10.517016,1,10
10.518012,1,10
10.519012,0,10
10.520012,0,10
10.521016,0,10
10.522012,0,10
10.523016,0,10
10.524012,0,10
10.525012,0,10
10.526012,0,10
10.527012,0,10
10.528012,0,10
10.529016,0,10
10.530012,0,10
10.531016,0,10
10.532012,0,10
10.533016,0,10
10.534012,0,10
10.535012,0,10
10.536012,0,10
10.537016,0,10
10.538016,0,10
10.53902,0,10
10.540012,0,10
10.541016,0,10
10.542016,0,10
10.543016,0,10
10.544016,0,10
10.545016,0,10
10.546012,0,10
10.547012,0,10
10.548012,0,10
10.549016,0,10
10.550012,0,10
10.551012,0,10
10.552012,0,10
10.553012,0,10
10.554012,0,10
10.555012,0,10
10.556012,0,10
10.557012,0,10
10.558012,0,10
10.559012,0,10
10.560012,0,10
10.561016,0,10
10.562016,0,10
10.563016,0,10
10.564012,0,10
10.565016,1,10
10.566012,0,10
10.567012,0,10
10.568012,0,10
10.569016,0,10
10.570016,0,10
10.571016,0,10
10.572012,0,10
10.573012,0,10
10.574016,0,10
10.575016,0,10
10.576012,0,10
10.577016,0,10
10.578016,0,10
10.579016,0,10
10.580012,0,10
10.581016,0,10
10.58202,0,10
10.583012,0,10
10.584016,0,10
10.585016,0,10
10.586016,0,10
10.587016,0,10
10.588012,0,10
10.589012,0,10
10.590012,0,10
10.591012,0,10
10.592012,0,10
10.593016,1,10
10.594012,0,10
10.595012,0,10
10.596012,0,10
10.597016,0,10
10.598012,0,10
10.599012,0,10
10.600012,0,10
10.601012,0,10
10.602016,0,10
10.603012,0,10
10.604012,0,10
10.605012,0,10
10.606012,0,10
10.607012,0,10
10.608012,0,10
10.609016,2,10
10.610016,0,10
10.611012,0,10
10.612012,0,10
10.613016,0,10
10.614012,0,10
10.615012,0,10
10.616012,0,10
10.617012,0,10
10.618012,0,10
10.619012,0,10
10.620012,0,10
10.621012,0,10
10.622012,0,10
10.623012,0,10
10.624012,0,10
10.625012,0,10
10.626016,0,10
10.627016,0,10
10.628016,0,10
10.629016,0,10
10.630016,0,10
10.631012,0,10
10.632012,0,10
10.633016,0,10
10.634012,3,10
10.635012,0,10
10.636012,0,10
10.637012,0,10
10.638012,0,10
10.639012,1,10
10.640012,3,10
10.641016,2,10
10.642012,0,10
10.643012,0,10
10.644016,0,10
10.645012,0,10
10.646012,0,10
10.647012,1,10
10.648012,1,10
10.649012,0,10
10.650012,0,10
10.651016,0,10
10.652016,0,10
10.653016,0,10
10.654016,0,10
10.655012,0,10
10.656012,1,10
10.657016,1,10
10.658016,0,10
10.659016,0,10
10.660012,0,10
10.661016,0,10
10.662016,0,10
10.663012,0,10
10.664012,0,10
10.665016,0,10
10.666016,0,10
10.66702,0,10
10.668012,0,10
10.669016,0,10
10.670016,0,10
10.671016,0,10
10.672016,2,10
10.673016,1,10
10.674012,1,10
10.675012,0,10
10.676012,0,10
10.677016,0,10
10.678012,0,10
10.679012,0,10
10.680012,0,10
10.681016,0,10
10.682012,0,10
10.683016,0,10
10.684012,0,10
10.685012,0,10
10.686012,0,10
10.687012,0,10
10.688012,0,10
10.689016,0,10
10.690012,0,10
10.691012,0,10
10.692012,0,10
10.693016,0,10
10.694012,0,10
10.695012,0,10
10.696012,1,10
10.697016,0,10
10.698012,0,10
10.699012,0,10
10.700012,0,10
10.701012,0,10
10.702012,0,10
10.703012,0,10
10.704012,0,10
10.705016,0,10
10.706012,0,10
10.707012,0,10
10.708012,0,10
10.709012,0,10
10.71002,0,10
10.711016,0,10
10.712012,0,10
10.713016,0,10
10.714016,0,10
10.715016,0,10
10.716012,0,10
10.717012,0,10
10.718012,0,10
10.719012,0,10
10.720012,0,10
10.721016,0,10
10.722012,1,10
10.723012,0,10
10.724012,0,10
10.725016,0,10
10.726012,0,10
10.727012,0,10
10.728012,0,10
10.729012,0,10
10.730012,0,10
10.731012,0,10
10.732012,0,10
10.733012,0,10
10.734012,0,10
10.735012,0,10
10.736012,1,10
10.737016,0,10
10.738012,0,10
10.739012,0,10
10.740012,0,10
10.741012,0,10
10.742012,0,10
10.743012,0,10
10.744012,0,10
10.745012,0,10
10.746012,0,10
10.747012,0,10
10.748012,0,10
10.749012,0,10
10.750012,0,10
10.751012,0,10
10.752012,0,10
10.753012,1,10
10.754016,0,10
10.755016,0,10
10.756016,0,10
10.757016,0,10
10.758016,0,10
10.759012,0,10
10.760012,0,10
10.761016,0,10
10.762012,0,10
10.763012,0,10
10.764012,0,10
10.765012,0,10
10.766016,0,10
10.767012,0,10
10.768012,0,10
10.769016,0,10
10.770012,0,10
10.771012,0,10
10.772016,0,10
10.773012,1,10
10.774012,0,10
10.775012,0,10
10.776012,0,10
10.777012,0,10
10.778012,0,10
10.779016,0,10
10.780012,0,10
10.781012,0,10
10.782012,0,10
10.783012,0,10
10.784012,0,10
10.785016,0,10
10.786012,0,10
10.787012,0,10
10.788012,0,10
10.789016,0,10
10.790012,0,10
10.791012,0,10
10.792012,0,10
10.793012,0,10
10.794012,0,10
10.79502,0,10
10.796016,0,10
10.797016,0,10
10.798016,0,10
10.799012,0,10
10.800012,0,10
10.801016,1,10
10.802012,0,10
10.803012,0,10
10.804012,0,10
10.805016,0,10
10.806012,1,10
10.807012,0,10
10.808012,0,10
10.809012,0,10
10.810012,0,10
10.811012,0,10
10.812012,0,10
10.813012,0,10
10.814012,0,10
10.815012,1,10
10.816012,0,10
10.817016,0,10
10.818016,0,10
10.819016,0,10
10.820012,0,10
10.821016,0,10
10.822012,0,10
10.823012,0,10
10.824012,0,10
10.825016,0,10
10.826012,0,10
10.827012,0,10
10.828012,0,10
10.829012,0,10
10.830016,0,10
10.831012,0,10
10.832012,0,10
10.833016,0,10
10.834012,0,10
10.835016,0,10
10.836012,0,10
10.837012,0,10
10.83802,0,10
10.839012,0,10
10.840012,0,10
10.841016,0,10
10.842016,0,10
10.843016,0,10
10.844012,0,10
10.845012,0,10
10.846012,0,10
10.847012,0,10
10.848012,0,10
10.849016,0,10
10.850012,0,10
10.851012,0,10
10.852012,0,10
10.853012,0,10
10.854012,0,10
10.855012,0,10
10.856012,0,10
10.857012,0,10
10.858016,1,10
10.859012,0,10
10.860012,0,10
10.861012,0,10
10.862012,0,10
10.863012,0,10
10.864012,2,10
10.865012,0,10
10.866012,0,10
10.867012,0,10
10.868012,0,10
10.869016,0,10
10.870012,0,10
10.871012,0,10
10.872012,0,10
10.873012,0,10
10.874012,0,10
10.875012,1,10
10.876012,0,10
10.877012,0,10
10.878012,0,10
10.879012,0,10
10.880012,0,10
10.881012,0,10
10.882016,0,10
10.883016,0,10
10.884016,0,10
10.885016,0,10
10.886016,0,10
10.887012,0,10
10.888012,0,10
10.889016,0,10
10.890016,0,10
10.891012,0,10
10.892012,0,10
10.893012,2,10
10.894012,2,10
10.895012,0,10
10.896012,0,10
10.897016,0,10
10.898016,0,10
10.899016,0,10
10.900012,0,10
10.901016,1,10
10.902012,0,10
10.903012,0,10
10.904012,0,10
10.905012,0,10
10.906012,0,10
10.907016,0,10
10.908012,0,10
10.909012,0,10
10.910012,0,10
10.911012,2,10
10.912012,0,10
10.913016,0,10
10.914012,0,10
10.915012,0,10
10.916012,0,10
10.917016,1,10
10.918012,3,10
10.919012,2,10
10.920012,0,10
10.921016,0,10
10.922016,0,10
10.92302,0,10
10.924012,0,10
10.925016,0,10
10.926016,0,10
10.927012,0,10
10.928012,0,10
10.929016,0,10
10.930012,0,10
10.931012,0,10
10.932012,0,10
10.933012,0,10
10.934012,0,10
10.935012,0,10
10.936012,0,10
10.937012,0,10
10.938012,0,10
10.939012,0,10
10.940012,0,10
10.941012,0,10
10.942012,0,10
10.943012,2,10
10.944012,0,10
10.945016,0,10
10.946012,0,10
10.947012,0,10
10.948012,0,10
10.949012,0,10
10.950012,0,10
10.951012,0,10
10.952012,0,10
10.953012,0,10
10.954012,0,10
10.955012,1,10
10.956012,0,10
10.957012,0,10
10.958012,0,10
10.959012,0,10
10.960012,0,10
10.961016,0,10
10.962012,0,10
10.963012,0,10
10.964012,0,10
10.965012,0,10
10.966024,1,10
10.967012,0,10
10.968012,0,10
10.969016,0,10
10.970016,0,10
10.971016,0,10
10.972012,2,10
10.973012,0,10
10.974012,0,10
10.975012,0,10
10.976012,0,10
10.977012,1,10
10.978012,0,10
10.979012,0,10
10.980012,0,10
10.981012,0,10
10.982012,0,10
10.983012,0,10
10.984012,1,10
10.985012,0,10
10.986012,0,10
10.987012,0,10
10.988012,0,10
10.989012,0,10
10.990012,0,10
10.991012,0,10
10.992012,0,10
10.993012,0,10
10.994012,0,10
10.995012,0,10
10.996012,1,10
10.997012,0,10
10.998012,0,10
10.999012,0,10
11.000012,0,10
11.001012,3,11
11.002012,4,11
11.003012,0,11
11.004012,0,11
11.005012,0,11
11.006012,0,11
11.007012,0,11
11.008012,0,11
11.009012,0,11
11.010016,0,11
11.011016,0,11
11.012012,0,11
11.013016,0,11
11.014012,0,11
11.015012,0,11
11.016012,0,11
11.017012,0,11
11.018012,0,11
11.019012,0,11
11.020012,0,11
11.021012,0,11
11.022012,0,11
11.023012,0,11
11.024012,0,11
11.025012,0,11
11.026012,0,11
11.027012,0,11
11.028016,0,11
11.029012,0,11
11.030012,0,11
11.031012,0,11
11.032012,0,11
11.033012,0,11
11.034012,0,11
11.035012,0,11
11.036012,0,11
11.037012,0,11
11.038012,0,11
11.039012,0,11
11.040012,0,11
11.041016,0,11
11.042012,0,11
11.043012,0,11
11.044012,0,11
11.045012,0,11
11.046012,0,11
11.047012,0,11
11.048012,0,11
11.049012,0,11
11.050012,0,11
11.051024,0,11
11.052016,0,11
11.053012,0,11
11.054012,0,11
11.055012,0,11
11.056012,0,11
11.057012,0,11
11.058012,1,11
11.059012,1,11
11.060012,0,11
11.061016,0,11
11.062012,0,11
11.063012,0,11
11.064012,0,11
11.065012,0,11
11.066012,0,11
11.067012,0,11
11.068012,0,11
11.069012,0,11
11.070012,0,11
11.071012,0,11
11.072012,0,11
11.073016,0,11
11.074012,0,11
11.075012,0,11
11.076012,0,11
11.077012,0,11
11.078012,0,11
11.079012,0,11
11.080012,0,11
11.081012,0,11
11.082012,0,11
11.083012,0,11
11.084012,0,11
11.085012,0,11
11.086012,0,11
11.087012,0,11
11.088012,0,11
11.089012,1,11
11.090012,0,11
11.091012,0,11
11.092012,0,11
11.093012,0,11
11.094012,0,11
11.095012,0,11
11.096012,0,11
11.097016,0,11
11.098012,0,11
11.099016,0,11
11.100012,0,11
11.101012,3,11
11.102012,0,11
11.103012,0,11
11.104012,0,11
11.105012,0,11
11.106012,0,11
11.107012,0,11
11.108012,1,11
11.109012,0,11
11.110012,0,11
11.111012,0,11
11.112012,0,11
11.113012,0,11
11.114012,1,11
11.115012,0,11
11.116012,0,11
11.117012,0,11
11.118012,0,11
11.119012,1,11
11.120012,1,11
11.121012,0,11
11.122012,0,11
11.123012,0,11
11.124012,0,11
11.125012,0,11
11.126012,0,11
11.127012,0,11
11.128012,0,11
11.129012,0,11
11.130012,0,11
11.131012,0,11
11.132012,0,11
11.133012,1,11
11.134012,0,11
11.135012,0,11
11.136016,0,11
11.137016,0,11
11.138012,0,11
11.139012,0,11
11.140012,0,11
11.141012,0,11
11.142012,0,11
11.143012,0,11
11.144012,0,11
11.145016,0,11
11.146012,0,11
11.147012,0,11
11.148012,0,11
11.149012,0,11
11.150012,0,11
11.151012,0,11
11.152012,0,11
11.153012,0,11
11.154012,0,11
11.155012,0,11
11.156016,0,11
11.157012,0,11
11.158012,0,11
11.159012,1,11
11.160012,0,11
11.161012,0,11
11.162012,0,11
11.163012,0,11
11.164012,0,11
11.165012,0,11
11.166012,0,11
11.167012,0,11
11.168012,0,11
11.169016,0,11
11.170012,0,11
11.171012,0,11
11.172012,0,11
11.173012,0,11
11.174012,0,11
11.175012,0,11
11.176012,0,11
11.177012,0,11
11.178012,0,11
11.179016,0,11
11.180012,0,11
11.181012,0,11
11.182012,0,11
11.183012,0,11
11.184012,0,11
11.185012,0,11
11.186012,0,11
11.187012,0,11
11.188012,0,11
11.189012,0,11
11.190012,0,11
11.191012,0,11
11.192012,0,11
11.193012,0,11
11.194012,0,11
11.195012,0,11
11.196012,0,11
11.197012,0,11
11.198012,1,11
11.199012,2,11
11.200012,0,11
11.201016,0,11
11.202012,0,11
11.203012,0,11
11.204012,0,11
11.205016,0,11
11.206012,0,11
11.207012,0,11
11.208012,0,11
11.209012,0,11
11.210012,0,11
11.211012,0,11
11.212012,0,11
11.213012,0,11
11.214012,0,11
11.215012,0,11
11.216012,0,11
11.217016,0,11
11.218012,0,11
11.219012,1,11
11.220012,1,11
11.221012,0,11
11.222012,0,11
11.223012,0,11
11.224012,0,11
11.225016,0,11
11.226016,0,11
11.227016,0,11
11.228012,0,11
11.229012,0,11
11.230012,0,11
11.231012,0,11
11.232012,0,11
11.233016,0,11
11.234012,0,11
11.235012,0,11
11.236012,0,11
11.237012,0,11
11.238012,2,11
11.239012,1,11
11.240012,0,11
11.241012,0,11
11.242012,0,11
11.243012,0,11
11.244012,0,11
11.245012,0,11
11.246012,2,11
11.247012,0,11
11.248012,0,11
11.249012,0,11
11.250012,0,11
11.251012,0,11
11.252012,0,11
11.253012,0,11
11.254012,0,11
11.255012,0,11
11.256012,0,11
11.257012,0,11
11.258012,0,11
11.259012,0,11
11.260012,0,11
11.261012,1,11
11.262012,0,11
11.263012,0,11
11.264016,0,11
11.265012,0,11
11.266016,0,11
11.267016,0,11
11.268016,0,11
11.269016,0,11
11.270016,0,11
11.271012,0,11
11.272012,0,11
11.273016,0,11
11.274012,0,11
11.275012,0,11
11.276012,0,11
11.277012,0,11
11.278012,0,11
11.279012,0,11
11.280012,0,11
11.281016,2,11
11.282012,1,11
11.283012,0,11
11.284012,0,11
11.285012,0,11
11.286012,0,11
11.287012,0,11
11.288012,0,11
11.289012,0,11
11.290012,0,11
11.291016,0,11
11.292012,0,11
11.293012,0,11
11.294012,0,11
11.295012,0,11
11.296012,2,11
11.297016,2,11
11.298012,0,11
11.299012,0,11
11.300012,0,11
11.301012,0,11
11.302012,4,11
11.303012,5,11
11.304012,0,11
11.305012,0,11
11.306012,0,11
11.30702,0,11
11.308016,0,11
11.309016,0,11
11.310016,0,11
11.311012,0,11
11.312012,0,11
11.313012,0,11
11.314012,0,11
11.315012,0,11
11.316012,4,11
11.317016,2,11
11.318012,0,11
11.319012,0,11
11.320012,0,11
11.321012,2,11
11.322012,2,11
11.323012,0,11
11.324012,0,11
11.325012,0,11
11.326012,0,11
11.327012,0,11
11.328012,2,11
11.329016,0,11
11.330012,0,11
11.331012,0,11
11.332012,0,11
11.333012,2,11
11.334012,1,11
11.335012,1,11
11.336012,0,11
11.337012,0,11
11.338012,0,11
11.339012,0,11
11.340012,1,11
11.341012,0,11
11.342012,0,11
11.343012,0,11
11.344012,0,11
11.345012,0,11
11.346012,0,11
11.347012,0,11
11.348012,0,11
11.349012,0,11
11.350012,0,11
11.351012,0,11
11.352012,0,11
11.353016,0,11
11.354012,0,11
11.355012,0,11
11.356012,0,11
11.357012,0,11
11.358012,1,11
11.359012,1,11
11.360012,0,11
11.361012,0,11
11.362012,0,11
11.363012,0,11
11.364012,0,11
11.365012,0,11
11.366012,0,11
11.367012,0,11
11.368012,0,11
11.369012,0,11
11.370012,0,11
11.371012,0,11
11.372012,0,11
11.373012,0,11
11.374012,0,11
11.375012,0,11
11.376012,0,11
11.377012,1,11
11.378012,3,11
11.379012,0,11
11.380012,0,11
11.381012,0,11
11.382012,0,11
11.383012,0,11
11.384012,0,11
11.385012,0,11
11.386012,0,11
11.387012,0,11
11.388012,0,11
11.389012,0,11
11.390012,0,11
11.391012,0,11
11.392012,0,11
11.393016,0,11
11.394016,0,11
11.395016,0,11
11.396012,0,11
11.397016,1,11
11.398012,2,11
11.399012,0,11
11.400012,0,11
11.401012,0,11
11.402012,0,11
11.403012,0,11
11.404012,0,11
11.405012,1,11
11.406012,0,11
11.407012,0,11
11.408012,0,11
11.409016,0,11
11.410012,0,11
11.411012,0,11
11.412016,0,11
11.413012,0,11
11.414012,0,11
11.415012,0,11
11.416012,0,11
11.417012,0,11
11.418012,0,11
11.419012,0,11
11.420012,0,11
11.421012,0,11
11.422012,0,11
11.423012,0,11
11.424012,0,11
11.425012,0,11
11.426012,0,11
11.427012,0,11
11.428012,0,11
11.429012,0,11
11.430012,0,11
11.431012,0,11
11.432012,0,11
11.433012,0,11
11.434012,0,11
11.43502,0,11
11.436012,1,11
11.437012,1,11
11.438012,0,11
11.439012,0,11
11.440012,0,11
11.441012,0,11
11.442012,0,11
11.443012,0,11
11.444012,0,11
11.445012,0,11
11.446012,0,11
11.447012,0,11
11.448012,0,11
11.449012,0,11
11.450012,0,11
11.451012,0,11
11.452012,0,11
11.453012,0,11
11.454012,0,11
11.455012,0,11
11.456012,0,11
11.457012,2,11
11.458012,1,11
11.459012,0,11
11.460012,0,11
11.461012,0,11
11.462012,0,11
11.463012,0,11
11.464012,0,11
11.465012,0,11
11.466012,0,11
11.467012,0,11
11.468016,0,11
11.469012,0,11
11.470016,0,11
11.471012,0,11
11.472012,0,11
11.473016,0,11
11.474012,0,11
11.475012,0,11
11.476012,0,11
11.477012,0,11
11.47802,0,11
11.479012,0,11
11.480012,0,11
11.481016,0,11
11.482016,0,11
11.483016,0,11
11.484012,0,11
11.485012,0,11
11.486012,0,11
11.487012,0,11
11.488012,0,11
11.489016,0,11
11.490012,0,11
11.491012,0,11
11.492012,0,11
11.493012,0,11
11.494012,0,11
11.495012,0,11
11.496012,0,11
11.497012,0,11
11.498012,0,11
11.499012,0,11
11.500012,0,11
11.501012,0,11
11.502012,0,11
11.503012,0,11
11.504012,0,11
11.505012,0,11
11.506012,0,11
11.507012,0,11
11.508012,0,11
11.509012,0,11
11.510012,0,11
11.511012,0,11
11.512012,0,11
11.513012,0,11
11.514012,0,11
11.515012,0,11
11.516012,0,11
11.517012,0,11
11.518012,0,11
11.519012,0,11
11.520016,0,11
11.521012,0,11
11.522016,0,11
11.523016,0,11
11.524016,0,11
11.525016,0,11
11.526016,0,11
11.527012,0,11
11.528012,0,11
11.529016,0,11
11.530012,0,11
11.531012,0,11
11.532012,0,11
11.533012,0,11
11.534012,0,11
11.535012,0,11
11.536012,0,11
11.537016,0,11
11.538012,0,11
11.539012,0,11
11.540016,0,11
11.541012,0,11
11.542012,0,11
11.543012,0,11
11.544012,0,11
11.545012,0,11
11.546012,0,11
11.547012,0,11
11.548012,0,11
11.549012,0,11
11.550012,0,11
11.551012,0,11
11.552012,0,11
11.553016,1,11
11.554012,2,11
11.555012,0,11
11.556012,0,11
11.557012,0,11
11.558012,0,11
11.559012,0,11
11.560012,0,11
11.561012,0,11
11.562012,0,11
11.56302,0,11
11.564016,0,11
11.565016,0,11
11.566016,0,11
11.567012,0,11
11.568012,0,11
11.569012,0,11
11.570012,0,11
11.571012,0,11
11.572012,0,11
11.573016,0,11
11.574012,0,11
11.575012,0,11
11.576012,0,11
11.577012,0,11
11.578012,0,11
11.579012,0,11
11.580012,0,11
11.581012,0,11
11.582012,0,11
11.583012,0,11
11.584012,0,11
11.585016,0,11
11.586012,0,11
11.587012,0,11
11.588012,0,11
11.589012,0,11
11.590012,0,11
11.591012,0,11
11.592012,0,11
11.593012,0,11
11.594012,0,11
11.595012,0,11
11.596012,0,11
11.597012,0,11
11.598012,0,11
11.599012,0,11
11.600012,0,11
11.601016,0,11
11.602012,0,11
11.603012,0,11
11.604012,0,11
11.605012,1,11
11.606024,0,11
11.607016,0,11
11.608012,0,11
11.609016,0,11
11.610016,0,11
11.611016,1,11
11.612012,0,11
11.613012,0,11
11.614012,0,11
11.615012,0,11
11.616012,0,11
11.617016,0,11
11.618012,0,11
11.619012,0,11
11.620012,0,11
11.621012,0,11
11.622012,0,11
11.623012,0,11
11.624012,0,11
11.625012,0,11
11.626012,0,11
11.627012,0,11
11.628012,0,11
11.629012,0,11
11.630012,0,11
11.631012,0,11
11.632012,0,11
11.633012,0,11
11.634012,0,11
11.635012,0,11
11.636012,0,11
11.637012,0,11
11.638012,0,11
11.639012,0,11
11.640012,0,11
11.641012,0,11
11.642012,0,11
11.643012,0,11
11.644012,0,11
11.645012,0,11
11.646012,0,11
11.647012,0,11
11.648012,0,11
11.649016,0,11
11.650016,0,11
11.651016,0,11
11.652012,0,11
11.653016,0,11
11.654012,0,11
11.655012,0,11
11.656012,0,11
11.657012,0,11
11.658012,0,11
11.659012,0,11
11.660012,0,11
11.661012,0,11
11.662012,0,11
11.663012,0,11
11.664012,0,11
11.665012,0,11
11.666012,0,11
11.667012,0,11
11.668016,0,11
11.669012,0,11
11.670012,0,11
11.671012,0,11
11.672012,0,11
11.673012,0,11
11.674012,0,11
11.675012,0,11
11.676012,0,11
11.677012,0,11
11.678012,0,11
11.679012,0,11
11.680012,0,11
11.681016,0,11
11.682012,0,11
11.683012,0,11
11.684012,0,11
11.685016,0,11
11.686012,0,11
11.687012,0,11
11.688012,0,11
11.689012,0,11
11.690012,0,11
11.69102,1,11
11.692016,0,11
11.693016,0,11
11.694012,0,11
11.695012,0,11
11.696012,0,11
11.697012,1,11
11.698012,2,11
11.699012,0,11
11.700012,0,11
11.701012,0,11
11.702012,0,11
11.703012,0,11
11.704012,0,11
11.705012,0,11
11.706012,0,11
11.707012,0,11
11.708012,0,11
11.709012,0,11
11.710012,0,11
11.711012,0,11
11.712012,0,11
11.713012,0,11
11.714012,0,11
11.715012,0,11
11.716012,1,11
11.717012,1,11
11.718012,0,11
11.719012,0,11
11.720012,0,11
11.721012,0,11
11.722012,0,11
11.723012,0,11
11.724012,0,11
11.725012,0,11
11.726012,0,11
11.727012,0,11
11.728012,0,11
11.729012,0,11
11.730012,0,11
11.731012,0,11
11.732012,0,11
11.733012,0,11
11.734012,0,11
11.735012,0,11
11.736012,0,11
11.737016,0,11
11.738012,0,11
11.739016,0,11
11.740012,0,11
11.741012,1,11
11.742012,0,11
11.743012,0,11
11.744012,0,11
11.745012,0,11
11.746012,0,11
11.747012,0,11
11.748012,0,11
11.749012,0,11
11.750012,0,11
11.751012,0,11
11.752012,0,11
11.753016,0,11
11.754012,0,11
11.755012,0,11
11.756012,0,11
11.757012,0,11
11.758012,0,11
11.759012,0,11
11.760012,0,11
11.761012,0,11
11.762012,0,11
11.763012,0,11
11.764016,0,11
11.765012,0,11
11.766012,0,11
11.767012,0,11
11.768012,0,11
11.769012,0,11
11.770012,0,11
11.771012,0,11
11.772012,0,11
11.773012,1,11
11.774012,0,11
11.775016,0,11
11.776016,0,11
11.777016,0,11
11.778016,0,11
11.779016,0,11
11.780012,0,11
11.781016,0,11
11.782012,0,11
11.783012,0,11
11.784012,0,11
11.785012,0,11
11.786012,0,11
11.787012,0,11
11.788012,0,11
11.789012,0,11
11.790012,0,11
11.791012,0,11
11.792012,2,11
11.793012,0,11
11.794012,0,11
11.795012,0,11
11.796016,0,11
11.797012,0,11
11.798012,0,11
11.799012,0,11
11.800012,0,11
11.801012,0,11
11.802012,0,11
11.803012,0,11
11.804012,0,11
11.805012,0,11
11.806012,0,11
11.807012,0,11
11.808012,0,11
11.809016,0,11
11.810012,0,11
11.811012,0,11
11.812012,0,11
11.813012,0,11
11.814012,0,11
11.815012,0,11
11.816012,0,11
11.817012,0,11
11.818012,0,11
11.819024,0,11
11.820016,0,11
11.821016,0,11
11.822016,0,11
11.823012,0,11
11.824012,0,11
11.825012,0,11
11.826012,0,11
11.827012,0,11
11.828012,0,11
11.829012,0,11
11.830012,0,11
11.831012,0,11
11.832012,0,11
11.833012,0,11
11.834012,0,11
11.835012,0,11
11.836012,0,11
11.837012,0,11
11.838012,0,11
11.839012,0,11
11.840012,0,11
11.841016,0,11
11.842012,0,11
11.843012,0,11
11.844012,0,11
11.845012,0,11
11.846012,0,11
11.847012,0,11
11.848012,0,11
11.849012,0,11
11.850012,0,11
11.851012,0,11
11.852012,0,11
11.853012,0,11
11.854012,0,11
11.855012,0,11
11.856012,0,11
11.857012,0,11
11.858012,0,11
11.859012,0,11
11.860012,0,11
11.861012,0,11
11.862012,0,11
11.863012,0,11
11.864012,0,11
11.865016,0,11
11.866012,0,11
11.867016,0,11
11.868012,0,11
11.869012,0,11
11.870012,0,11
11.871012,0,11
11.872012,0,11
11.873012,0,11
11.874012,0,11
11.875012,0,11
11.876012,0,11
11.877012,0,11
11.878012,0,11
11.879012,0,11
11.880012,0,11
11.881012,0,11
11.882012,0,11
11.883012,0,11
11.884012,0,11
11.885012,0,11
11.886012,0,11
11.887012,0,11
11.888012,0,11
11.889012,0,11
11.890012,0,11
11.891012,0,11
11.892012,0,11
11.893012,0,11
11.894012,0,11
11.895012,0,11
11.896012,0,11
11.897012,1,11
11.898012,2,11
11.899012,1,11
11.900012,0,11
11.901012,0,11
11.902012,0,11
11.903012,0,11
11.904012,0,11
11.905016,0,11
11.906016,0,11
11.907016,0,11
11.908012,0,11
11.909016,0,11
11.910012,0,11
11.911012,0,11
11.912012,0,11
11.913012,2,11
11.914012,0,11
11.915012,0,11
11.916012,0,11
11.917012,0,11
11.918012,0,11
11.919012,0,11
11.920012,0,11
11.921016,0,11
11.922012,0,11
11.923012,0,11
11.924016,0,11
11.925012,0,11
11.926012,0,11
11.927012,0,11
11.928012,0,11
11.929012,0,11
11.930012,0,11
11.931012,0,11
11.932012,0,11
11.933012,0,11
11.934012,0,11
11.935012,0,11
11.936012,0,11
11.937012,0,11
11.938012,0,11
11.939012,1,11
11.940012,0,11
11.941012,0,11
11.942012,0,11
11.943012,0,11
11.944012,0,11
11.945012,1,11
11.946012,0,11
11.947016,0,11
11.948012,0,11
11.949012,0,11
11.950012,0,11
11.951012,0,11
11.952012,0,11
11.953012,0,11
11.954012,0,11
11.955012,0,11
11.956016,0,11
11.957012,0,11
11.958012,0,11
11.959012,0,11
11.960012,0,11
11.961012,0,11
11.962012,0,11
11.963012,0,11
11.964012,0,11
11.965012,0,11
11.966012,0,11
11.967012,0,11
11.968012,0,11
11.969012,0,11
11.970012,0,11
11.971012,0,11
11.972012,0,11
11.973012,0,11
11.974012,0,11
11.975012,0,11
11.976012,0,11
11.977012,0,11
11.978012,1,11
11.979012,0,11
11.980012,1,11
11.981012,0,11
11.982012,0,11
11.983012,0,11
11.984012,0,11
11.985012,0,11
11.986012,0,11
11.987012,0,11
11.988012,0,11
11.989012,0,11
11.990012,0,11
11.991012,0,11
11.992012,0,11
11.993012,0,11
11.994012,2,11
11.995012,3,11
11.996012,1,11
11.997012,0,11
11.998012,0,11
11.999012,0,11
12.000012,0,11
12.001012,0,12
12.002012,0,12
12.003012,1,12
12.004012,0,12
12.005012,0,12
12.006012,0,12
12.007012,0,12
12.008012,0,12
12.009012,0,12
12.010012,0,12
12.011012,0,12
12.012012,0,12
12.013012,0,12
12.014012,0,12
12.015012,0,12
12.016012,0,12
12.017012,2,12
12.018012,0,12
12.019012,0,12
12.020012,0,12
12.021012,0,12
12.022012,2,12
12.023012,2,12
12.024012,0,12
12.025012,0,12
12.026012,0,12
12.027012,0,12
12.028012,0,12
12.029012,0,12
12.030012,1,12
12.031012,2,12
12.032016,2,12
12.033016,0,12
12.034016,0,12
12.035016,0,12
12.036012,0,12
12.037016,0,12
12.038012,0,12
12.039012,0,12
12.040012,0,12
12.041012,0,12
12.042012,0,12
12.043012,0,12
12.044012,0,12
12.045012,0,12
12.046012,0,12
12.047012,0,12
12.048012,0,12
12.049016,0,12
12.050012,0,12
12.051012,0,12
12.052016,0,12
12.053012,0,12
12.054012,1,12
12.055012,0,12
12.056012,0,12
12.057012,0,12
12.058012,0,12
12.059012,1,12
12.060012,0,12
12.061012,0,12
12.062012,0,12
12.063012,0,12
12.064012,0,12
12.065012,0,12
12.066012,0,12
12.067012,0,12
12.068012,0,12
12.069012,0,12
12.070012,0,12
12.071012,0,12
12.072012,0,12
12.073012,0,12
12.074012,0,12
12.07502,0,12
12.076012,0,12
12.077012,0,12
12.078012,0,12
12.079012,0,12
12.080012,0,12
12.081012,0,12
12.082012,0,12
12.083012,1,12
12.084016,0,12
12.085012,0,12
12.086012,0,12
12.087012,0,12
12.088012,0,12
12.089012,0,12
12.090012,0,12
12.091012,0,12
12.092012,0,12
12.093012,0,12
12.094012,0,12
12.095012,0,12
12.096012,2,12
12.097016,0,12
12.098012,0,12
12.099012,0,12
12.100012,0,12
12.101012,0,12
12.102012,0,12
12.103012,0,12
12.104012,0,12
12.105012,0,12
12.106012,0,12
12.107012,0,12
12.108012,0,12
12.109012,0,12
12.110012,0,12
12.111012,0,12
12.112012,0,12
12.113012,0,12
12.114012,0,12
12.115012,0,12
12.116012,0,12
12.117012,0,12
12.118012,0,12
12.119012,0,12
12.120012,0,12
12.121012,0,12
12.122012,0,12
12.123012,0,12
12.124012,0,12
12.125012,0,12
12.126012,0,12
12.127012,0,12
12.128012,0,12
12.129012,0,12
12.130012,0,12
12.131012,0,12
12.132012,0,12
12.133012,0,12
12.134012,0,12
12.135012,0,12
12.136012,2,12
12.137012,1,12
12.138012,0,12
12.139012,0,12
12.140012,0,12
12.141012,0,12
12.142012,0,12
12.143012,0,12
12.144012,0,12
12.145012,0,12
12.146012,0,12
12.147012,0,12
12.148016,0,12
12.149012,0,12
12.150012,0,12
12.151012,0,12
12.152012,0,12
12.153012,0,12
12.154012,0,12
12.155012,1,12
12.156012,0,12
12.157012,0,12
12.158012,0,12
12.159012,0,12
12.160016,0,12
12.161016,0,12
12.162016,0,12
12.163016,0,12
12.164012,0,12
12.165016,0,12
12.166012,0,12
12.167012,0,12
12.168012,0,12
12.169012,0,12
12.170012,0,12
12.171012,0,12
12.172012,0,12
12.173012,0,12
12.174012,0,12
12.175012,0,12
12.176012,0,12
12.177012,0,12
12.178012,0,12
12.179012,1,12
12.180016,0,12
12.181012,0,12
12.182012,0,12
12.183012,0,12
12.184012,0,12
12.185012,0,12
12.186012,0,12
12.187012,0,12
12.188012,0,12
12.189012,0,12
12.190012,0,12
12.191012,0,12
12.192012,0,12
12.193012,0,12
12.194012,0,12
12.195012,0,12
12.196012,0,12
12.197012,0,12
12.198012,0,12
12.199012,1,12
12.200012,1,12
12.201012,0,12
12.202012,0,12
12.203016,0,12
12.204012,0,12
12.205012,0,12
12.206012,0,12
12.207012,0,12
12.208012,0,12
12.209012,0,12
12.210012,0,12
12.211012,0,12
12.212012,0,12
12.213012,0,12
12.214012,1,12
12.215012,0,12
12.216012,0,12
12.217012,0,12
12.218012,0,12
12.219012,0,12
12.220012,0,12
12.221012,0,12
12.222012,0,12
12.223012,0,12
12.224012,0,12
12.225012,0,12
12.226012,0,12
12.227012,0,12
12.228012,0,12
12.229012,0,12
12.230012,0,12
12.231012,0,12
12.232012,0,12
12.233012,0,12
12.234012,0,12
12.235012,0,12
12.236012,0,12
12.237012,0,12
12.238012,0,12
12.239012,0,12
12.240012,0,12
12.241012,0,12
12.242012,0,12
12.243012,0,12
12.244012,0,12
12.245012,0,12
12.246012,0,12
12.247012,0,12
12.248012,0,12
12.249016,0,12
12.250012,0,12
12.251012,0,12
12.252012,0,12
12.253012,0,12
12.254012,0,12
12.255012,0,12
12.256012,0,12
12.257012,0,12
12.258012,1,12
12.259012,1,12
12.260012,0,12
12.261012,0,12
12.262012,0,12
12.263012,0,12
12.264012,0,12
12.265016,0,12
12.266012,0,12
12.267012,0,12
12.268012,0,12
12.269012,0,12
12.270012,0,12
12.271012,0,12
12.272016,0,12
12.273012,0,12
12.274012,1,12
12.275012,0,12
12.276016,0,12
12.277012,0,12
12.278012,0,12
12.279012,0,12
12.280016,0,12
12.281012,0,12
12.282012,0,12
12.283012,1,12
12.284012,0,12
12.285012,0,12
12.286016,0,12
12.287016,0,12
12.288016,0,12
12.289012,0,12
12.290016,0,12
12.291016,0,12
12.292016,0,12
12.293016,0,12
12.294016,0,12
12.295012,0,12
12.296012,0,12
12.297016,0,12
12.298012,0,12
12.299012,0,12
12.300012,0,12
12.301012,1,12
12.302012,0,12
12.303012,0,12
12.304012,0,12
12.305016,0,12
12.306012,0,12
12.307012,0,12
12.308016,0,12
12.309012,0,12
12.310012,0,12
12.311012,0,12
12.312012,0,12
12.313012,0,12
12.314012,0,12
12.315012,0,12
12.316012,0,12
12.317012,0,12
12.318012,0,12
12.319012,0,12
12.320012,0,12
12.321016,0,12
12.322012,0,12
12.323012,0,12
12.324012,0,12
12.325012,0,12
12.326012,0,12
12.327012,0,12
12.328012,0,12
12.329012,0,12
12.330012,0,12
12.33102,0,12
12.332016,0,12
12.333016,0,12
12.334016,0,12
12.335012,0,12
12.336012,0,12
12.337012,0,12
12.338012,0,12
12.339012,0,12
12.340012,2,12
12.341012,0,12
12.342012,0,12
12.343012,0,12
12.344012,0,12
12.345012,0,12
12.346012,0,12
12.347012,0,12
12.348012,0,12
12.349012,0,12
12.350012,0,12
12.351012,0,12
12.352012,0,12
12.353016,0,12
12.354012,0,12
12.355012,1,12
12.356012,0,12
12.357012,0,12
12.358012,0,12
12.359012,0,12
12.360012,0,12
12.361012,0,12
12.362012,0,12
12.363012,0,12
12.364012,0,12
12.365012,0,12
12.366012,0,12
12.367012,1,12
12.368012,0,12
12.369012,0,12
12.370012,0,12
12.371012,0,12
12.372012,0,12
12.373012,0,12
12.374012,3,12
12.375012,0,12
12.376012,0,12
12.377016,0,12
12.378012,0,12
12.379016,3,12
12.380012,3,12
12.381012,2,12
12.382012,0,12
12.383012,0,12
12.384012,0,12
12.385012,0,12
12.386012,0,12
12.387012,0,12
12.388012,0,12
12.389012,0,12
12.390012,0,12
12.391012,0,12
12.392012,0,12
12.393012,0,12
12.394012,0,12
12.395012,0,12
12.396012,0,12
12.397012,1,12
12.398012,0,12
12.399012,0,12
12.400012,0,12
12.401012,0,12
12.402012,0,12
12.403012,0,12
12.404012,0,12
12.405012,0,12
12.406012,0,12
12.407012,0,12
12.408012,0,12
12.409012,0,12
12.410012,0,12
12.411012,0,12
12.412012,0,12
12.413012,0,12
12.414012,0,12
12.415012,0,12
12.416012,0,12
12.417016,0,12
12.418016,0,12
12.419016,0,12
12.420012,0,12
12.421016,0,12
12.422012,0,12
12.423012,0,12
12.424012,0,12
12.425012,0,12
12.426012,0,12
12.427012,0,12
12.428012,0,12
12.429012,0,12
12.430012,0,12
12.431012,0,12
12.432012,1,12
12.433012,0,12
12.434012,0,12
12.435012,0,12
12.436016,1,12
12.437012,0,12
12.438012,3,12
12.439012,0,12
12.440012,0,12
12.441012,0,12
12.442012,0,12
12.443012,0,12
12.444012,0,12
12.445012,0,12
12.446012,0,12
12.447012,0,12
12.448012,0,12
12.449012,0,12
12.450012,0,12
12.451012,0,12
12.452012,0,12
12.453012,0,12
12.454012,0,12
12.455012,0,12
12.456012,0,12
12.457012,1,12
12.458012,0,12
12.459024,0,12
12.460016,0,12
12.461016,0,12
12.462016,0,12
12.463012,1,12
12.464012,0,12
12.465012,0,12
12.466012,0,12
12.467012,0,12
12.468012,0,12
12.469012,0,12
12.470012,0,12
12.471012,0,12
12.472012,0,12
12.473012,0,12
12.474012,0,12
12.475012,0,12
12.476012,0,12
12.477012,0,12
12.478012,0,12
12.479012,0,12
12.480012,0,12
12.481016,0,12
12.482012,0,12
12.483012,0,12
12.484012,0,12
12.485012,0,12
12.486012,0,12
12.487012,0,12
12.488012,0,12
12.489012,0,12
12.490012,0,12
12.491012,0,12
12.492012,0,12
12.493012,0,12
12.494016,0,12
12.495012,0,12
12.496012,0,12
12.497016,1,12
12.498012,1,12
12.499012,0,12
12.500012,0,12
12.501012,0,12
12.502024,0,12
12.503016,0,12
12.504012,0,12
12.505016,0,12
12.506016,0,12
12.507016,0,12
12.508012,0,12
12.509012,0,12
12.510012,0,12
12.511012,0,12
12.512012,0,12
12.513012,0,12
12.514012,0,12
12.515012,2,12
12.516012,0,12
12.517012,0,12
12.518012,0,12
12.519012,0,12
12.520012,0,12
12.521012,0,12
12.522012,0,12
12.523012,0,12
12.524012,0,12
12.525012,0,12
12.526012,0,12
12.527012,0,12
12.528012,0,12
12.529012,0,12
12.530012,0,12
12.531012,0,12
12.532016,0,12
12.533012,0,12
12.534012,0,12
12.535012,0,12
12.536012,0,12
12.537012,0,12
12.538012,0,12
12.539012,1,12
12.540012,0,12
12.541012,0,12
12.542012,0,12
12.543012,0,12
12.544016,0,12
12.545016,0,12
12.546016,0,12
12.547016,0,12
12.548012,0,12
12.549016,0,12
12.550012,0,12
12.551012,0,12
12.552012,0,12
12.553012,0,12
12.554012,0,12
12.555012,0,12
12.556012,0,12
12.557012,0,12
12.558012,0,12
12.559012,0,12
12.560012,0,12
12.561012,0,12
12.562012,0,12
12.563012,0,12
12.564016,0,12
12.565012,0,12
12.566012,0,12
12.567012,0,12
12.568012,0,12
12.569012,0,12
12.570012,0,12
12.571012,0,12
12.572012,0,12
12.573012,0,12
12.574012,0,12
12.575012,0,12
12.576012,0,12
12.577012,0,12
12.578012,1,12
12.579012,1,12
12.580012,0,12
12.581012,0,12
12.582012,0,12
12.583012,0,12
12.584012,0,12
12.585012,0,12
12.586012,0,12
12.58702,0,12
12.588012,0,12
12.589012,0,12
12.590012,0,12
12.591012,0,12
12.592012,0,12
12.593012,0,12
12.594012,0,12
12.595012,0,12
12.596016,4,12
12.597012,4,12
12.598012,0,12
12.599012,0,12
12.600012,0,12
12.601012,0,12
12.602012,0,12
12.603012,0,12
12.604012,0,12
12.605012,0,12
12.606012,0,12
12.607012,0,12
12.608012,0,12
12.609012,0,12
12.610012,0,12
12.611012,0,12
12.612012,0,12
12.613012,0,12
12.614012,0,12
12.615012,0,12
12.616012,0,12
12.617012,0,12
12.618012,0,12
12.619012,0,12
12.620012,0,12
12.621012,0,12
12.622012,1,12
12.623012,0,12
12.624012,0,12
12.625012,0,12
12.626012,0,12
12.627012,0,12
12.628012,0,12
12.629012,0,12
12.630012,0,12
12.631012,0,12
12.632012,0,12
12.633012,0,12
12.634012,0,12
12.635012,0,12
12.636012,0,12
12.637012,1,12
12.638012,0,12
12.639012,0,12
12.640012,0,12
12.641012,0,12
12.642012,0,12
12.643012,0,12
12.644012,0,12
12.645012,0,12
12.646012,0,12
12.647012,0,12
12.648012,0,12
12.649012,0,12
12.650012,0,12
12.651012,0,12
12.652012,0,12
12.653012,0,12
12.654012,1,12
12.655012,0,12
12.656012,0,12
12.657012,0,12
12.658012,0,12
12.659012,0,12
12.660016,2,12
12.661012,0,12
12.662012,0,12
12.663012,0,12
12.664012,0,12
12.665012,0,12
12.666012,0,12
12.667012,0,12
12.668012,0,12
12.669012,0,12
12.670012,0,12
12.671012,0,12
12.672016,0,12
12.673016,0,12
12.674012,0,12
12.675012,0,12
12.676012,0,12
12.677012,0,12
12.678012,0,12
12.679012,1,12
12.680012,0,12
12.681012,0,12
12.682012,0,12
12.683012,0,12
12.684012,0,12
12.685012,1,12
12.686012,0,12
12.687012,0,12
12.688016,0,12
12.689012,0,12
12.690012,0,12
12.691012,0,12
12.692016,0,12
12.693012,0,12
12.694012,0,12
12.695012,0,12
12.696016,0,12
12.697012,0,12
12.698016,0,12
12.699012,0,12
12.700012,0,12
12.701012,0,12
12.702012,0,12
12.703012,0,12
12.704012,0,12
12.705012,0,12
12.706012,0,12
12.707012,0,12
12.708012,0,12
12.709012,0,12
12.710012,0,12
12.711012,0,12
12.712012,0,12
12.713012,0,12
12.714012,0,12
12.71502,0,12
12.716012,0,12
12.717012,0,12
12.718012,0,12
12.719012,1,12
12.720012,0,12
12.721012,0,12
12.722012,0,12
12.723012,0,12
12.724016,0,12
12.725012,0,12
12.726012,0,12
12.727012,0,12
12.728012,0,12
12.729012,0,12
12.730012,0,12
12.731012,0,12
12.732012,0,12
12.733012,0,12
12.734012,0,12
12.735012,1,12
12.736016,0,12
12.737012,0,12
12.738012,0,12
12.739012,0,12
12.740012,0,12
12.741012,0,12
12.742012,0,12
12.743012,0,12
12.744012,0,12
12.745012,0,12
12.746012,0,12
12.747012,0,12
12.748016,2,12
12.749012,1,12
12.750012,0,12
12.751012,0,12
12.752016,0,12
12.753012,0,12
12.754012,0,12
12.755012,0,12
12.756016,0,12
12.757012,2,12
12.758012,1,12
12.759012,0,12
12.760012,0,12
12.761012,0,12
12.762012,0,12
12.763012,0,12
12.764012,0,12
12.765012,0,12
12.766012,0,12
12.767016,0,12
12.768016,0,12
12.769012,0,12
12.770012,0,12
12.771012,0,12
12.772016,0,12
12.773012,0,12
12.774016,0,12
12.775016,0,12
12.776016,0,12
12.777016,0,12
12.778012,0,12
12.779012,0,12
12.780016,1,12
12.781012,0,12
12.782012,0,12
12.783012,0,12
12.784016,0,12
12.785012,0,12
12.786012,0,12
12.787012,0,12
12.788016,0,12
12.789012,0,12
12.790012,0,12
12.791012,0,12
12.792016,0,12
12.793012,0,12
12.794016,0,12
12.795012,0,12
12.796016,0,12
12.797012,0,12
12.798016,0,12
12.799016,0,12
12.800016,0,12
12.801012,0,12
12.802012,0,12
12.803012,0,12
12.804016,0,12
12.805012,0,12
12.806016,0,12
12.807016,0,12
12.808012,0,12
12.809016,0,12
12.810016,0,12
12.811016,0,12
12.812012,0,12
12.813016,0,12
12.814016,0,12
12.815012,0,12
12.816012,0,12
12.817016,0,12
12.818016,0,12
12.819016,0,12
12.820012,0,12
12.821016,0,12
12.822016,0,12
12.823016,0,12
12.824012,0,12
12.825016,0,12
12.826012,0,12
12.827016,0,12
12.828012,0,12
12.829016,0,12
12.830012,0,12
12.831012,0,12
12.832012,1,12
12.833016,0,12
12.834012,0,12
12.835012,0,12
12.836012,0,12
12.837016,0,12
12.838012,0,12
12.839012,0,12
12.840012,0,12
12.841016,1,12
12.842016,1,12
12.84302,0,12
12.844012,0,12
12.845016,0,12
12.846016,0,12
12.847016,0,12
12.848016,0,12
12.849016,0,12
12.850012,0,12
12.851012,0,12
12.852012,0,12
12.853016,0,12
12.854012,0,12
12.855012,1,12
12.856012,0,12
12.857012,0,12
12.858012,0,12
12.859012,1,12
12.860012,0,12
12.861012,0,12
12.862012,0,12
12.863012,0,12
12.864012,0,12
12.865016,0,12
12.866016,0,12
12.867016,0,12
12.868012,0,12
12.869016,0,12
12.870012,0,12
12.871012,0,12
12.872012,0,12
12.873012,0,12
12.874012,0,12
12.875012,0,12
12.876012,0,12
12.877012,0,12
12.878012,0,12
12.879012,0,12
12.880012,0,12
12.881016,0,12
12.882012,0,12
12.883016,0,12
12.884012,0,12
12.885012,0,12
12.88602,0,12
12.887012,0,12
12.888012,0,12
12.889016,0,12
12.890016,0,12
12.891016,0,12
12.892012,0,12
12.893012,0,12
12.894012,0,12
12.895012,0,12
12.896012,0,12
12.897016,0,12
12.898012,0,12
12.899012,0,12
12.900012,1,12
12.901012,1,12
12.902012,0,12
12.903012,0,12
12.904012,0,12
12.905012,0,12
12.906012,1,12
12.907012,0,12
12.908012,0,12
12.909012,0,12
12.910012,0,12
12.911012,0,12
12.912012,2,12
12.913012,2,12
12.914012,0,12
12.915012,0,12
12.916012,0,12
12.917012,0,12
12.918012,0,12
12.919012,0,12
12.920012,0,12
12.921012,0,12
12.922012,0,12
12.923012,0,12
12.924012,0,12
12.925012,0,12
12.926012,0,12
12.927012,0,12
12.928012,0,12
12.929012,0,12
12.930016,0,12
12.931016,0,12
12.932012,0,12
12.933016,0,12
12.934012,2,12
12.935012,1,12
12.936012,0,12
12.937012,0,12
12.938012,0,12
12.939012,0,12
12.940012,0,12
12.941012,0,12
12.942012,0,12
12.943012,0,12
12.944012,0,12
12.945016,0,12
12.946012,0,12
12.947012,0,12
12.948016,0,12
12.949012,0,12
12.950012,0,12
12.951012,0,12
12.952012,0,12
12.953012,0,12
12.954012,3,12
12.955012,2,12
12.956012,0,12
12.957012,0,12
12.958012,0,12
12.959012,0,12
12.960012,0,12
12.961016,0,12
12.962012,0,12
12.963012,0,12
12.964012,0,12
12.965016,0,12
12.966012,0,12
12.967012,0,12
12.968012,0,12
12.969016,0,12
12.970012,0,12
12.97102,0,12
12.972016,0,12
12.973016,0,12
12.974016,0,12
12.975012,0,12
12.976012,0,12
12.977012,0,12
12.978012,0,12
12.979012,0,12
12.980012,1,12
12.981012,0,12
12.982012,0,12
12.983012,0,12
12.984012,0,12
12.985012,0,12
12.986012,0,12
12.987012,0,12
12.988012,0,12
12.989012,0,12
12.990012,0,12
12.991012,0,12
12.992012,0,12
12.993016,0,12
12.994012,0,12
12.995012,0,12
12.996012,0,12
12.997012,0,12
12.998012,0,12
12.999012,0,12
13.000012,0,12
13.001012,0,13
13.002012,0,13
13.003012,0,13
13.004012,0,13
13.005012,0,13
13.006012,2,13
13.007012,0,13
13.008012,0,13
13.009012,0,13
13.010012,0,13
13.011012,0,13
13.012012,0,13
13.013012,0,13
13.014012,0,13
13.015012,0,13
13.016012,0,13
13.017016,0,13
13.018012,0,13
13.019016,1,13
13.020012,0,13
13.021012,0,13
13.022012,0,13
13.023012,0,13
13.024012,0,13
13.025012,0,13
13.026012,0,13
13.027012,0,13
13.028012,0,13
13.029012,0,13
13.030012,0,13
13.031012,0,13
13.032012,0,13
13.033012,0,13
13.034012,0,13
13.035012,0,13
13.036012,0,13
13.037012,0,13
13.038012,0,13
13.039012,0,13
13.040012,0,13
13.041012,0,13
13.042012,0,13
13.043012,0,13
13.044012,0,13
13.045012,0,13
13.046012,0,13
13.047012,0,13
13.048012,0,13
13.049012,0,13
13.050012,0,13
13.051012,0,13
13.052012,0,13
13.053012,0,13
13.054012,0,13
13.055012,0,13
13.056016,0,13
13.057016,0,13
13.058016,0,13
13.059016,0,13
13.060012,0,13
13.061016,0,13
13.062012,0,13
13.063012,0,13
13.064012,0,13
13.065012,0,13
13.066012,0,13
13.067012,0,13
13.068012,0,13
13.069012,0,13
13.070012,0,13
13.071012,0,13
13.072012,0,13
13.073012,0,13
13.074012,0,13
13.075012,0,13
13.076016,0,13
13.077012,0,13
13.078012,0,13
13.079012,0,13
13.080012,0,13
13.081012,0,13
13.082012,0,13
13.083012,0,13
13.084012,0,13
13.085012,0,13
13.086012,0,13
13.087012,0,13
13.088012,0,13
13.089012,0,13
13.090012,0,13
13.091012,0,13
13.092012,1,13
13.093012,0,13
13.094012,2,13
13.095012,0,13
13.096012,0,13
13.097012,0,13
13.098012,0,13
13.09902,0,13
13.100012,1,13
13.101012,0,13
13.102012,0,13
13.103012,0,13
13.104012,0,13
13.105012,0,13
13.106012,0,13
13.107012,0,13
13.108016,0,13
13.109016,0,13
13.110016,0,13
13.111016,0,13
13.112012,0,13
13.113016,0,13
13.114016,2,13
13.115016,0,13
13.116012,0,13
13.117016,0,13
13.118012,0,13
13.119012,0,13
13.120012,0,13
13.121012,0,13
13.122016,0,13
13.123016,0,13
13.124016,0,13
13.125016,0,13
13.126016,0,13
13.127016,0,13
13.128012,0,13
13.129016,0,13
13.130016,0,13
13.131016,2,13
13.132012,1,13
13.133016,0,13
13.134016,0,13
13.135016,0,13
13.136012,0,13
13.137016,1,13
13.138016,0,13
13.139016,0,13
13.140012,0,13
13.141016,0,13
13.14202,0,13
13.143012,0,13
13.144016,0,13
13.145016,0,13
13.146016,0,13
13.147016,0,13
13.148012,0,13
13.149012,0,13
13.150016,0,13
13.151012,0,13
13.152012,0,13
13.153016,0,13
13.154012,0,13
13.155016,0,13
13.156012,0,13
13.157016,0,13
13.158012,0,13
13.159012,0,13
13.160012,0,13
13.161012,0,13
13.162016,0,13
13.163016,0,13
13.164012,0,13
13.165016,0,13
13.166012,0,13
13.167012,0,13
13.168012,0,13
13.169016,0,13
13.170016,0,13
13.171016,0,13
13.172012,0,13
13.173016,0,13
13.174012,0,13
13.175012,0,13
13.176012,0,13
13.177012,0,13
13.178012,1,13
13.179012,3,13
13.180012,0,13
13.181012,0,13
13.182012,0,13
13.183012,0,13
13.184012,0,13
13.185012,0,13
13.186016,0,13
13.187016,0,13
13.188016,0,13
13.189016,0,13
13.190016,0,13
13.191012,0,13
13.192012,0,13
13.193016,0,13
13.194016,0,13
13.195012,0,13
13.196012,0,13
13.197012,0,13
13.198016,0,13
13.199012,0,13
13.200012,0,13
13.201016,0,13
13.202016,0,13
13.203016,0,13
13.204012,0,13
13.205016,1,13
13.206012,0,13
13.207012,0,13
13.208012,0,13
13.209016,0,13
13.210012,0,13
13.211016,0,13
13.212012,0,13
13.213016,1,13
13.214012,3,13
13.215012,0,13
13.216012,0,13
13.217016,0,13
13.218012,0,13
13.219012,0,13
13.220012,1,13
13.221016,0,13
13.222012,0,13
13.223012,0,13
13.224012,0,13
13.225016,0,13
13.226016,0,13
13.22702,0,13
13.228012,0,13
13.229016,0,13
13.230016,0,13
13.231012,0,13
13.232016,0,13
13.233016,0,13
13.234012,0,13
13.235012,0,13
13.236012,0,13
13.237016,0,13
13.238012,0,13
13.239012,0,13
13.240012,0,13
13.241012,0,13
13.242012,0,13
13.243012,0,13
13.244012,0,13
13.245012,0,13
13.246012,0,13
13.247012,0,13
13.248012,0,13
13.249016,0,13
13.250012,0,13
13.251012,3,13
13.252012,0,13
13.253012,0,13
13.254012,0,13
13.255012,0,13
13.256012,0,13
13.257012,1,13
13.258012,0,13
13.259012,0,13
13.260012,0,13
13.261012,0,13
13.262012,0,13
13.263012,0,13
13.264012,0,13
13.265016,0,13
13.266012,0,13
13.267012,0,13
13.268012,0,13
13.269012,0,13
13.270024,0,13
13.271016,0,13
13.272012,0,13
13.273016,0,13
13.274016,0,13
13.275016,0,13
13.276012,1,13
13.277012,1,13
13.278012,1,13
13.279012,0,13
13.280012,0,13
13.281016,0,13
13.282012,0,13
13.283016,0,13
13.284012,0,13
13.285016,0,13
13.286012,0,13
13.287012,0,13
13.288012,0,13
13.289012,0,13
13.290012,0,13
13.291012,0,13
13.292012,0,13
13.293012,0,13
13.294012,0,13
13.295012,0,13
13.296012,0,13
13.297016,0,13
13.298012,0,13
13.299012,0,13
13.300012,0,13
13.301012,0,13
13.302012,0,13
13.303012,0,13
13.304012,0,13
13.305012,0,13
13.306012,0,13
13.307012,0,13
13.308012,0,13
13.309012,0,13
13.310012,0,13
13.311012,0,13
13.312012,0,13
13.313012,0,13
13.314012,0,13
13.315016,0,13
13.316016,0,13
13.317016,1,13
13.318016,1,13
13.319016,0,13
13.320012,0,13
13.321016,0,13
13.322016,0,13
13.323016,1,13
13.324016,0,13
13.325016,0,13
13.326016,0,13
13.327012,0,13
13.328012,0,13
13.329016,0,13
13.330016,0,13
13.331012,0,13
13.332012,0,13
13.333012,0,13
13.334012,0,13
13.335012,0,13
13.336012,0,13
13.337012,0,13
13.338012,0,13
13.339016,0,13
13.340012,0,13
13.341012,0,13
13.342012,0,13
13.343012,0,13
13.344012,0,13
13.345016,0,13
13.346012,0,13
13.347016,0,13
13.348012,0,13
13.349012,0,13
13.350012,0,13
13.351012,0,13
13.352012,1,13
13.353012,2,13
13.354016,0,13
13.35502,0,13
13.356012,0,13
13.357016,0,13
13.358016,0,13
13.359016,0,13
13.360016,0,13
13.361016,0,13
13.362012,0,13
13.363012,0,13
13.364012,0,13
13.365016,0,13
13.366012,0,13
13.367016,0,13
13.368012,0,13
13.369016,0,13
13.370012,0,13
13.371012,2,13
13.372012,1,13
13.373012,0,13
13.374012,0,13
13.375012,0,13
13.376012,0,13
13.377016,0,13
13.378012,0,13
13.379012,0,13
13.380012,0,13
13.381016,0,13
13.382012,0,13
13.383012,0,13
13.384012,0,13
13.385016,0,13
13.386012,0,13
13.387012,0,13
13.388012,0,13
13.389012,0,13
13.390012,0,13
13.391012,0,13
13.392012,0,13
13.393012,0,13
13.394012,0,13
13.395016,0,13
13.396012,1,13
13.397012,1,13
13.398024,0,13
13.399012,0,13
13.400012,0,13
13.401016,0,13
13.402016,0,13
13.403016,0,13
13.404012,0,13
13.405012,0,13
13.406012,1,13
13.407012,0,13
13.408012,0,13
13.409016,0,13
13.410012,0,13
13.411012,1,13
13.412012,2,13
13.413012,0,13
13.414012,0,13
13.415012,0,13
13.416012,0,13
13.417012,0,13
13.418012,1,13
13.419012,0,13
13.420012,0,13
13.421012,0,13
13.422012,0,13
13.423012,0,13
13.424012,0,13
13.425012,0,13
13.426012,0,13
13.427012,0,13
13.428012,0,13
13.429012,0,13
13.430012,0,13
13.431012,0,13
13.432012,0,13
13.433012,0,13
13.434012,0,13
13.435012,0,13
13.436012,0,13
13.437012,0,13
13.438012,0,13
13.439012,0,13
13.440012,0,13
13.441012,0,13
13.442012,0,13
13.443012,0,13
13.444016,0,13
13.445012,0,13
13.446016,0,13
13.447016,0,13
13.448012,0,13
13.449016,0,13
13.450016,0,13
13.451012,0,13
13.452012,0,13
13.453012,0,13
13.454012,1,13
13.455012,0,13
13.456012,0,13
13.457016,0,13
13.458012,0,13
13.459016,2,13
13.460012,1,13
13.461016,0,13
13.462012,0,13
13.463012,0,13
13.464012,0,13
13.465012,0,13
13.466012,0,13
13.467016,0,13
13.468012,0,13
13.469012,0,13
13.470012,0,13
13.471012,0,13
13.472012,1,13
13.473016,0,13
13.474012,0,13
13.475012,0,13
13.476012,0,13
13.477016,2,13
13.478012,3,13
13.479012,1,13
13.480012,0,13
13.481016,0,13
13.482016,0,13
13.48302,0,13
13.484012,0,13
13.485016,0,13
13.486016,0,13
13.487016,0,13
13.488016,0,13
13.489016,0,13
13.490012,0,13
13.491012,0,13
13.492012,0,13
13.493012,0,13
13.494012,0,13
13.495012,0,13
13.496012,0,13
13.497012,0,13
13.498012,0,13
13.499012,1,13
13.500012,0,13
13.501012,0,13
13.502012,0,13
13.503012,0,13
13.504012,0,13
13.505016,0,13
13.506012,0,13
13.507012,0,13
13.508012,0,13
13.509012,0,13
13.510012,0,13
13.511012,0,13
13.512012,1,13
13.513012,1,13
13.514012,0,13
13.515012,0,13
13.516012,0,13
13.517012,0,13
13.518016,0,13
13.519012,0,13
13.520012,0,13
13.521016,0,13
13.522016,0,13
13.523016,0,13
13.524012,0,13
13.525016,0,13
13.52602,0,13
13.527012,0,13
13.528016,0,13
13.529016,0,13
13.530016,0,13
13.531016,0,13
13.532012,0,13
13.533012,0,13
13.534012,0,13
13.535012,0,13
13.536012,0,13
13.537016,0,13
13.538012,1,13
13.539012,0,13
13.540012,0,13
13.541016,0,13
13.542012,0,13
13.543012,0,13
13.544012,0,13
13.545012,0,13
13.546012,0,13
13.547012,0,13
13.548012,0,13
13.549012,0,13
13.550012,0,13
13.551012,0,13
13.552012,0,13
13.553012,0,13
13.554012,1,13
13.555012,0,13
13.556012,0,13
13.557012,0,13
13.558012,1,13
13.559012,0,13
13.560012,0,13
13.561012,0,13
13.562012,0,13
13.563012,0,13
13.564012,1,13
13.565012,0,13
13.566012,0,13
13.567012,0,13
13.568012,0,13
13.569012,0,13
13.570016,0,13
13.571016,0,13
13.572016,1,13
13.573016,2,13
13.574016,0,13
13.575012,0,13
13.576012,0,13
13.577012,0,13
13.578012,1,13
13.579012,1,13
13.580012,0,13
13.581012,0,13
13.582012,0,13
13.583012,0,13
13.584012,0,13
13.585016,0,13
13.586012,0,13
13.587012,0,13
13.588016,0,13
13.589012,0,13
13.590012,0,13
13.591012,0,13
13.592012,3,13
13.593012,0,13
13.594012,0,13
13.595012,0,13
13.596012,0,13
13.597012,0,13
13.598012,1,13
13.599012,2,13
13.600012,0,13
13.601016,0,13
13.602012,0,13
13.603016,0,13
13.604012,0,13
13.605016,0,13
13.606012,0,13
13.607012,0,13
13.608012,0,13
13.609016,0,13
13.610016,0,13
13.61102,0,13
13.612012,0,13
13.613016,1,13
13.614016,0,13
13.615016,0,13
13.616016,0,13
13.617016,0,13
13.618012,0,13
13.619012,0,13
13.620012,1,13
13.621016,0,13
13.622012,0,13
13.623016,0,13
13.624012,0,13
13.625016,0,13
13.626012,0,13
13.627016,0,13
13.628012,0,13
13.629012,0,13
13.630012,0,13
13.631012,0,13
13.632012,0,13
13.633016,1,13
13.634012,2,13
13.635012,0,13
13.636012,0,13
13.637012,0,13
13.638012,0,13
13.639012,0,13
13.640012,0,13
13.641016,0,13
13.642012,0,13
13.643012,0,13
13.644012,0,13
13.645012,0,13
13.646016,0,13
13.647012,0,13
13.648012,0,13
13.649016,0,13
13.650012,0,13
13.651012,0,13
13.652012,0,13
13.653012,0,13
13.65402,1,13
13.655012,0,13
13.656012,0,13
13.657016,0,13
13.658012,0,13
13.659016,0,13
13.660012,0,13
13.661012,1,13
13.662012,0,13
13.663012,0,13
13.664012,0,13
13.665016,0,13
13.666012,0,13
13.667012,0,13
13.668012,0,13
13.669012,1,13
13.670012,0,13
13.671012,0,13
13.672012,0,13
13.673012,0,13
13.674012,0,13
13.675012,1,13
13.676012,0,13
13.677012,0,13
13.678012,0,13
13.679012,0,13
13.680012,0,13
13.681012,0,13
13.682012,0,13
13.683012,0,13
13.684012,0,13
13.685012,0,13
13.686012,0,13
13.687012,0,13
13.688012,0,13
13.689012,0,13
13.690012,0,13
13.691012,0,13
13.692012,0,13
13.693012,0,13
13.694012,0,13
13.695012,4,13
13.696012,3,13
13.697016,0,13
13.698016,0,13
13.699016,0,13
13.700016,0,13
13.701016,0,13
13.702012,0,13
13.703012,0,13
13.704012,0,13
13.705012,0,13
13.706012,0,13
13.707012,0,13
13.708012,0,13
13.709012,0,13
13.710012,0,13
13.711012,0,13
13.712012,0,13
13.713012,0,13
13.714012,0,13
13.715012,0,13
13.716016,0,13
13.717012,0,13
13.718012,0,13
13.719012,0,13
13.720012,0,13
13.721012,0,13
13.722012,0,13
13.723012,0,13
13.724012,0,13
13.725012,0,13
13.726012,0,13
13.727012,0,13
13.728012,0,13
13.729016,0,13
13.730012,0,13
13.731012,0,13
13.732012,0,13
13.733012,3,13
13.734012,2,13
13.735012,0,13
13.736012,0,13
13.737012,0,13
13.738012,0,13
13.739024,0,13
13.740016,0,13
13.741012,0,13
13.742012,0,13
13.743012,0,13
13.744012,0,13
13.745012,0,13
13.746012,0,13
13.747012,0,13
13.748012,0,13
13.749012,0,13
13.750012,1,13
13.751012,0,13
13.752012,0,13
13.753012,0,13
13.754012,0,13
13.755012,0,13
13.756012,0,13
13.757012,0,13
13.758012,0,13
13.759012,0,13
13.760016,0,13
13.761016,0,13
13.762012,2,13
13.763012,0,13
13.764012,0,13
13.765016,0,13
13.766012,0,13
13.767012,0,13
13.768012,0,13
13.769016,0,13
13.770012,0,13
13.771012,0,13
13.772012,0,13
13.773012,0,13
13.774016,0,13
13.775012,0,13
13.776012,0,13
13.777016,0,13
13.778012,0,13
13.779012,0,13
13.780012,0,13
13.781012,1,13
13.782024,0,13
13.783016,0,13
13.784012,0,13
13.785016,0,13
13.786016,0,13
13.787016,0,13
13.788012,0,13
13.789012,0,13
13.790012,0,13
13.791012,0,13
13.792012,0,13
13.793012,0,13
13.794012,0,13
13.795012,0,13
13.796012,2,13
13.797012,0,13
13.798012,0,13
13.799012,0,13
13.800012,0,13
13.801012,0,13
13.802012,0,13
13.803012,0,13
13.804012,0,13
13.805012,0,13
13.806012,0,13
13.807012,0,13
13.808012,0,13
13.809012,0,13
13.810012,0,13
13.811012,0,13
13.812012,0,13
13.813012,0,13
13.814012,0,13
13.815012,0,13
13.816012,0,13
13.817012,0,13
13.818012,0,13
13.819012,1,13
13.820012,0,13
13.821012,0,13
13.822012,0,13
13.823012,0,13
13.824016,0,13
13.825012,0,13
13.826016,0,13
13.827016,0,13
13.828016,0,13
13.829016,0,13
13.830016,0,13
13.831012,0,13
13.832012,0,13
13.833012,0,13
13.834012,0,13
13.835012,0,13
13.836012,1,13
13.837012,1,13
13.838012,0,13
13.839012,0,13
13.840012,0,13
13.841016,0,13
13.842012,0,13
13.843012,0,13
13.844016,0,13
13.845012,0,13
13.846012,0,13
13.847012,0,13
13.848012,0,13
13.849012,0,13
13.850012,0,13
13.851012,0,13
13.852012,0,13
13.853012,0,13
13.854012,0,13
13.855012,0,13
13.856012,0,13
13.857016,0,13
13.858012,0,13
13.859012,0,13
13.860012,0,13
13.861012,0,13
13.862012,0,13
13.863012,0,13
13.864012,0,13
13.865012,0,13
13.866012,0,13
13.86702,0,13
13.868016,0,13
13.869016,0,13
13.870016,0,13
13.871012,0,13
13.872012,0,13
13.873012,0,13
13.874012,0,13
13.875012,0,13
13.876012,0,13
13.877012,0,13
13.878012,0,13
13.879012,0,13
13.880012,0,13
13.881012,0,13
13.882012,0,13
13.883012,0,13
13.884012,0,13
13.885012,0,13
13.886012,0,13
13.887012,0,13
13.888012,0,13
13.889016,0,13
13.890012,0,13
13.891012,0,13
13.892012,0,13
13.893012,0,13
13.894012,0,13
13.895012,1,13
13.896012,0,13
13.897012,0,13
13.898012,0,13
13.899012,0,13
13.900012,0,13
13.901012,0,13
13.902012,0,13
13.903012,0,13
13.904012,0,13
13.905012,0,13
13.906012,0,13
13.907012,0,13
13.908012,0,13
13.909012,1,13
13.910012,0,13
13.911012,0,13
13.912012,0,13
13.913012,0,13
13.914012,1,13
13.915012,0,13
13.916012,0,13
13.917012,0,13
13.918012,0,13
13.919012,0,13
13.920012,0,13
13.921012,0,13
13.922012,0,13
13.923012,0,13
13.924012,0,13
13.925012,0,13
13.926012,0,13
13.927012,0,13
13.928012,0,13
13.929012,0,13
13.930012,0,13
13.931012,0,13
13.932012,0,13
13.933012,1,13
13.934012,2,13
13.935012,0,13
13.936012,0,13
13.937012,0,13
13.938012,0,13
13.939012,0,13
13.940012,0,13
13.941012,0,13
13.942012,0,13
13.943012,0,13
13.944012,0,13
13.945012,2,13
13.946012,0,13
13.947012,0,13
13.948012,0,13
13.949012,0,13
13.950012,0,13
13.951012,0,13
13.952012,0,13
13.953016,0,13
13.954016,0,13
13.955016,0,13
13.956016,0,13
13.957016,0,13
13.958012,0,13
13.959012,0,13
13.960012,0,13
13.961016,0,13
13.962012,0,13
13.963012,0,13
13.964012,0,13
13.965012,0,13
13.966012,0,13
13.967012,0,13
13.968012,0,13
13.969016,0,13
13.970012,0,13
13.971012,1,13
13.972016,1,13
13.973012,0,13
13.974012,0,13
13.975012,0,13
13.976012,0,13
13.977012,2,13
13.978012,1,13
13.979012,0,13
13.980012,0,13
13.981012,0,13
13.982012,0,13
13.983012,0,13
13.984012,0,13
13.985016,0,13
13.986012,0,13
13.987012,0,13
13.988012,0,13
13.989012,0,13
13.990012,0,13
13.991012,0,13
13.992012,0,13
13.993012,0,13
13.994012,1,13
13.995016,1,13
13.996012,1,13
13.997012,0,13
13.998012,0,13
13.999012,0,13
14.000012,0,13
14.001012,0,14
14.002012,0,14
14.003012,0,14
14.004012,0,14
14.005012,0,14
14.006012,0,14
14.007012,0,14
14.008012,0,14
14.009012,0,14
14.010012,0,14
14.011012,0,14
14.012012,0,14
14.013012,0,14
14.014012,2,14
14.015012,0,14
14.016012,0,14
14.017016,0,14
14.018012,0,14
14.019012,0,14
14.020012,0,14
14.021012,1,14
14.022012,0,14
14.023012,0,14
14.024012,0,14
14.025012,0,14
14.026012,0,14
14.027012,0,14
14.028012,0,14
14.029012,0,14
14.030012,0,14
14.031012,0,14
14.032012,0,14
14.033012,0,14
14.034012,1,14
14.035012,0,14
14.036012,0,14
14.037012,0,14
14.038012,1,14
14.039012,1,14
14.040012,0,14
14.041016,0,14
14.042012,0,14
14.043016,0,14
14.044012,0,14
14.045012,0,14
14.046012,0,14
14.047012,0,14
14.048012,0,14
14.049012,0,14
14.050012,0,14
14.051012,0,14
14.052012,0,14
14.053012,1,14
14.054012,1,14
14.055012,0,14
14.056012,0,14
14.057012,0,14
14.058012,0,14
14.059012,0,14
14.060012,0,14
14.061012,0,14
14.062012,0,14
14.063012,0,14
14.064012,0,14
14.065012,0,14
14.066012,1,14
14.067012,0,14
14.068016,0,14
14.069012,0,14
14.070012,0,14
14.071012,0,14
14.072012,0,14
14.073012,2,14
14.074012,0,14
14.075012,0,14
14.076012,0,14
14.077012,0,14
14.078012,0,14
14.079012,1,14
14.080016,0,14
14.081012,0,14
14.082016,0,14
14.083016,0,14
14.084016,0,14
14.085016,0,14
14.086016,0,14
14.087012,2,14
14.088012,0,14
14.089012,0,14
14.090012,0,14
14.091012,0,14
14.092012,0,14
14.093016,0,14
14.094016,0,14
14.095012,0,14
14.096012,0,14
14.097016,0,14
14.098012,0,14
14.099012,0,14
14.100016,0,14
14.101012,0,14
14.102012,0,14
14.103012,0,14
14.104012,0,14
14.105012,0,14
14.106012,0,14
14.107012,0,14
14.108012,0,14
14.109012,0,14
14.110012,0,14
14.111012,0,14
14.112012,0,14
14.113016,0,14
14.114012,0,14
14.115012,0,14
14.116012,0,14
14.117012,0,14
14.118012,0,14
14.119012,0,14
14.120012,0,14
14.121012,0,14
14.122012,0,14
14.12302,0,14
14.124016,0,14
14.125016,0,14
14.126012,0,14
14.127012,0,14
14.128012,0,14
14.129012,0,14
14.130012,0,14
14.131012,0,14
14.132012,0,14
14.133016,0,14
14.134012,0,14
14.135012,0,14
14.136012,0,14
14.137012,0,14
14.138012,1,14
14.139012,0,14
14.140012,0,14
14.141012,0,14
14.142012,0,14
14.143012,0,14
14.144012,0,14
14.145016,0,14
14.146012,0,14
14.147012,0,14
14.148012,0,14
14.149012,0,14
14.150012,0,14
14.151012,0,14
14.152012,0,14
14.153012,0,14
14.154012,0,14
14.155012,0,14
14.156012,0,14
14.157012,0,14
14.158012,0,14
14.159012,0,14
14.160012,0,14
14.161012,0,14
14.162012,0,14
14.163012,0,14
14.164012,0,14
14.165012,0,14
14.166024,0,14
14.167016,0,14
14.168012,0,14
14.169016,0,14
14.170012,0,14
14.171016,0,14
14.172012,0,14
14.173012,0,14
14.174012,0,14
14.175012,0,14
14.176012,0,14
14.177012,0,14
14.178012,0,14
14.179012,0,14
14.180012,0,14
14.181012,1,14
14.182012,2,14
14.183012,0,14
14.184012,0,14
14.185012,0,14
14.186012,0,14
14.187012,0,14
14.188012,0,14
14.189012,0,14
14.190012,0,14
14.191012,1,14
14.192012,2,14
14.193012,1,14
14.194012,0,14
14.195012,0,14
14.196012,0,14
14.197012,0,14
14.198012,1,14
14.199012,0,14
14.200012,0,14
14.201012,0,14
14.202012,0,14
14.203012,0,14
14.204012,0,14
14.205012,0,14
14.206012,0,14
14.207012,0,14
14.208012,0,14
14.209016,0,14
14.210016,0,14
14.211016,0,14
14.212012,0,14
14.213012,2,14
14.214012,0,14
14.215012,0,14
14.216012,0,14
14.217012,0,14
14.218012,0,14
14.219012,0,14
14.220012,0,14
14.221012,0,14
14.222012,0,14
14.223012,0,14
14.224012,0,14
14.225012,0,14
14.226012,0,14
14.227012,0,14
14.228016,0,14
14.229012,0,14
14.230012,0,14
14.231012,0,14
14.232016,0,14
14.233012,0,14
14.234012,0,14
14.235012,2,14
14.236012,1,14
14.237012,0,14
14.238012,0,14
14.239012,0,14
14.240012,0,14
14.241012,0,14
14.242012,0,14
14.243012,0,14
14.244012,0,14
14.245012,0,14
14.246012,0,14
14.247012,0,14
14.248012,0,14
14.249012,0,14
14.250012,0,14
14.25102,0,14
14.252012,0,14
14.253012,0,14
14.254012,0,14
14.255012,0,14
14.256012,0,14
14.257012,0,14
14.258012,2,14
14.259012,3,14
14.260012,0,14
14.261012,0,14
14.262012,0,14
14.263012,0,14
14.264012,0,14
14.265012,0,14
14.266012,0,14
14.267012,0,14
14.268012,0,14
14.269012,0,14
14.270012,0,14
14.271012,0,14
14.272012,0,14
14.273012,0,14
14.274012,0,14
14.275012,0,14
14.276012,0,14
14.277012,0,14
14.278012,1,14
14.279012,0,14
14.280012,0,14
14.281012,0,14
14.282012,0,14
14.283012,0,14
14.284012,0,14
14.285012,0,14
14.286012,0,14
14.287012,0,14
14.288012,0,14
14.289012,0,14
14.290012,0,14
14.291012,0,14
14.292012,0,14
14.293012,0,14
14.294012,0,14
14.295012,0,14
14.296012,0,14
14.297012,0,14
14.298012,0,14
14.299012,0,14
14.300012,1,14
14.301012,2,14
14.302012,0,14
14.303012,0,14
14.304016,0,14
14.305012,0,14
14.306012,0,14
14.307012,0,14
14.308012,0,14
14.309012,0,14
14.310012,1,14
14.311016,1,14
14.312012,0,14
14.313016,0,14
14.314012,0,14
14.315012,1,14
14.316016,1,14
14.317012,0,14
14.318012,0,14
14.319016,0,14
14.320016,0,14
14.321012,0,14
14.322012,0,14
14.323012,0,14
14.324016,0,14
14.325012,0,14
14.326012,0,14
14.327012,0,14
14.328016,0,14
14.329012,0,14
14.330012,2,14
14.331012,0,14
14.332016,0,14
14.333012,0,14
14.334016,0,14
14.335016,0,14
14.336016,1,14
14.337012,1,14
14.338016,0,14
14.339016,0,14
14.340016,0,14
14.341016,0,14
14.342016,0,14
14.343012,0,14
14.344012,0,14
14.345012,0,14
14.346012,0,14
14.347012,0,14
14.348012,0,14
14.349012,0,14
14.350012,0,14
14.351012,0,14
14.352012,0,14
14.353012,0,14
14.354012,0,14
14.355012,0,14
14.356016,0,14
14.357012,0,14
14.358012,0,14
14.359012,0,14
14.360012,0,14
14.361012,0,14
14.362012,0,14
14.363012,0,14
14.364012,0,14
14.365012,1,14
14.366012,0,14
14.367012,0,14
14.368012,0,14
14.369012,0,14
14.370012,0,14
14.371012,0,14
14.372012,0,14
14.373012,2,14
14.374012,1,14
14.375012,0,14
14.376012,0,14
14.377012,0,14
14.378012,0,14
14.379024,0,14
14.380016,0,14
14.381012,0,14
14.382012,0,14
14.383012,0,14
14.384012,0,14
14.385012,0,14
14.386012,0,14
14.387012,0,14
14.388012,0,14
14.389012,0,14
14.390012,0,14
14.391012,0,14
14.392012,0,14
14.393012,1,14
14.394012,0,14
14.395012,0,14
14.396012,0,14
14.397012,0,14
14.398012,0,14
14.399012,0,14
14.400012,0,14
14.401016,0,14
14.402012,0,14
14.403012,0,14
14.404012,1,14
14.405012,0,14
14.406012,0,14
14.407012,0,14
14.408012,0,14
14.409012,0,14
14.410012,0,14
14.411012,0,14
14.412012,0,14
14.413012,0,14
14.414012,0,14
14.415012,0,14
14.416012,0,14
14.417012,0,14
14.418012,0,14
14.419016,0,14
14.420012,0,14
14.421016,0,14
14.42202,0,14
14.423012,0,14
14.424016,0,14
14.425016,0,14
14.426016,0,14
14.427016,0,14
14.428012,0,14
14.429012,0,14
14.430012,0,14
14.431012,0,14
14.432012,0,14
14.433016,0,14
14.434012,0,14
14.435012,0,14
14.436012,0,14
14.437012,0,14
14.438012,0,14
14.439012,0,14
14.440012,0,14
14.441012,0,14
14.442016,0,14
14.443016,0,14
14.444012,0,14
14.445012,0,14
14.446012,0,14
14.447012,0,14
14.448012,0,14
14.449016,1,14
14.450016,0,14
14.451012,0,14
14.452012,0,14
14.453012,0,14
14.454012,0,14
14.455012,0,14
14.456012,0,14
14.457012,1,14
14.458012,0,14
14.459012,0,14
14.460012,0,14
14.461012,0,14
14.462012,0,14
14.463012,1,14
14.464012,0,14
14.465012,0,14
14.466016,0,14
14.467016,0,14
14.468016,0,14
14.469016,0,14
14.470016,0,14
14.471012,0,14
14.472012,0,14
14.473016,0,14
14.474012,0,14
14.475012,1,14
14.476012,0,14
14.477012,0,14
14.478012,0,14
14.479012,0,14
14.480012,0,14
14.481016,0,14
14.482012,1,14
14.483016,0,14
14.484012,0,14
14.485012,0,14
14.486012,0,14
14.487012,0,14
14.488012,0,14
14.489012,0,14
14.490012,0,14
14.491016,0,14
14.492012,0,14
14.493012,0,14
14.494012,0,14
14.495012,0,14
14.496012,1,14
14.497016,0,14
14.498012,0,14
14.499012,0,14
14.500012,0,14
14.501016,0,14
14.502012,0,14
14.503012,0,14
14.504012,0,14
14.505012,0,14
14.506012,0,14
14.50702,0,14
14.508016,0,14
14.509016,0,14
14.510016,0,14
14.511012,0,14
14.512012,0,14
14.513012,0,14
14.514012,0,14
14.515012,0,14
14.516012,0,14
14.517012,0,14
14.518012,0,14
14.519012,0,14
14.520012,0,14
14.521012,0,14
14.522012,0,14
14.523012,0,14
14.524012,0,14
14.525012,0,14
14.526012,0,14
14.527012,0,14
14.528012,0,14
14.529012,0,14
14.530012,0,14
14.531012,0,14
14.532012,0,14
14.533012,0,14
14.534012,0,14
14.535012,0,14
14.536012,0,14
14.537012,0,14
14.538012,0,14
14.539012,0,14
14.540012,0,14
14.541012,0,14
14.542012,0,14
14.543012,0,14
14.544012,0,14
14.545012,0,14
14.546012,0,14
14.547012,0,14
14.548012,0,14
14.549012,0,14
14.550012,0,14
14.551012,0,14
14.552012,2,14
14.553016,0,14
14.554012,0,14
14.555016,0,14
14.556012,0,14
14.557012,0,14
14.558012,0,14
14.559012,0,14
14.560012,0,14
14.561012,0,14
14.562012,0,14
14.563012,0,14
14.564012,0,14
14.565012,0,14
14.566012,0,14
14.567012,0,14
14.568012,0,14
14.569012,0,14
14.570012,0,14
14.571012,0,14
14.572012,0,14
14.573012,0,14
14.574012,2,14
14.575012,1,14
14.576012,0,14
14.577012,0,14
14.578012,0,14
14.579012,2,14
14.580012,0,14
14.581012,0,14
14.582012,0,14
14.583012,0,14
14.584012,0,14
14.585012,0,14
14.586012,0,14
14.587012,0,14
14.588012,0,14
14.589012,0,14
14.590012,0,14
14.591012,0,14
14.592012,0,14
14.593012,0,14
14.594016,0,14
14.595016,0,14
14.596016,0,14
14.597016,1,14
14.598016,0,14
14.599012,0,14
14.600012,0,14
14.601012,0,14
14.602012,0,14
14.603012,0,14
14.604012,0,14
14.605012,0,14
14.606012,0,14
14.607012,0,14
14.608012,0,14
14.609016,0,14
14.610012,0,14
14.611012,1,14
14.612016,0,14
14.613012,0,14
14.614012,1,14
14.615012,0,14
14.616012,0,14
14.617012,0,14
14.618012,0,14
14.619012,0,14
14.620012,1,14
14.621012,0,14
14.622012,0,14
14.623012,0,14
14.624012,0,14
14.625016,0,14
14.626012,0,14
14.627012,0,14
14.628012,0,14
14.629012,0,14
14.630012,0,14
14.631012,0,14
14.632012,1,14
14.633012,2,14
14.634012,1,14
14.635016,0,14
14.636012,0,14
14.637012,0,14
14.638012,0,14
14.639012,0,14
14.640012,0,14
14.641012,0,14
14.642012,0,14
14.643012,0,14
14.644012,0,14
14.645012,0,14
14.646012,0,14
14.647012,0,14
14.648012,0,14
14.649012,0,14
14.650012,0,14
14.651012,1,14
14.652012,0,14
14.653012,0,14
14.654012,0,14
14.655012,0,14
14.656012,0,14
14.657012,0,14
14.658012,1,14
14.659012,0,14
14.660012,0,14
14.661012,0,14
14.662012,0,14
14.663012,2,14
14.664012,1,14
14.665012,0,14
14.666012,0,14
14.667012,0,14
14.668012,0,14
14.669012,2,14
14.670012,0,14
14.671012,0,14
14.672012,0,14
14.673012,0,14
14.674012,0,14
14.675012,0,14
14.676012,0,14
14.677012,0,14
14.678012,0,14
14.679012,0,14
14.680012,0,14
14.681016,0,14
14.682012,0,14
14.683012,0,14
14.684012,0,14
14.685012,0,14
14.686012,0,14
14.687012,0,14
14.688012,0,14
14.689012,1,14
14.690012,0,14
14.691012,0,14
14.692012,0,14
14.693012,0,14
14.694012,0,14
14.695012,0,14
14.696012,0,14
14.697012,0,14
14.698012,0,14
14.699012,0,14
14.700012,0,14
14.701012,1,14
14.702012,0,14
14.703012,0,14
14.704016,0,14
14.705012,0,14
14.706012,0,14
14.707012,0,14
14.708016,0,14
14.709012,0,14
14.710012,0,14
14.711012,0,14
14.712016,0,14
14.713012,0,14
14.714012,0,14
14.715012,0,14
14.716012,0,14
14.717012,1,14
14.718012,0,14
14.719016,0,14
14.720016,0,14
14.721016,0,14
14.722016,0,14
14.723016,0,14
14.724012,0,14
14.725016,0,14
14.726012,0,14
14.727012,0,14
14.728012,0,14
14.729012,0,14
14.730012,0,14
14.731012,0,14
14.732012,0,14
14.733012,0,14
14.734012,0,14
14.735012,0,14
14.736012,1,14
14.737012,0,14
14.738012,0,14
14.739012,0,14
14.740016,0,14
14.741012,0,14
14.742012,0,14
14.743012,0,14
14.744016,0,14
14.745012,0,14
14.746012,0,14
14.747016,0,14
14.748012,0,14
14.749016,0,14
14.750012,0,14
14.751012,0,14
14.752012,1,14
14.753016,0,14
14.754012,0,14
14.755012,0,14
14.756012,0,14
14.757016,0,14
14.758012,0,14
14.759012,0,14
14.760012,0,14
14.761012,0,14
14.762012,0,14
14.76302,0,14
14.764016,0,14
14.765016,0,14
14.766016,0,14
14.767012,0,14
14.768012,0,14
14.769012,0,14
14.770012,0,14
14.771012,1,14
14.772012,1,14
14.773012,1,14
14.774012,0,14
14.775012,0,14
14.776012,0,14
14.777012,0,14
14.778012,0,14
14.779012,1,14
14.780012,2,14
14.781012,0,14
14.782012,0,14
14.783012,0,14
14.784012,0,14
14.785016,0,14
14.786012,0,14
14.787012,0,14
14.788012,0,14
14.789012,0,14
14.790012,0,14
14.791012,0,14
14.792012,0,14
14.793012,0,14
14.794012,0,14
14.795012,0,14
14.796012,0,14
14.797012,1,14
14.798012,4,14
14.799012,2,14
14.800012,0,14
14.801016,0,14
14.802012,0,14
14.803012,0,14
14.804012,0,14
14.805012,0,14
14.806024,0,14
14.807016,0,14
14.808012,0,14
14.809016,0,14
14.810016,0,14
14.811016,0,14
14.812012,0,14
14.813012,0,14
14.814012,0,14
14.815012,0,14
14.816012,0,14
14.817012,0,14
14.818012,0,14
14.819012,0,14
14.820012,0,14
14.821012,0,14
14.822012,0,14
14.823012,0,14
14.824012,0,14
14.825012,0,14
14.826012,0,14
14.827012,0,14
14.828012,3,14
14.829012,2,14
14.830012,0,14
14.831012,0,14
14.832012,0,14
14.833012,1,14
14.834012,0,14
14.835012,0,14
14.836012,0,14
14.837012,0,14
14.838012,0,14
14.839012,0,14
14.840012,0,14
14.841012,0,14
14.842012,0,14
14.843012,0,14
14.844012,0,14
14.845012,0,14
14.846012,0,14
14.847012,0,14
14.848016,0,14
14.849012,0,14
14.850016,0,14
14.851016,0,14
14.852016,1,14
14.853016,3,14
14.854016,0,14
14.855012,0,14
14.856012,0,14
14.857012,0,14
14.858012,0,14
14.859012,0,14
14.860012,0,14
14.861012,0,14
14.862012,0,14
14.863012,0,14
14.864012,0,14
14.865012,0,14
14.866012,0,14
14.867012,0,14
14.868016,0,14
14.869012,0,14
14.870012,0,14
14.871012,3,14
14.872012,1,14
14.873012,0,14
14.874012,0,14
14.875012,0,14
14.876012,0,14
14.877012,0,14
14.878012,0,14
14.879012,0,14
14.880012,0,14
14.881016,0,14
14.882012,0,14
14.883012,0,14
14.884012,0,14
14.885012,0,14
14.886012,0,14
14.887012,0,14
14.888012,0,14
14.889012,0,14
14.890012,0,14
14.891024,0,14
14.892016,0,14
14.893016,0,14
14.894016,0,14
14.895012,0,14
14.896012,0,14
14.897012,0,14
14.898012,0,14
14.899012,0,14
14.900012,0,14
14.901012,0,14
14.902012,0,14
14.903012,0,14
14.904012,0,14
14.905012,0,14
14.906012,0,14
14.907012,0,14
14.908012,0,14
14.909012,0,14
14.910012,0,14
14.911012,0,14
14.912012,0,14
14.913016,0,14
14.914012,0,14
14.915012,1,14
14.916012,0,14
14.917012,0,14
14.918012,0,14
14.919012,0,14
14.920012,0,14
14.921012,0,14
14.922012,0,14
14.923012,0,14
14.924012,0,14
14.925012,0,14
14.926012,0,14
14.927012,0,14
14.928012,0,14
14.929012,0,14
14.930012,0,14
14.931012,0,14
14.932012,0,14
14.933012,0,14
14.934012,0,14
14.935012,1,14
14.936012,0,14
14.937012,0,14
14.938012,0,14
14.939012,0,14
14.940012,0,14
14.941012,0,14
14.942012,0,14
14.943012,0,14
14.944012,0,14
14.945012,0,14
14.946012,0,14
14.947012,0,14
14.948012,0,14
14.949012,0,14
14.950012,0,14
14.951012,0,14
14.952012,0,14
14.953012,0,14
14.954012,0,14
14.955012,0,14
14.956012,0,14
14.957012,1,14
14.958012,0,14
14.959012,0,14
14.960012,0,14
14.961012,0,14
14.962012,0,14
14.963012,1,14
14.964012,0,14
14.965012,0,14
14.966012,0,14
14.967012,0,14
14.968012,0,14
14.969012,0,14
14.970012,1,14
14.971012,3,14
14.972012,1,14
14.973012,0,14
14.974012,0,14
14.975012,0,14
14.976016,1,14
14.977016,0,14
14.978016,0,14
14.979016,0,14
14.980012,0,14
14.981016,0,14
14.982012,0,14
14.983012,0,14
14.984012,0,14
14.985012,0,14
14.986012,0,14
14.987012,0,14
14.988012,0,14
14.989012,0,14
14.990012,0,14
14.991012,0,14
14.992012,0,14
14.993012,0,14
14.994012,0,14
14.995012,1,14
14.996016,0,14
14.997012,0,14
14.998012,0,14
14.999012,0,14
15.000012,0,14
15.001012,0,15
15.002012,0,15
15.003012,0,15
15.004012,0,15
15.005012,0,15
15.006012,0,15
15.007012,0,15
15.008012,0,15
15.009012,0,15
15.010012,0,15
15.011012,0,15
15.012012,0,15
15.013012,0,15
15.014012,1,15
15.015012,0,15
15.016012,0,15
15.017012,0,15
15.018012,0,15
15.01902,0,15
15.020012,0,15
15.021012,0,15
15.022012,0,15
15.023012,0,15
15.024012,0,15
15.025012,0,15
15.026012,2,15
15.027012,0,15
15.028016,0,15
15.029012,0,15
15.030012,0,15
15.031012,0,15
15.032016,0,15
15.033012,2,15
15.034012,2,15
15.035012,0,15
15.036012,0,15
15.037012,0,15
15.038016,0,15
15.039012,1,15
15.040016,3,15
15.041012,0,15
15.042012,0,15
15.043012,0,15
15.044012,0,15
15.045012,0,15
15.046012,0,15
15.047012,0,15
15.048012,0,15
15.049012,0,15
15.050012,0,15
15.051012,0,15
15.052012,0,15
15.053012,0,15
15.054012,0,15
15.055012,0,15
15.056012,0,15
15.057012,0,15
15.058012,0,15
15.059012,0,15
15.060012,0,15
15.061012,0,15
15.062012,0,15
15.063012,0,15
15.064012,0,15
15.065012,0,15
15.066012,0,15
15.067012,0,15
15.068012,0,15
15.069012,0,15
15.070012,0,15
15.071016,0,15
15.072016,0,15
15.073012,0,15
15.074012,0,15
15.075012,0,15
15.076012,0,15
15.077012,0,15
15.078012,0,15
15.079012,0,15
15.080012,0,15
15.081012,0,15
15.082012,0,15
15.083012,0,15
15.084012,0,15
15.085012,0,15
15.086012,0,15
15.087012,0,15
15.088012,0,15
15.089012,0,15
15.090012,0,15
15.091012,0,15
15.092016,0,15
15.093012,0,15
15.094012,0,15
15.095012,0,15
15.096012,0,15
15.097012,0,15
15.098012,0,15
15.099012,0,15
15.100012,0,15
15.101012,0,15
15.102012,0,15
15.103016,0,15
15.104016,0,15
15.105016,0,15
15.106012,0,15
15.107012,0,15
15.108012,0,15
15.109012,0,15
15.110012,1,15
15.111012,0,15
15.112012,0,15
15.113012,1,15
15.114012,0,15
15.115012,0,15
15.116012,0,15
15.117012,0,15
15.118012,0,15
15.119012,0,15
15.120012,0,15
15.121012,0,15
15.122012,0,15
15.123012,1,15
15.124016,0,15
15.125012,0,15
15.126012,0,15
15.127012,0,15
15.128012,0,15
15.129012,0,15
15.130012,0,15
15.131012,0,15
15.132012,0,15
15.133012,0,15
15.134012,0,15
15.135012,0,15
15.136012,0,15
15.137012,0,15
15.138012,0,15
15.139012,0,15
15.140012,0,15
15.141012,1,15
15.142012,0,15
15.143016,0,15
15.144016,0,15
15.145012,0,15
15.146012,0,15
15.14702,0,15
15.148012,0,15
15.149012,0,15
15.150012,0,15
15.151012,0,15
15.152012,0,15
15.153012,0,15
15.154016,0,15
15.155012,0,15
15.156016,0,15
15.157012,0,15
15.158012,0,15
15.159012,0,15
15.160012,0,15
15.161012,0,15
15.162012,0,15
15.163012,0,15
15.164012,0,15
15.165012,0,15
15.166012,0,15
15.167012,0,15
15.168012,0,15
15.169012,0,15
15.170012,0,15
15.171012,0,15
15.172012,0,15
15.173012,0,15
15.174012,0,15
15.175012,2,15
15.176012,0,15
15.177012,0,15
15.178012,0,15
15.179012,0,15
15.180012,0,15
15.181012,0,15
15.182012,0,15
15.183012,0,15
15.184012,0,15
15.185012,0,15
15.186012,0,15
15.187012,0,15
15.188012,0,15
15.189012,0,15
15.190012,0,15
15.191012,0,15
15.192012,2,15
15.193012,0,15
15.194012,0,15
15.195012,0,15
15.196016,0,15
15.197016,0,15
15.198012,0,15
15.199012,0,15
15.200016,0,15
15.201012,0,15
15.202012,0,15
15.203012,0,15
15.204012,0,15
15.205012,0,15
15.206012,0,15
15.207012,0,15
15.208012,0,15
15.209012,0,15
15.210012,0,15
15.211012,0,15
15.212012,0,15
15.213012,0,15
15.214012,1,15
15.215012,1,15
15.216012,0,15
15.217012,0,15
15.218012,0,15
15.219012,0,15
15.220012,0,15
15.221012,0,15
15.222012,0,15
15.223012,0,15
15.224012,0,15
15.225012,0,15
15.226012,0,15
15.227012,0,15
15.228012,0,15
15.229012,0,15
15.230012,0,15
15.231012,1,15
15.232016,0,15
15.233016,0,15
15.234012,0,15
15.235012,0,15
15.236012,1,15
15.237012,0,15
15.238012,0,15
15.239012,0,15
15.240012,0,15
15.241012,0,15
15.242012,0,15
15.243012,0,15
15.244012,0,15
15.245012,0,15
15.246012,0,15
15.247012,0,15
15.248012,0,15
15.249012,1,15
15.250012,0,15
15.251012,0,15
15.252016,0,15
15.253012,0,15
15.254012,0,15
15.255012,0,15
15.256016,0,15
15.257012,0,15
15.258012,2,15
15.259012,0,15
15.260012,0,15
15.261012,0,15
15.262012,0,15
15.263012,0,15
15.264012,0,15
15.265012,0,15
15.266012,0,15
15.267012,0,15
15.268012,0,15
15.269012,0,15
15.270012,0,15
15.271012,0,15
15.272012,0,15
15.273012,0,15
15.274012,0,15
15.27502,0,15
15.276012,0,15
15.277012,1,15
15.278012,0,15
15.279012,0,15
15.280012,0,15
15.281012,0,15
15.282012,0,15
15.283012,0,15
15.284012,0,15
15.285012,0,15
15.286012,0,15
15.287012,0,15
15.288012,0,15
15.289012,1,15
15.290012,2,15
15.291012,0,15
15.292012,0,15
15.293012,0,15
15.294012,0,15
15.295012,1,15
15.296016,1,15
15.297012,0,15
15.298012,0,15
15.299012,0,15
15.300012,0,15
15.301012,0,15
15.302012,0,15
15.303012,0,15
15.304016,0,15
15.305012,0,15
15.306012,0,15
15.307012,0,15
15.308016,0,15
15.309016,0,15
15.310012,0,15
15.311012,0,15
15.312016,0,15
15.313012,2,15
15.314012,0,15
15.315012,0,15
15.316016,0,15
15.317012,0,15
15.318012,0,15
15.319012,0,15
15.320016,0,15
15.321012,0,15
15.322012,0,15
15.323012,0,15
15.324012,0,15
15.325012,0,15
15.326012,0,15
15.327016,0,15
15.328016,0,15
15.329012,0,15
15.330012,0,15
15.331012,0,15
15.332016,0,15
15.333012,0,15
15.334016,0,15
15.335016,1,15
15.336016,1,15
15.337016,0,15
15.338012,0,15
15.339012,0,15
15.340016,0,15
15.341012,0,15
15.342012,0,15
15.343016,0,15
15.344016,0,15
15.345012,0,15
15.346012,0,15
15.347016,0,15
15.348016,0,15
15.349016,0,15
15.350016,0,15
15.351016,0,15
15.352016,1,15
15.353016,0,15
15.354016,0,15
15.355016,0,15
15.356016,0,15
15.357016,1,15
15.358016,1,15
15.359016,0,15
15.360012,0,15
15.361012,0,15
15.362016,0,15
15.363016,0,15
15.364016,0,15
15.365016,0,15
15.366016,0,15
15.367012,1,15
15.368012,0,15
15.369016,0,15
15.370012,0,15
15.371012,0,15
15.372012,0,15
15.373012,0,15
15.374012,0,15
15.375012,0,15
15.376012,1,15
15.377016,0,15
15.378012,0,15
15.379012,0,15
15.380016,0,15
15.381012,0,15
15.382012,0,15
15.383012,0,15
15.384012,0,15
15.385012,0,15
15.386012,0,15
15.387012,0,15
15.388012,0,15
15.389012,0,15
15.390012,0,15
15.391012,0,15
15.392012,2,15
15.393012,0,15
15.394012,0,15
15.395012,0,15
15.396012,0,15
15.397012,2,15
15.398012,0,15
15.399012,0,15
15.400012,0,15
15.401012,0,15
15.402012,0,15
15.40302,0,15
15.404016,0,15
15.405016,0,15
15.406016,0,15
15.407012,0,15
15.408012,0,15
15.409012,0,15
15.410012,0,15
15.411012,0,15
15.412012,0,15
15.413012,0,15
15.414012,0,15
15.415012,0,15
15.416012,0,15
15.417012,0,15
15.418012,0,15
15.419012,0,15
15.420012,0,15
15.421012,0,15
15.422012,0,15
15.423012,0,15
15.424012,0,15
15.425016,0,15
15.426012,0,15
15.427012,0,15
15.428012,0,15
15.429012,0,15
15.430012,0,15
15.431012,0,15
15.432012,0,15
15.433012,0,15
15.434012,0,15
15.435012,0,15
15.436012,0,15
15.437012,0,15
15.438012,1,15
15.439012,1,15
15.440012,0,15
15.441012,0,15
15.442012,0,15
15.443012,0,15
15.444012,0,15
15.445012,0,15
15.446012,0,15
15.447012,0,15
15.448012,0,15
15.449016,0,15
15.450012,0,15
15.451012,0,15
15.452012,0,15
15.453012,0,15
15.454012,0,15
15.455012,1,15
15.456012,0,15
15.457012,0,15
15.458012,0,15
15.459012,0,15
15.460012,0,15
15.461012,0,15
15.462012,0,15
15.463012,0,15
15.464012,0,15
15.465012,0,15
15.466012,0,15
15.467012,0,15
15.468012,0,15
15.469012,0,15
15.470012,0,15
15.471012,0,15
15.472012,0,15
15.473012,0,15
15.474012,0,15
15.475012,0,15
15.476016,0,15
15.477012,0,15
15.478012,0,15
15.479012,0,15
15.480012,0,15
15.481012,0,15
15.482012,0,15
15.483012,0,15
15.484012,0,15
15.485012,0,15
15.486012,0,15
15.487012,0,15
15.488012,0,15
15.489016,0,15
15.490016,0,15
15.491016,0,15
15.492012,0,15
15.493016,0,15
15.494012,2,15
15.495012,1,15
15.496012,0,15
15.497012,0,15
15.498012,0,15
15.499012,0,15
15.500012,0,15
15.501012,0,15
15.502012,0,15
15.503012,0,15
15.504016,0,15
15.505012,0,15
15.506012,0,15
15.507012,0,15
15.508016,0,15
15.509012,0,15
15.510012,0,15
15.511012,2,15
15.512016,0,15
15.513012,0,15
15.514016,0,15
15.515012,0,15
15.516012,0,15
15.517012,0,15
15.518012,0,15
15.519012,0,15
15.520016,0,15
15.521012,0,15
15.522012,0,15
15.523012,0,15
15.524012,0,15
15.525012,0,15
15.526012,0,15
15.527012,0,15
15.528012,0,15
15.529012,0,15
15.530012,1,15
15.53102,3,15
15.532012,0,15
15.533012,0,15
15.534012,0,15
15.535012,0,15
15.536012,0,15
15.537012,1,15
15.538012,1,15
15.539012,0,15
15.540016,0,15
15.541012,0,15
15.542012,0,15
15.543012,0,15
15.544016,0,15
15.545012,0,15
15.546012,0,15
15.547012,0,15
15.548012,0,15
15.549012,0,15
15.550012,0,15
15.551016,0,15
15.552016,0,15
15.553012,0,15
15.554012,0,15
15.555012,0,15
15.556012,0,15
15.557012,0,15
15.558016,0,15
15.559012,0,15
15.560016,0,15
15.561012,0,15
15.562012,0,15
15.563012,0,15
15.564016,0,15
15.565016,0,15
15.566012,0,15
15.567012,0,15
15.568012,0,15
15.569012,0,15
15.570012,0,15
15.571012,1,15
15.572012,0,15
15.573012,0,15
15.574012,0,15
15.575012,0,15
15.576012,0,15
15.577016,3,15
15.578012,3,15
15.579016,0,15
15.580012,0,15
15.581012,0,15
15.582012,0,15
15.583012,0,15
15.584012,1,15
15.585012,0,15
15.586012,0,15
15.587012,0,15
15.588012,0,15
15.589012,0,15
15.590012,0,15
15.591012,3,15
15.592012,1,15
15.593012,0,15
15.594012,0,15
15.595012,0,15
15.596012,0,15
15.597012,1,15
15.598012,0,15
15.599012,0,15
15.600016,0,15
15.601012,0,15
15.602012,0,15
15.603012,0,15
15.604016,0,15
15.605012,0,15
15.606012,0,15
15.607012,0,15
15.608012,0,15
15.609012,0,15
15.610012,0,15
15.611012,0,15
15.612012,0,15
15.613012,0,15
15.614012,0,15
15.615012,0,15
15.616016,1,15
15.617016,2,15
15.618016,0,15
15.619016,0,15
15.620012,0,15
15.621016,0,15
15.622012,0,15
15.623012,0,15
15.624012,0,15
15.625012,0,15
15.626012,0,15
15.627012,0,15
15.628012,0,15
15.629012,0,15
15.630012,0,15
15.631012,0,15
15.632012,0,15
15.633012,0,15
15.634012,0,15
15.635012,0,15
15.636016,0,15
15.637012,0,15
15.638012,0,15
15.639012,0,15
15.640012,0,15
15.641012,0,15
15.642012,0,15
15.643012,0,15
15.644012,0,15
15.645012,0,15
15.646012,0,15
15.647012,0,15
15.648012,0,15
15.649012,2,15
15.650012,0,15
15.651012,0,15
15.652012,0,15
15.653012,0,15
15.654012,0,15
15.655012,1,15
15.656012,1,15
15.657012,0,15
15.658012,0,15
15.65902,0,15
15.660012,0,15
15.661012,0,15
15.662012,0,15
15.663012,0,15
15.664012,0,15
15.665012,0,15
15.666012,0,15
15.667012,0,15
15.668016,0,15
15.669012,0,15
15.670012,0,15
15.671012,0,15
15.672012,1,15
15.673012,0,15
15.674012,0,15
15.675012,0,15
15.676012,0,15
15.677012,0,15
15.678012,0,15
15.679012,0,15
15.680016,0,15
15.681012,0,15
15.682012,0,15
15.683012,0,15
15.684012,0,15
15.685012,0,15
15.686012,0,15
15.687012,0,15
15.688012,0,15
15.689012,0,15
15.690012,0,15
15.691012,0,15
15.692012,0,15
15.693012,2,15
15.694012,2,15
15.695012,0,15
15.696012,0,15
15.697012,0,15
15.698012,0,15
15.699012,2,15
15.700012,1,15
15.701012,0,15
15.702012,0,15
15.703012,0,15
15.704012,0,15
15.705012,0,15
15.706012,1,15
15.707012,0,15
15.708012,0,15
15.709012,0,15
15.710012,0,15
15.711012,0,15
15.712016,0,15
15.713012,0,15
15.714012,0,15
15.715012,0,15
15.716016,0,15
15.717012,0,15
15.718016,0,15
15.719016,0,15
15.720012,0,15
15.721016,0,15
15.722012,0,15
15.723012,0,15
15.724012,0,15
15.725012,0,15
15.726012,0,15
15.727012,0,15
15.728016,0,15
15.729012,0,15
15.730012,0,15
15.731012,2,15
15.732012,0,15
15.733012,0,15
15.734012,0,15
15.735012,0,15
15.736012,0,15
15.737012,1,15
15.738012,0,15
15.739012,0,15
15.740012,0,15
15.741012,0,15
15.742012,0,15
15.743012,0,15
15.744012,0,15
15.745016,0,15
15.746016,0,15
15.747016,0,15
15.748012,0,15
15.749016,0,15
15.750012,0,15
15.751012,0,15
15.752012,2,15
15.753012,0,15
15.754012,0,15
15.755012,0,15
15.756012,0,15
15.757012,0,15
15.758012,0,15
15.759012,0,15
15.760012,0,15
15.761012,0,15
15.762012,0,15
15.763012,0,15
15.764016,0,15
15.765012,0,15
15.766012,0,15
15.767012,0,15
15.768012,0,15
15.769012,0,15
15.770012,0,15
15.771012,0,15
15.772012,0,15
15.773012,0,15
15.774012,1,15
15.775012,0,15
15.776012,0,15
15.777016,0,15
15.778012,0,15
15.779012,0,15
15.780012,0,15
15.781012,0,15
15.782012,0,15
15.783012,2,15
15.784012,0,15
15.785012,0,15
15.786012,0,15
15.787016,0,15
15.788012,0,15
15.789012,0,15
15.790012,0,15
15.791012,1,15
15.792012,3,15
15.793012,2,15
15.794012,0,15
15.795012,0,15
15.796012,0,15
15.797012,0,15
15.798012,0,15
15.799012,1,15
15.800012,3,15
15.801012,0,15
15.802012,0,15
15.803012,0,15
15.804012,0,15
15.805012,0,15
15.806012,0,15
15.807012,0,15
15.808012,0,15
15.809012,0,15
15.810012,0,15
15.811012,0,15
15.812012,1,15
15.813012,1,15
15.814012,0,15
15.815012,0,15
15.816012,0,15
15.817012,0,15
15.818012,0,15
15.819012,1,15
15.820012,0,15
15.821012,0,15
15.822012,0,15
15.823012,0,15
15.824012,0,15
15.825012,0,15
15.826012,0,15
15.827012,0,15
15.828012,0,15
15.829012,0,15
15.830012,0,15
15.831012,0,15
15.832012,0,15
15.833012,0,15
15.834012,0,15
15.835012,0,15
15.836012,0,15
15.837012,0,15
15.838012,0,15
15.839012,0,15
15.840012,0,15
15.841012,0,15
15.842012,0,15
15.843012,0,15
15.844012,0,15
15.845012,0,15
15.846012,0,15
15.847012,0,15
15.848012,0,15
15.849012,0,15
15.850012,0,15
15.851012,0,15
15.852012,0,15
15.853012,0,15
15.854012,0,15
15.855012,0,15
15.856012,0,15
15.857012,0,15
15.858012,0,15
15.859012,0,15
15.860016,0,15
15.861012,0,15
15.862012,0,15
15.863012,0,15
15.864012,0,15
15.865012,0,15
15.866012,0,15
15.867012,0,15
15.868012,0,15
15.869012,0,15
15.870012,0,15
15.871016,0,15
15.872016,1,15
15.873016,0,15
15.874016,0,15
15.875016,0,15
15.876012,1,15
15.877016,0,15
15.878012,0,15
15.879012,0,15
15.880012,0,15
15.881012,0,15
15.882012,0,15
15.883012,0,15
15.884012,0,15
15.885012,1,15
15.886012,0,15
15.887012,0,15
15.888012,0,15
15.889012,0,15
15.890012,2,15
15.891012,0,15
15.892016,0,15
15.893012,0,15
15.894012,0,15
15.895012,0,15
15.896012,0,15
15.897012,0,15
15.898012,0,15
15.899012,0,15
15.900012,0,15
15.901012,0,15
15.902012,0,15
15.903012,0,15
15.904012,0,15
15.905012,0,15
15.906012,0,15
15.907012,0,15
15.908012,0,15
15.909012,0,15
15.910012,0,15
15.911012,0,15
15.912016,0,15
15.913012,0,15
15.914012,0,15
15.91502,0,15
15.916012,1,15
15.917012,0,15
15.918012,0,15
15.919012,0,15
15.920012,0,15
15.921012,0,15
15.922012,0,15
15.923012,0,15
15.924016,0,15
15.925012,0,15
15.926012,0,15
15.927012,0,15
15.928012,0,15
15.929012,0,15
15.930012,0,15
15.931012,0,15
15.932012,0,15
15.933012,1,15
15.934012,0,15
15.935012,0,15
15.936012,0,15
15.937012,0,15
15.938012,0,15
15.939012,0,15
15.940012,0,15
15.941012,0,15
15.942012,0,15
15.943012,0,15
15.944012,0,15
15.945012,0,15
15.946012,0,15
15.947012,0,15
15.948012,0,15
15.949012,0,15
15.950012,1,15
15.951012,0,15
15.952016,0,15
15.953012,0,15
15.954012,0,15
15.955012,1,15
15.956012,0,15
15.957012,0,15
15.958012,0,15
15.959012,0,15
15.960012,0,15
15.961012,0,15
15.962012,0,15
15.963012,0,15
15.964012,0,15
15.965012,0,15
15.966012,0,15
15.967012,0,15
15.968016,0,15
15.969012,0,15
15.970012,0,15
15.971012,0,15
15.972016,0,15
15.973012,0,15
15.974016,1,15
15.975016,0,15
15.976012,0,15
15.977012,0,15
15.978012,0,15
15.979012,0,15
15.980012,0,15
15.981012,0,15
15.982012,0,15
15.983012,0,15
15.984012,0,15
15.985012,0,15
15.986012,0,15
15.987012,0,15
15.988016,0,15
15.989012,0,15
15.990012,0,15
15.991012,0,15
15.992016,0,15
15.993012,0,15
15.994012,0,15
15.995012,3,15
15.996012,0,15
15.997012,0,15
15.998012,0,15
15.999012,0,15
16.000016,0,15
16.001012,0,16
16.002016,0,16
16.003016,0,16
16.004016,0,16
16.005016,0,16
16.006016,1,16
16.007012,0,16
16.008012,0,16
16.009016,0,16
16.010012,0,16
16.011012,0,16
16.012012,1,16
16.013012,3,16
16.014012,1,16
16.015012,0,16
16.016012,0,16
16.017016,0,16
16.018012,0,16
16.019012,0,16
16.020012,0,16
16.021012,0,16
16.022012,0,16
16.023012,0,16
16.024012,0,16
16.025012,0,16
16.026012,0,16
16.027016,0,16
16.028012,0,16
16.029012,0,16
16.030012,0,16
16.031012,0,16
16.032012,0,16
16.033016,0,16
16.034012,1,16
16.035012,1,16
16.036012,0,16
16.037016,0,16
16.038012,0,16
16.039012,0,16
16.040012,0,16
16.041016,0,16
16.042012,0,16
16.04302,0,16
16.044016,0,16
16.045016,0,16
16.046016,0,16
16.047012,0,16
16.048012,0,16
16.049012,0,16
16.050012,0,16
16.051012,0,16
16.052012,0,16
16.053012,0,16
16.054012,0,16
16.055012,0,16
16.056012,0,16
16.057012,0,16
16.058012,0,16
16.059012,0,16
16.060012,0,16
16.061012,0,16
16.062012,0,16
16.063012,0,16
16.064012,0,16
16.065016,0,16
16.066012,0,16
16.067012,0,16
16.068012,0,16
16.069016,0,16
16.070012,0,16
16.071012,0,16
16.072012,0,16
16.073012,0,16
16.074012,0,16
16.075012,0,16
16.076012,0,16
16.077012,0,16
16.078016,0,16
16.079012,0,16
16.080012,0,16
16.081016,0,16
16.082012,0,16
16.083016,0,16
16.084012,0,16
16.085016,0,16
16.08602,0,16
16.087012,0,16
16.088012,2,16
16.089016,0,16
16.090016,0,16
16.091016,0,16
16.092012,0,16
16.093012,0,16
16.094012,0,16
16.095012,0,16
16.096012,0,16
16.097012,0,16
16.098012,0,16
16.099012,0,16
16.100012,0,16
16.101012,0,16
16.102012,0,16
16.103012,0,16
16.104012,0,16
16.105012,0,16
16.106012,0,16
16.107012,0,16
16.108012,0,16
16.109012,0,16
16.110012,0,16
16.111012,0,16
16.112012,0,16
16.113012,0,16
16.114012,2,16
16.115012,2,16
16.116012,0,16
16.117012,0,16
16.118012,0,16
16.119012,0,16
16.120012,0,16
16.121012,0,16
16.122012,0,16
16.123012,0,16
16.124012,0,16
16.125012,0,16
16.126012,0,16
16.127012,0,16
16.128016,0,16
16.129012,0,16
16.130016,0,16
16.131016,0,16
16.132012,0,16
16.133016,0,16
16.134012,0,16
16.135012,0,16
16.136012,0,16
16.137012,0,16
16.138012,0,16
16.139012,0,16
16.140012,0,16
16.141012,0,16
16.142012,0,16
16.143012,0,16
16.144012,0,16
16.145016,0,16
16.146012,0,16
16.147012,0,16
16.148016,0,16
16.149012,0,16
16.150012,0,16
16.151012,0,16
16.152012,0,16
16.153012,0,16
16.154012,0,16
16.155012,0,16
16.156012,1,16
16.157012,1,16
16.158012,0,16
16.159012,0,16
16.160012,0,16
16.161016,0,16
16.162012,0,16
16.163012,0,16
16.164012,0,16
16.165012,0,16
16.166012,0,16
16.167012,0,16
16.168012,0,16
16.169012,0,16
16.170012,0,16
16.171024,0,16
16.172016,0,16
16.173012,0,16
16.174012,0,16
16.175012,0,16
16.176012,1,16
16.177012,1,16
16.178012,0,16
16.179012,0,16
16.180012,0,16
16.181016,0,16
16.182012,0,16
16.183012,0,16
16.184012,0,16
16.185012,0,16
16.186012,0,16
16.187012,0,16
16.188012,0,16
16.189012,0,16
16.190012,0,16
16.191012,0,16
16.192012,0,16
16.193016,0,16
16.194012,0,16
16.195012,0,16
16.196012,0,16
16.197012,0,16
16.198012,0,16
16.199012,0,16
16.200012,0,16
16.201012,0,16
16.202012,0,16
16.203012,0,16
16.204012,0,16
16.205012,0,16
16.206012,0,16
16.207012,1,16
16.208012,1,16
16.209012,0,16
16.210012,0,16
16.211012,0,16
16.212012,0,16
16.213012,0,16
16.214012,0,16
16.215012,0,16
16.216012,3,16
16.217012,0,16
16.218012,0,16
16.219012,0,16
16.220012,0,16
16.221012,0,16
16.222012,0,16
16.223012,0,16
16.224012,0,16
16.225012,0,16
16.226012,1,16
16.227012,0,16
16.228012,0,16
16.229012,0,16
16.230012,0,16
16.231012,0,16
16.232012,0,16
16.233012,0,16
16.234012,0,16
16.235012,0,16
16.236012,0,16
16.237012,0,16
16.238012,0,16
16.239012,0,16
16.240012,0,16
16.241012,0,16
16.242012,0,16
16.243012,0,16
16.244012,0,16
16.245012,0,16
16.246012,0,16
16.247012,0,16
16.248012,0,16
16.249012,0,16
16.250012,0,16
16.251012,0,16
16.252012,0,16
16.253012,1,16
16.254012,0,16
16.255012,0,16
16.256016,0,16
16.257016,0,16
16.258016,0,16
16.259016,1,16
16.260012,1,16
16.261016,0,16
16.262012,0,16
16.263012,0,16
16.264012,0,16
16.265012,0,16
16.266012,0,16
16.267012,0,16
16.268012,0,16
16.269012,0,16
16.270012,0,16
16.271012,0,16
16.272012,0,16
16.273012,0,16
16.274012,0,16
16.275012,0,16
16.276016,0,16
16.277012,0,16
16.278012,0,16
16.279012,0,16
16.280012,0,16
16.281012,0,16
16.282012,0,16
16.283012,0,16
16.284012,0,16
16.285012,0,16
16.286012,0,16
16.287012,0,16
16.288012,2,16
16.289012,0,16
16.290012,0,16
16.291012,0,16
16.292012,0,16
16.293012,1,16
16.294012,0,16
16.295012,0,16
16.296012,0,16
16.297012,0,16
16.298012,0,16
16.29902,0,16
16.300012,0,16
16.301012,0,16
16.302012,0,16
16.303012,0,16
16.304012,0,16
16.305012,0,16
16.306012,0,16
16.307012,0,16
16.308016,0,16
16.309012,0,16
16.310012,0,16
16.311012,0,16
16.312012,0,16
16.313012,0,16
16.314012,0,16
16.315012,0,16
16.316012,0,16
16.317012,2,16
16.318012,0,16
16.319012,0,16
16.320016,0,16
16.321012,0,16
16.322012,0,16
16.323012,0,16
16.324012,0,16
16.325012,0,16
16.326012,0,16
16.327012,0,16
16.328012,0,16
16.329012,0,16
16.330012,0,16
16.331012,0,16
16.332012,0,16
16.333012,0,16
16.334012,0,16
16.335012,0,16
16.336012,0,16
16.337012,0,16
16.338012,0,16
16.339012,0,16
16.340012,0,16
16.341012,0,16
16.342012,0,16
16.343012,0,16
16.344012,0,16
16.345016,0,16
16.346012,0,16
16.347012,0,16
16.348012,0,16
16.349012,0,16
16.350012,0,16
16.351012,0,16
16.352016,0,16
16.353012,0,16
16.354012,0,16
16.355012,0,16
16.356012,0,16
16.357012,0,16
16.358012,0,16
16.359012,0,16
16.360012,0,16
16.361016,0,16
16.362012,0,16
16.363012,0,16
16.364016,0,16
16.365012,0,16
16.366012,0,16
16.367012,0,16
16.368012,0,16
16.369012,1,16
16.370012,0,16
16.371012,0,16
16.372016,0,16
16.373012,0,16
16.374016,0,16
16.375012,0,16
16.376016,0,16
16.377012,0,16
16.378012,0,16
16.379012,0,16
16.380016,0,16
16.381012,0,16
16.382016,0,16
16.383016,0,16
16.384016,0,16
16.385012,0,16
16.386012,0,16
16.387012,0,16
16.388016,0,16
16.389012,1,16
16.390012,1,16
16.391016,0,16
16.392016,0,16
16.393016,0,16
16.394016,0,16
16.395016,0,16
16.396016,0,16
16.397016,0,16
16.398016,0,16
16.399016,0,16
16.400012,1,16
16.401016,1,16
16.402016,0,16
16.403016,0,16
16.404012,0,16
16.405016,0,16
16.406016,0,16
16.407016,0,16
16.408016,1,16
16.409016,1,16
16.410016,0,16
16.411016,0,16
16.412016,0,16
16.413016,0,16
16.414016,0,16
16.415016,0,16
16.416016,0,16
16.417016,0,16
16.418016,0,16
16.419016,0,16
16.420012,0,16
16.421016,0,16
16.422016,0,16
16.423012,0,16
16.424012,0,16
16.425016,1,16
16.426016,0,16
16.42702,0,16
16.428012,0,16
16.429016,0,16
16.430016,0,16
16.431016,0,16
16.432016,0,16
16.433016,2,16
16.434016,0,16
16.435016,0,16
16.436012,0,16
16.437016,0,16
16.438016,2,16
16.439016,1,16
16.440012,0,16
16.441016,0,16
16.442016,0,16
16.443016,0,16
16.444012,0,16
16.445016,0,16
16.446012,0,16
16.447012,0,16
16.448012,0,16
16.449016,0,16
16.450016,0,16
16.451016,0,16
16.452012,0,16
16.453016,0,16
16.454012,0,16
16.455012,0,16
16.456012,1,16
16.457016,0,16
16.458016,0,16
16.459012,0,16
16.460012,0,16
16.461012,0,16
16.462016,0,16
16.463012,0,16
16.464012,0,16
16.465016,1,16
16.466012,0,16
16.467016,0,16
16.468012,0,16
16.469016,0,16
16.47002,0,16
16.471012,0,16
16.472016,0,16
16.473016,0,16
16.474016,0,16
16.475016,0,16
16.476012,0,16
16.477012,0,16
16.478012,0,16
16.479012,0,16
16.480012,0,16
16.481016,0,16
16.482016,0,16
16.483016,0,16
16.484012,0,16
16.485016,0,16
16.486012,0,16
16.487012,0,16
16.488016,0,16
16.489012,0,16
16.490016,0,16
16.491016,0,16
16.492012,0,16
16.493016,0,16
16.494016,0,16
16.495012,0,16
16.496012,0,16
16.497016,0,16
16.498016,0,16
16.499016,0,16
16.500012,0,16
16.501016,0,16
16.502012,0,16
16.503012,0,16
16.504012,0,16
16.505012,0,16
16.506012,0,16
16.507012,0,16
16.508012,0,16
16.509012,0,16
16.510012,0,16
16.511012,0,16
16.512012,0,16
16.513012,0,16
16.514016,0,16
16.515016,0,16
16.516016,0,16
16.517016,0,16
16.518016,0,16
16.519012,0,16
16.520012,0,16
16.521016,0,16
16.522016,0,16
16.523012,0,16
16.524012,0,16
16.525012,0,16
16.526016,0,16
16.527012,0,16
16.528012,0,16
16.529016,0,16
16.530016,1,16
16.531012,1,16
16.532016,0,16
16.533012,0,16
16.534012,0,16
16.535012,0,16
16.536012,0,16
16.537012,0,16
16.538012,0,16
16.539016,0,16
16.540012,0,16
16.541012,0,16
16.542012,0,16
16.543012,0,16
16.544012,0,16
16.545016,0,16
16.546012,0,16
16.547012,1,16
16.548012,1,16
16.549016,0,16
16.550012,0,16
16.551012,0,16
16.552012,0,16
16.553016,0,16
16.554012,0,16
16.55502,0,16
16.556012,0,16
16.557016,0,16
16.558016,0,16
16.559016,0,16
16.560012,0,16
16.561016,0,16
16.562012,0,16
16.563012,0,16
16.564012,1,16
16.565016,0,16
16.566012,0,16
16.567012,0,16
16.568012,0,16
16.569012,0,16
16.570012,0,16
16.571012,0,16
16.572012,0,16
16.573012,1,16
16.574012,0,16
16.575012,0,16
16.576012,0,16
16.577016,0,16
16.578012,0,16
16.579012,0,16
16.580012,0,16
16.581012,0,16
16.582012,0,16
16.583012,0,16
16.584012,0,16
16.585012,0,16
16.586012,0,16
16.587012,0,16
16.588012,0,16
16.589012,0,16
16.590016,0,16
16.591012,0,16
16.592012,0,16
16.593016,0,16
16.594012,0,16
16.595016,0,16
16.596012,0,16
16.597012,0,16
16.59802,0,16
16.599012,0,16
16.600012,0,16
16.601016,0,16
16.602016,0,16
16.603016,0,16
16.604012,0,16
16.605012,0,16
16.606012,1,16
16.607012,0,16
16.608012,0,16
16.609016,0,16
16.610012,0,16
16.611012,0,16
16.612012,0,16
16.613012,0,16
16.614012,0,16
16.615012,0,16
16.616012,0,16
16.617012,0,16
16.618012,0,16
16.619012,0,16
16.620012,1,16
16.621012,1,16
16.622012,0,16
16.623012,0,16
16.624012,0,16
16.625012,0,16
16.626012,0,16
16.627012,0,16
16.628012,0,16
16.629012,1,16
16.630012,2,16
16.631012,0,16
16.632012,0,16
16.633012,0,16
16.634012,0,16
16.635012,0,16
16.636012,0,16
16.637012,3,16
16.638012,0,16
16.639012,0,16
16.640012,0,16
16.641012,0,16
16.642012,0,16
16.643012,0,16
16.644016,0,16
16.645012,0,16
16.646016,0,16
16.647016,0,16
16.648016,0,16
16.649016,0,16
16.650016,0,16
16.651012,0,16
16.652012,0,16
16.653016,0,16
16.654016,0,16
16.655012,0,16
16.656012,0,16
16.657016,0,16
16.658016,0,16
16.659016,0,16
16.660012,0,16
16.661016,0,16
16.662012,0,16
16.663012,0,16
16.664012,0,16
16.665012,0,16
16.666012,0,16
16.667016,0,16
16.668012,0,16
16.669012,0,16
16.670012,0,16
16.671012,0,16
16.672012,0,16
16.673016,0,16
16.674012,0,16
16.675016,0,16
16.676012,0,16
16.677016,0,16
16.678012,0,16
16.679012,0,16
16.680012,0,16
16.681016,0,16
16.682016,0,16
16.68302,0,16
16.684012,0,16
16.685016,0,16
16.686016,0,16
16.687016,0,16
16.688016,0,16
16.689016,0,16
16.690012,0,16
16.691012,0,16
16.692012,0,16
16.693016,0,16
16.694012,0,16
16.695012,0,16
16.696012,0,16
16.697012,0,16
16.698012,0,16
16.699012,0,16
16.700012,0,16
16.701012,0,16
16.702012,0,16
16.703012,0,16
16.704012,0,16
16.705016,0,16
16.706012,0,16
16.707012,0,16
16.708012,0,16
16.709012,0,16
16.710012,0,16
16.711012,0,16
16.712012,0,16
16.713016,0,16
16.714012,0,16
16.715012,0,16
16.716012,0,16
16.717012,0,16
16.718016,0,16
16.719012,1,16
16.720012,0,16
16.721016,0,16
16.722012,0,16
16.723016,0,16
16.724012,0,16
16.725016,0,16
16.72602,1,16
16.727012,1,16
16.728016,0,16
16.729016,0,16
16.730016,0,16
16.731016,0,16
16.732012,0,16
16.733012,0,16
16.734012,0,16
16.735012,0,16
16.736012,0,16
16.737016,0,16
16.738012,0,16
16.739012,0,16
16.740012,0,16
16.741012,0,16
16.742012,0,16
16.743012,0,16
16.744012,0,16
16.745012,0,16
16.746012,0,16
16.747012,0,16
16.748012,0,16
16.749012,0,16
16.750012,0,16
16.751012,0,16
16.752012,0,16
16.753012,0,16
16.754012,0,16
16.755012,0,16
16.756012,0,16
16.757012,0,16
16.758012,0,16
16.759012,0,16
16.760012,0,16
16.761012,0,16
16.762012,0,16
16.763012,0,16
16.764012,0,16
16.765012,0,16
16.766012,1,16
16.767012,0,16
16.768012,0,16
16.769016,0,16
16.770016,0,16
16.771016,0,16
16.772016,0,16
16.773016,0,16
16.774012,0,16
16.775012,0,16
16.776012,0,16
16.777012,0,16
16.778012,0,16
16.779012,0,16
16.780012,0,16
16.781012,0,16
16.782012,0,16
16.783012,0,16
16.784012,0,16
16.785012,0,16
16.786012,0,16
16.787012,0,16
16.788016,0,16
16.789012,0,16
16.790012,0,16
16.791012,1,16
16.792012,0,16
16.793012,0,16
16.794012,0,16
16.795016,0,16
16.796012,1,16
16.797012,1,16
16.798012,0,16
16.799012,0,16
16.800012,0,16
16.801016,0,16
16.802016,0,16
16.803016,0,16
16.804012,0,16
16.805016,0,16
16.806016,0,16
16.807012,0,16
16.808012,0,16
16.809016,0,16
16.810016,0,16
16.81102,0,16
16.812012,0,16
16.813016,0,16
16.814016,0,16
16.815016,0,16
16.816016,0,16
16.817016,0,16
16.818012,0,16
16.819016,0,16
16.820012,0,16
16.821016,0,16
16.822012,0,16
16.823012,0,16
16.824012,0,16
16.825012,0,16
16.826012,0,16
16.827012,0,16
16.828012,0,16
16.829012,0,16
16.830012,0,16
16.831012,0,16
16.832012,0,16
16.833016,0,16
16.834012,0,16
16.835012,1,16
16.836012,0,16
16.837016,0,16
16.838012,0,16
16.839012,0,16
16.840012,0,16
16.841016,0,16
16.842012,0,16
16.843012,0,16
16.844012,2,16
16.845012,1,16
16.846016,0,16
16.847012,0,16
16.848012,0,16
16.849016,0,16
16.850012,0,16
16.851016,1,16
16.852012,0,16
16.853012,0,16
16.854024,0,16
16.855012,0,16
16.856012,0,16
16.857016,1,16
16.858016,0,16
16.859016,0,16
16.860012,0,16
16.861012,0,16
16.862012,0,16
16.863012,0,16
16.864012,0,16
16.865016,0,16
16.866012,0,16
16.867012,0,16
16.868012,0,16
16.869012,0,16
16.870012,2,16
16.871012,0,16
16.872012,0,16
16.873012,0,16
16.874012,0,16
16.875012,0,16
16.876012,0,16
16.877012,0,16
16.878012,0,16
16.879012,0,16
16.880012,0,16
16.881016,0,16
16.882012,0,16
16.883012,0,16
16.884012,0,16
16.885016,0,16
16.886012,0,16
16.887012,0,16
16.888012,0,16
16.889012,0,16
16.890012,0,16
16.891012,0,16
16.892012,0,16
16.893012,0,16
16.894012,0,16
16.895012,0,16
16.896012,0,16
16.897012,0,16
16.898016,0,16
16.899016,0,16
16.900016,0,16
16.901016,0,16
16.902016,0,16
16.903012,0,16
16.904012,0,16
16.905016,0,16
16.906012,0,16
16.907012,0,16
16.908012,1,16
16.909012,0,16
16.910012,0,16
16.911012,0,16
16.912012,0,16
16.913016,0,16
16.914012,0,16
16.915012,1,16
16.916016,0,16
16.917012,0,16
16.918012,0,16
16.919012,0,16
16.920012,0,16
16.921012,0,16
16.922012,0,16
16.923012,0,16
16.924012,0,16
16.925012,0,16
16.926012,0,16
16.927012,0,16
16.928012,0,16
16.929016,0,16
16.930012,0,16
16.931012,0,16
16.932012,0,16
16.933012,0,16
16.934012,0,16
16.935012,0,16
16.936012,0,16
16.937012,0,16
16.938012,0,16
16.93902,0,16
16.940016,0,16
16.941016,0,16
16.942016,0,16
16.943012,0,16
16.944012,0,16
16.945012,0,16
16.946012,0,16
16.947012,0,16
16.948012,0,16
16.949012,0,16
16.950012,0,16
16.951012,0,16
16.952012,0,16
16.953012,0,16
16.954012,0,16
16.955012,0,16
16.956012,0,16
16.957012,0,16
16.958012,0,16
16.959012,0,16
16.960012,0,16
16.961016,0,16
16.962016,0,16
16.963012,0,16
16.964012,0,16
16.965016,0,16
16.966012,0,16
16.967012,0,16
16.968012,0,16
16.969016,0,16
16.970012,0,16
16.971012,0,16
16.972012,0,16
16.973012,0,16
16.974012,2,16
16.975012,0,16
16.976012,0,16
16.977012,0,16
16.978012,0,16
16.979012,0,16
16.980012,0,16
16.981012,0,16
16.982024,0,16
16.983016,0,16
16.984012,0,16
16.985016,0,16
16.986016,0,16
16.987016,0,16
16.988012,0,16
16.989012,0,16
16.990012,0,16
16.991012,0,16
16.992012,0,16
16.993012,0,16
16.994012,0,16
16.995012,0,16
16.996012,0,16
16.997012,0,16
16.998012,0,16
16.999012,0,16
17.000012,0,16
17.001012,0,17
17.002012,0,17
17.003012,0,17
17.004012,0,17
17.005012,0,17
17.006012,0,17
17.007012,0,17
17.008012,0,17
17.009012,0,17
17.010012,0,17
17.011012,0,17
17.012012,0,17
17.013012,1,17
17.014012,0,17
17.015012,0,17
17.016012,0,17
17.017012,0,17
17.018012,0,17
17.019012,0,17
17.020012,0,17
17.021012,1,17
17.022012,0,17
17.023012,0,17
17.024012,0,17
17.025016,0,17
17.026016,0,17
17.027016,0,17
17.028012,0,17
17.029016,0,17
17.030012,0,17
17.031012,0,17
17.032012,0,17
17.033012,0,17
17.034012,0,17
17.035012,0,17
17.036012,0,17
17.037012,0,17
17.038012,0,17
17.039012,0,17
17.040012,0,17
17.041016,0,17
17.042016,0,17
17.043016,0,17
17.044012,0,17
17.045016,0,17
17.046012,0,17
17.047012,0,17
17.048012,0,17
17.049012,0,17
17.050012,0,17
17.051016,0,17
17.052012,0,17
17.053012,0,17
17.054012,0,17
17.055012,0,17
17.056012,1,17
17.057016,0,17
17.058012,0,17
17.059012,0,17
17.060012,0,17
17.061016,0,17
17.062012,0,17
17.063012,0,17
17.064012,0,17
17.065012,0,17
17.066012,0,17
17.06702,0,17
17.068016,0,17
17.069016,0,17
17.070016,0,17
17.071012,0,17
17.072012,0,17
17.073012,0,17
17.074012,0,17
17.075012,0,17
17.076012,0,17
17.077012,0,17
17.078012,0,17
17.079012,0,17
17.080012,0,17
17.081012,0,17
17.082012,0,17
17.083012,0,17
17.084012,0,17
17.085012,0,17
17.086012,0,17
17.087012,1,17
17.088012,0,17
17.089016,0,17
17.090012,0,17
17.091012,0,17
17.092012,0,17
17.093012,0,17
17.094012,2,17
17.095012,0,17
17.096012,0,17
17.097012,0,17
17.098012,0,17
17.099012,0,17
17.100012,0,17
17.101012,0,17
17.102012,1,17
17.103012,0,17
17.104012,0,17
17.105012,0,17
17.106012,0,17
17.107012,0,17
17.108012,1,17
17.109012,1,17
17.110012,0,17
17.111012,0,17
17.112012,0,17
17.113016,0,17
17.114012,0,17
17.115016,0,17
17.116012,0,17
17.117012,0,17
17.118012,0,17
17.119012,0,17
17.120012,0,17
17.121012,0,17
17.122012,0,17
17.123012,0,17
17.124012,0,17
17.125012,0,17
17.126012,0,17
17.127012,0,17
17.128012,0,17
17.129012,0,17
17.130012,1,17
17.131012,0,17
17.132012,0,17
17.133012,0,17
17.134012,0,17
17.135012,0,17
17.136012,0,17
17.137012,0,17
17.138012,0,17
17.139012,0,17
17.140012,0,17
17.141012,0,17
17.142012,0,17
17.143012,0,17
17.144012,0,17
17.145012,0,17
17.146012,0,17
17.147012,0,17
17.148012,0,17
17.149012,0,17
17.150012,0,17
17.151012,0,17
17.152016,0,17
17.153016,0,17
17.154016,0,17
17.155016,0,17
17.156012,0,17
17.157016,0,17
17.158012,0,17
17.159012,0,17
17.160012,0,17
17.161012,0,17
17.162012,0,17
17.163012,0,17
17.164012,0,17
17.165012,0,17
17.166012,0,17
17.167012,0,17
17.168012,0,17
17.169016,0,17
17.170012,0,17
17.171012,0,17
17.172016,0,17
17.173012,0,17
17.174012,0,17
17.175012,0,17
17.176012,0,17
17.177012,0,17
17.178012,2,17
17.179012,0,17
17.180012,0,17
17.181012,0,17
17.182012,0,17
17.183012,0,17
17.184012,0,17
17.185012,0,17
17.186012,0,17
17.187012,0,17
17.188012,0,17
17.189012,0,17
17.190012,0,17
17.191012,0,17
17.192012,0,17
17.193012,0,17
17.194012,0,17
17.19502,1,17
17.196012,2,17
17.197012,0,17
17.198012,0,17
17.199012,0,17
17.200012,0,17
17.201012,0,17
17.202012,0,17
17.203012,0,17
17.204012,0,17
17.205016,0,17
17.206012,2,17
17.207016,2,17
17.208012,0,17
17.209016,0,17
17.210012,0,17
17.211012,0,17
17.212012,0,17
17.213012,0,17
17.214012,1,17
17.215012,0,17
17.216012,0,17
17.217016,0,17
17.218012,0,17
17.219012,0,17
17.220012,0,17
17.221012,0,17
17.222012,0,17
17.223012,0,17
17.224012,0,17
17.225012,0,17
17.226012,2,17
17.227012,1,17
17.228012,0,17
17.229012,0,17
17.230012,0,17
17.231012,0,17
17.232012,0,17
17.233012,0,17
17.234012,0,17
17.235012,0,17
17.236012,0,17
17.237012,0,17
17.238012,0,17
17.239012,0,17
17.240012,0,17
17.241016,0,17
17.242012,0,17
17.243016,0,17
17.244012,0,17
17.245012,0,17
17.246012,0,17
17.247012,0,17
17.248012,0,17
17.249016,0,17
17.250012,0,17
17.251012,0,17
17.252012,0,17
17.253012,0,17
17.254012,0,17
17.255012,0,17
17.256012,0,17
17.257012,0,17
17.258012,0,17
17.259012,0,17
17.260012,0,17
17.261012,0,17
17.262012,0,17
17.263012,0,17
17.264012,0,17
17.265012,0,17
17.266012,0,17
17.267012,0,17
17.268012,0,17
17.269012,0,17
17.270012,1,17
17.271012,0,17
17.272012,0,17
17.273012,0,17
17.274012,0,17
17.275012,0,17
17.276012,0,17
17.277012,0,17
17.278012,0,17
17.279012,0,17
17.280016,0,17
17.281012,0,17
17.282016,0,17
17.283016,0,17
17.284016,0,17
17.285016,0,17
17.286016,0,17
17.287012,0,17
17.288012,0,17
17.289016,1,17
17.290012,0,17
17.291012,0,17
17.292012,0,17
17.293012,1,17
17.294012,3,17
17.295012,0,17
17.296012,0,17
17.297016,0,17
17.298012,0,17
17.299012,0,17
17.300016,0,17
17.301012,0,17
17.302012,0,17
17.303012,0,17
17.304012,0,17
17.305012,0,17
17.306012,0,17
17.307012,0,17
17.308012,0,17
17.309012,2,17
17.310012,0,17
17.311012,0,17
17.312012,0,17
17.313016,0,17
17.314012,0,17
17.315012,0,17
17.316012,0,17
17.317012,0,17
17.318012,0,17
17.319012,0,17
17.320012,0,17
17.321012,0,17
17.322012,0,17
17.323024,0,17
17.324016,0,17
17.325012,0,17
17.326012,0,17
17.327012,0,17
17.328012,0,17
17.329012,0,17
17.330012,0,17
17.331012,0,17
17.332012,0,17
17.333012,0,17
17.334012,0,17
17.335012,0,17
17.336012,0,17
17.337012,0,17
17.338012,0,17
17.339012,0,17
17.340012,0,17
17.341012,0,17
17.342012,0,17
17.343012,0,17
17.344012,0,17
17.345012,0,17
17.346012,0,17
17.347012,0,17
17.348012,0,17
17.349012,0,17
17.350012,0,17
17.351012,0,17
17.352012,0,17
17.353012,0,17
17.354012,0,17
17.355012,0,17
17.356012,0,17
17.357012,0,17
17.358012,0,17
17.359012,0,17
17.360012,0,17
17.361012,2,17
17.362012,0,17
17.363012,0,17
17.364012,0,17
17.365012,0,17
17.366012,0,17
17.367012,0,17
17.368012,0,17
17.369016,0,17
17.370016,0,17
17.371016,0,17
17.372012,0,17
17.373012,0,17
17.374012,0,17
17.375012,0,17
17.376012,0,17
17.377012,0,17
17.378012,0,17
17.379012,0,17
17.380012,0,17
17.381012,0,17
17.382012,0,17
17.383012,0,17
17.384012,0,17
17.385012,0,17
17.386012,0,17
17.387012,0,17
17.388012,0,17
17.389012,0,17
17.390012,0,17
17.391012,0,17
17.392012,0,17
17.393012,0,17
17.394012,0,17
17.395012,0,17
17.396016,0,17
17.397012,0,17
17.398012,0,17
17.399012,0,17
17.400012,0,17
17.401012,0,17
17.402012,0,17
17.403012,0,17
17.404012,0,17
17.405012,0,17
17.406012,0,17
17.407012,0,17
17.408016,0,17
17.409012,0,17
17.410016,0,17
17.411016,0,17
17.412016,0,17
17.413016,0,17
17.414016,0,17
17.415012,0,17
17.416012,0,17
17.417012,0,17
17.418012,0,17
17.419012,0,17
17.420012,0,17
17.421012,0,17
17.422012,0,17
17.423012,0,17
17.424012,0,17
17.425016,0,17
17.426012,0,17
17.427012,0,17
17.428016,0,17
17.429012,0,17
17.430012,0,17
17.431012,0,17
17.432012,0,17
17.433012,0,17
17.434012,0,17
17.435012,0,17
17.436012,0,17
17.437012,0,17
17.438012,0,17
17.439012,0,17
17.440012,0,17
17.441016,0,17
17.442012,0,17
17.443012,0,17
17.444012,0,17
17.445012,0,17
17.446012,0,17
17.447012,1,17
17.448012,0,17
17.449012,0,17
17.450012,0,17
17.45102,0,17
17.452016,0,17
17.453016,0,17
17.454016,0,17
17.455012,0,17
17.456012,0,17
17.457012,0,17
17.458012,0,17
17.459012,0,17
17.460012,0,17
17.461012,0,17
17.462012,0,17
17.463012,0,17
17.464012,0,17
17.465012,0,17
17.466012,0,17
17.467012,0,17
17.468012,0,17
17.469012,0,17
17.470012,0,17
17.471012,0,17
17.472012,0,17
17.473016,0,17
17.474012,0,17
17.475012,0,17
17.476012,0,17
17.477012,0,17
17.478012,0,17
17.479012,0,17
17.480012,0,17
17.481012,0,17
17.482012,0,17
17.483012,0,17
17.484012,0,17
17.485012,1,17
17.486012,0,17
17.487012,0,17
17.488012,3,17
17.489012,0,17
17.490012,0,17
17.491012,0,17
17.492012,0,17
17.493012,0,17
17.494012,1,17
17.495012,0,17
17.496012,0,17
17.497016,0,17
17.498012,0,17
17.499016,0,17
17.500012,0,17
17.501012,0,17
17.502012,0,17
17.503012,0,17
17.504012,0,17
17.505012,0,17
17.506012,0,17
17.507012,0,17
17.508012,0,17
17.509012,0,17
17.510012,0,17
17.511012,0,17
17.512012,0,17
17.513012,0,17
17.514012,0,17
17.515012,0,17
17.516012,0,17
17.517012,0,17
17.518012,0,17
17.519012,0,17
17.520012,0,17
17.521012,0,17
17.522012,0,17
17.523012,0,17
17.524016,0,17
17.525012,0,17
17.526012,0,17
17.527012,0,17
17.528012,0,17
17.529012,0,17
17.530012,2,17
17.531012,0,17
17.532012,0,17
17.533012,0,17
17.534012,0,17
17.535012,0,17
17.536012,0,17
17.537016,0,17
17.538016,0,17
17.539016,0,17
17.540012,0,17
17.541016,0,17
17.542012,0,17
17.543012,0,17
17.544012,0,17
17.545012,0,17
17.546012,0,17
17.547012,0,17
17.548012,0,17
17.549012,0,17
17.550012,0,17
17.551012,0,17
17.552012,0,17
17.553012,0,17
17.554012,1,17
17.555012,1,17
17.556016,0,17
17.557012,0,17
17.558012,0,17
17.559012,0,17
17.560016,0,17
17.561012,0,17
17.562012,0,17
17.563012,2,17
17.564012,0,17
17.565012,0,17
17.566012,0,17
17.567012,0,17
17.568012,2,17
17.569012,1,17
17.570012,0,17
17.571012,0,17
17.572012,0,17
17.573012,1,17
17.574012,4,17
17.575012,1,17
17.576012,0,17
17.577012,0,17
17.578012,0,17
17.57902,0,17
17.580012,0,17
17.581012,0,17
17.582012,0,17
17.583012,0,17
17.584012,0,17
17.585012,0,17
17.586012,0,17
17.587012,0,17
17.588016,0,17
17.589012,0,17
17.590012,0,17
17.591012,0,17
17.592016,0,17
17.593012,0,17
17.594012,0,17
17.595012,0,17
17.596012,0,17
17.597012,0,17
17.598012,0,17
17.599012,0,17
17.600016,0,17
17.601016,0,17
17.602012,0,17
17.603012,0,17
17.604012,0,17
17.605012,0,17
17.606012,0,17
17.607012,0,17
17.608012,0,17
17.609012,0,17
17.610012,0,17
17.611012,0,17
17.612012,1,17
17.613012,0,17
17.614016,0,17
17.615012,0,17
17.616012,0,17
17.617016,0,17
17.618012,0,17
17.619012,0,17
17.620012,0,17
17.621012,0,17
17.622024,0,17
17.623012,0,17
17.624012,0,17
17.625016,0,17
17.626016,0,17
17.627016,0,17
17.628012,0,17
17.629012,0,17
17.630012,0,17
17.631012,0,17
17.632012,0,17
17.633012,0,17
17.634012,0,17
17.635012,0,17
17.636012,0,17
17.637012,0,17
17.638012,0,17
17.639012,0,17
17.640012,2,17
17.641012,0,17
17.642012,0,17
17.643012,0,17
17.644012,0,17
17.645012,0,17
17.646012,1,17
17.647012,0,17
17.648012,0,17
17.649012,0,17
17.650012,0,17
17.651012,0,17
17.652012,0,17
17.653012,0,17
17.654012,0,17
17.655012,0,17
17.656012,0,17
17.657012,0,17
17.658012,0,17
17.659012,0,17
17.660012,0,17
17.661012,0,17
17.662012,0,17
17.663012,0,17
17.664016,0,17
17.665016,0,17
17.666016,0,17
17.667016,0,17
17.668012,0,17
17.669016,0,17
17.670012,0,17
17.671012,0,17
17.672012,0,17
17.673012,0,17
17.674012,0,17
17.675012,0,17
17.676012,0,17
17.677012,0,17
17.678012,0,17
17.679012,0,17
17.680012,0,17
17.681012,0,17
17.682012,1,17
17.683012,0,17
17.684016,0,17
17.685012,0,17
17.686012,0,17
17.687012,0,17
17.688012,0,17
17.689012,0,17
17.690012,0,17
17.691012,0,17
17.692012,0,17
17.693012,0,17
17.694012,0,17
17.695012,0,17
17.696012,0,17
17.697016,0,17
17.698012,0,17
17.699012,0,17
17.700012,0,17
17.701012,0,17
17.702012,0,17
17.703012,0,17
17.704012,0,17
17.705012,0,17
17.706012,0,17
17.70702,0,17
17.708016,0,17
17.709016,0,17
17.710012,0,17
17.711012,0,17
17.712012,0,17
17.713012,0,17
17.714012,0,17
17.715012,0,17
17.716012,0,17
17.717012,0,17
17.718012,0,17
17.719012,0,17
17.720012,0,17
17.721012,0,17
17.722012,0,17
17.723012,0,17
17.724012,0,17
17.725012,0,17
17.726012,0,17
17.727012,3,17
17.728012,0,17
17.729016,0,17
17.730012,0,17
17.731012,0,17
17.732012,0,17
17.733012,0,17
17.734012,0,17
17.735012,0,17
17.736012,0,17
17.737012,0,17
17.738012,0,17
17.739012,0,17
17.740012,0,17
17.741012,0,17
17.742012,0,17
17.743012,0,17
17.744012,0,17
17.745012,0,17
17.746012,0,17
17.747012,0,17
17.748012,0,17
17.749012,0,17
17.750012,0,17
17.751012,0,17
17.752012,0,17
17.753012,0,17
17.754012,0,17
17.755012,0,17
17.756012,0,17
17.757012,0,17
17.758012,0,17
17.759012,0,17
17.760012,0,17
17.761012,0,17
17.762012,0,17
17.763012,0,17
17.764012,0,17
17.765012,0,17
17.766012,0,17
17.767012,0,17
17.768012,0,17
17.769012,1,17
17.770012,0,17
17.771012,0,17
17.772012,0,17
17.773012,0,17
17.774012,0,17
17.775012,0,17
17.776012,0,17
17.777012,0,17
17.778012,0,17
17.779012,0,17
17.780012,0,17
17.781012,0,17
17.782012,0,17
17.783012,0,17
17.784012,0,17
17.785012,0,17
17.786012,0,17
17.787012,0,17
17.788012,1,17
17.789012,0,17
17.790012,0,17
17.791012,0,17
17.792016,0,17
17.793016,0,17
17.794012,0,17
17.795012,0,17
17.796012,1,17
17.797012,0,17
17.798012,0,17
17.799012,0,17
17.800012,0,17
17.801012,0,17
17.802012,0,17
17.803012,0,17
17.804012,0,17
17.805012,0,17
17.806012,0,17
17.807012,0,17
17.808012,0,17
17.809012,1,17
17.810012,0,17
17.811012,0,17
17.812016,0,17
17.813012,0,17
17.814012,0,17
17.815012,0,17
17.816016,0,17
17.817012,0,17
17.818012,0,17
17.819012,0,17
17.820012,0,17
17.821012,0,17
17.822012,0,17
17.823012,0,17
17.824012,0,17
17.825012,0,17
17.826012,0,17
17.827012,0,17
17.828012,0,17
17.829012,0,17
17.830012,0,17
17.831012,0,17
17.832012,0,17
17.833012,0,17
17.834012,0,17
17.83502,0,17
17.836012,2,17
17.837012,1,17
17.838012,0,17
17.839012,0,17
17.840012,0,17
17.841012,0,17
17.842012,0,17
17.843012,0,17
17.844012,0,17
17.845012,0,17
17.846012,0,17
17.847012,0,17
17.848012,0,17
17.849012,0,17
17.850012,0,17
17.851012,0,17
17.852012,0,17
17.853012,0,17
17.854012,0,17
17.855012,0,17
17.856016,0,17
17.857012,0,17
17.858012,0,17
17.859012,0,17
17.860012,0,17
17.861012,0,17
17.862012,0,17
17.863012,0,17
17.864012,0,17
17.865012,0,17
17.866012,0,17
17.867012,0,17
17.868012,0,17
17.869012,0,17
17.870012,0,17
17.871012,0,17
17.872012,0,17
17.873012,0,17
17.874012,0,17
17.875012,0,17
17.876012,0,17
17.877012,0,17
17.878012,0,17
17.879012,0,17
17.880012,0,17
17.881012,0,17
17.882012,0,17
17.883012,0,17
17.884012,0,17
17.885012,0,17
17.886012,0,17
17.887012,0,17
17.888012,0,17
17.889012,0,17
17.890012,0,17
17.891012,0,17
17.892012,0,17
17.893012,0,17
17.894012,0,17
17.895016,0,17
17.896012,0,17
17.897016,0,17
17.898012,0,17
17.899012,0,17
17.900016,0,17
17.901012,0,17
17.902012,0,17
17.903012,0,17
17.904016,0,17
17.905012,0,17
17.906012,0,17
17.907012,0,17
17.908016,0,17
17.909012,0,17
17.910012,0,17
17.911012,0,17
17.912016,0,17
17.913012,0,17
17.914016,0,17
17.915012,0,17
17.916016,0,17
17.917016,0,17
17.918016,0,17
17.919016,1,17
17.920016,0,17
17.921012,0,17
17.922016,0,17
17.923016,0,17
17.924016,0,17
17.925016,0,17
17.926016,2,17
17.927012,0,17
17.928012,0,17
17.929012,0,17
17.930012,0,17
17.931012,0,17
17.932012,0,17
17.933012,0,17
17.934012,0,17
17.935012,0,17
17.936012,0,17
17.937012,0,17
17.938012,0,17
17.939012,0,17
17.940016,0,17
17.941012,0,17
17.942012,0,17
17.943012,0,17
17.944012,0,17
17.945012,0,17
17.946012,0,17
17.947012,0,17
17.948012,0,17
17.949012,0,17
17.950012,0,17
17.951012,0,17
17.952012,0,17
17.953012,0,17
17.954012,0,17
17.955012,0,17
17.956012,0,17
17.957012,0,17
17.958012,0,17
17.959012,0,17
17.960012,0,17
17.961012,0,17
17.962012,0,17
17.963024,0,17
17.964016,0,17
17.965012,0,17
17.966012,0,17
17.967012,0,17
17.968012,0,17
17.969012,1,17
17.970012,0,17
17.971012,0,17
17.972012,0,17
17.973012,0,17
17.974012,0,17
17.975012,0,17
17.976012,0,17
17.977012,0,17
17.978012,0,17
17.979012,0,17
17.980012,0,17
17.981012,0,17
17.982012,0,17
17.983012,0,17
17.984012,0,17
17.985012,0,17
17.986012,0,17
17.987012,0,17
17.988012,1,17
17.989012,0,17
17.990012,0,17
17.991012,0,17
17.992012,0,17
17.993012,0,17
17.994012,0,17
17.995012,0,17
17.996012,0,17
17.997012,0,17
17.998012,0,17
17.999012,0,17
18.000012,0,17
18.001012,0,18
18.002012,0,18
18.003012,1,18
18.004012,0,18
18.005012,0,18
18.006012,0,18
18.007012,0,18
18.008012,0,18
18.009016,0,18
18.010012,0,18
18.011012,1,18
18.012012,0,18
18.013012,0,18
18.014012,0,18
18.015012,0,18
18.016012,0,18
18.017012,0,18
18.018012,0,18
18.019012,0,18
18.020012,0,18
18.021012,0,18
18.022012,0,18
18.023012,0,18
18.024012,0,18
18.025012,0,18
18.026012,0,18
18.027012,0,18
18.028012,0,18
18.029012,0,18
18.030012,1,18
18.031012,0,18
18.032012,0,18
18.033016,0,18
18.034012,0,18
18.035012,0,18
18.036012,0,18
18.037012,0,18
18.038012,0,18
18.039012,0,18
18.040012,0,18
18.041012,0,18
18.042012,0,18
18.043012,0,18
18.044012,0,18
18.045012,0,18
18.046012,0,18
18.047012,0,18
18.048012,0,18
18.049012,0,18
18.050016,0,18
18.051016,0,18
18.052016,0,18
18.053016,0,18
18.054012,0,18
18.055012,2,18
18.056012,0,18
18.057012,0,18
18.058012,0,18
18.059012,0,18
18.060012,0,18
18.061012,0,18
18.062012,0,18
18.063012,0,18
18.064012,0,18
18.065016,0,18
18.066012,0,18
18.067012,0,18
18.068016,0,18
18.069012,0,18
18.070012,0,18
18.071012,0,18
18.072012,1,18
18.073012,2,18
18.074012,0,18
18.075012,0,18
18.076012,0,18
18.077012,0,18
18.078012,0,18
18.079012,0,18
18.080012,0,18
18.081016,0,18
18.082012,0,18
18.083012,0,18
18.084012,0,18
18.085016,0,18
18.086012,0,18
18.087012,0,18
18.088012,0,18
18.089012,0,18
18.090012,0,18
18.091024,0,18
18.092016,1,18
18.093016,0,18
18.094016,0,18
18.095012,0,18
18.096012,0,18
18.097012,0,18
18.098012,1,18
18.099012,0,18
18.100012,0,18
18.101012,0,18
18.102012,0,18
18.103012,0,18
18.104012,0,18
18.105012,0,18
18.106012,0,18
18.107012,0,18
18.108012,0,18
18.109012,1,18
18.110012,0,18
18.111012,0,18
18.112012,0,18
18.113012,0,18
18.114012,0,18
18.115012,0,18
18.116012,0,18
18.117012,0,18
18.118012,0,18
18.119012,0,18
18.120012,0,18
18.121012,0,18
18.122012,0,18
18.123012,0,18
18.124012,1,18
18.125012,0,18
18.126012,0,18
18.127012,0,18
18.128012,0,18
18.129012,0,18
18.130012,0,18
18.131012,0,18
18.132012,0,18
18.133012,1,18
18.134012,1,18
18.135012,0,18
18.136012,0,18
18.137016,0,18
18.138012,0,18
18.139012,0,18
18.140012,0,18
18.141012,0,18
18.142012,0,18
18.143012,0,18
18.144012,0,18
18.145012,0,18
18.146012,0,18
18.147012,0,18
18.148012,0,18
18.149012,0,18
18.150012,0,18
18.151012,0,18
18.152012,0,18
18.153012,0,18
18.154012,0,18
18.155012,0,18
18.156012,0,18
18.157012,0,18
18.158012,0,18
18.159012,0,18
18.160012,0,18
18.161012,0,18
18.162012,0,18
18.163012,0,18
18.164016,0,18
18.165012,0,18
18.166012,0,18
18.167012,0,18
18.168012,0,18
18.169012,0,18
18.170012,0,18
18.171012,0,18
18.172012,0,18
18.173012,0,18
18.174012,0,18
18.175012,1,18
18.176016,1,18
18.177016,0,18
18.178016,0,18
18.179016,0,18
18.180012,0,18
18.181016,0,18
18.182012,0,18
18.183012,0,18
18.184012,0,18
18.185012,0,18
18.186012,0,18
18.187012,0,18
18.188012,0,18
18.189012,0,18
18.190012,0,18
18.191012,0,18
18.192012,0,18
18.193012,1,18
18.194012,0,18
18.195012,0,18
18.196016,0,18
18.197012,0,18
18.198012,0,18
18.199012,0,18
18.200012,0,18
18.201012,0,18
18.202012,0,18
18.203012,0,18
18.204012,0,18
18.205012,0,18
18.206012,0,18
18.207012,0,18
18.208012,0,18
18.209012,0,18
18.210012,2,18
18.211012,0,18
18.212012,0,18
18.213012,0,18
18.214012,0,18
18.215012,0,18
18.216012,0,18
18.217012,0,18
18.218012,0,18
18.21902,0,18
18.220012,0,18
18.221012,0,18
18.222012,0,18
18.223012,0,18
18.224012,0,18
18.225012,0,18
18.226012,0,18
18.227012,0,18
18.228016,0,18
18.229012,0,18
18.230012,0,18
18.231012,0,18
18.232012,0,18
18.233012,0,18
18.234012,0,18
18.235012,0,18
18.236012,0,18
18.237012,0,18
18.238012,0,18
18.239012,0,18
18.240012,0,18
18.241016,0,18
18.242012,0,18
18.243012,0,18
18.244012,0,18
18.245012,1,18
18.246012,0,18
18.247012,0,18
18.248012,0,18
18.249012,0,18
18.250012,1,18
18.251012,1,18
18.252012,0,18
18.253012,0,18
18.254012,0,18
18.255012,0,18
18.256012,0,18
18.257012,0,18
18.258012,0,18
18.259012,0,18
18.260012,0,18
18.261012,0,18
18.262012,0,18
18.263012,0,18
18.264012,0,18
18.265012,0,18
18.266012,0,18
18.267012,0,18
18.268012,0,18
18.269012,0,18
18.270012,0,18
18.271012,0,18
18.272012,0,18
18.273012,0,18
18.274012,0,18
18.275012,0,18
18.276012,0,18
18.277012,0,18
18.278012,1,18
18.279012,0,18
18.280012,0,18
18.281012,0,18
18.282012,0,18
18.283012,0,18
18.284012,0,18
18.285012,0,18
18.286012,0,18
18.287012,0,18
18.288012,0,18
18.289012,0,18
18.290012,0,18
18.291012,0,18
18.292016,0,18
18.293012,0,18
18.294012,0,18
18.295012,0,18
18.296012,0,18
18.297012,0,18
18.298012,0,18
18.299012,0,18
18.300012,0,18
18.301012,0,18
18.302012,0,18
18.303012,0,18
18.304016,0,18
18.305016,0,18
18.306012,0,18
18.307012,0,18
18.308012,0,18
18.309012,0,18
18.310012,0,18
18.311012,0,18
18.312012,0,18
18.313012,0,18
18.314012,0,18
18.315012,0,18
18.316012,0,18
18.317012,0,18
18.318012,0,18
18.319012,0,18
18.320016,0,18
18.321012,0,18
18.322012,0,18
18.323012,0,18
18.324016,0,18
18.325012,0,18
18.326012,0,18
18.327012,0,18
18.328016,0,18
18.329012,0,18
18.330016,0,18
18.331012,0,18
18.332012,0,18
18.333012,0,18
18.334012,0,18
18.335012,0,18
18.336012,0,18
18.337012,0,18
18.338012,0,18
18.339012,0,18
18.340012,0,18
18.341012,0,18
18.342012,0,18
18.343016,0,18
18.344016,0,18
18.345012,0,18
18.346012,1,18
18.34702,2,18
18.348012,0,18
18.349012,0,18
18.350012,0,18
18.351012,0,18
18.352012,0,18
18.353012,0,18
18.354012,0,18
18.355012,0,18
18.356012,0,18
18.357012,0,18
18.358012,0,18
18.359012,0,18
18.360012,0,18
18.361012,0,18
18.362012,0,18
18.363012,0,18
18.364012,0,18
18.365012,0,18
18.366012,0,18
18.367012,0,18
18.368012,0,18
18.369012,0,18
18.370012,0,18
18.371012,0,18
18.372012,0,18
18.373012,0,18
18.374012,0,18
18.375012,0,18
18.376012,0,18
18.377012,0,18
18.378012,0,18
18.379012,0,18
18.380012,0,18
18.381012,0,18
18.382012,0,18
18.383012,0,18
18.384012,0,18
18.385012,0,18
18.386012,0,18
18.387012,0,18
18.388012,0,18
18.389012,0,18
18.390012,0,18
18.391012,0,18
18.392012,0,18
18.393012,0,18
18.394012,0,18
18.395012,0,18
18.396012,1,18
18.397012,1,18
18.398012,0,18
18.399012,0,18
18.400012,0,18
18.401012,0,18
18.402012,1,18
18.403012,3,18
18.404012,1,18
18.405012,0,18
18.406012,0,18
18.407012,0,18
18.408012,0,18
18.409012,0,18
18.410012,5,18
18.411012,2,18
18.412012,0,18
18.413012,0,18
18.414012,0,18
18.415012,1,18
18.416012,1,18
18.417012,0,18
18.418012,0,18
18.419012,0,18
18.420012,0,18
18.421012,0,18
18.422012,0,18
18.423012,0,18
18.424012,0,18
18.425012,0,18
18.426012,0,18
18.427012,1,18
18.428012,2,18
18.429012,0,18
18.430012,0,18
18.431012,0,18
18.432016,0,18
18.433012,0,18
18.434016,0,18
18.435016,0,18
18.436016,0,18
18.437016,0,18
18.438016,0,18
18.439012,0,18
18.440012,0,18
18.441016,0,18
18.442012,0,18
18.443012,0,18
18.444012,0,18
18.445012,0,18
18.446016,0,18
18.447012,0,18
18.448012,0,18
18.449016,0,18
18.450012,0,18
18.451012,0,18
18.452016,0,18
18.453012,0,18
18.454012,0,18
18.455012,0,18
18.456012,0,18
18.457012,0,18
18.458012,0,18
18.459012,0,18
18.460012,0,18
18.461012,0,18
18.462012,0,18
18.463012,0,18
18.464012,0,18
18.465016,0,18
18.466012,0,18
18.467012,0,18
18.468012,0,18
18.469012,0,18
18.470012,1,18
18.471012,0,18
18.472012,0,18
18.473012,0,18
18.474012,0,18
18.47502,0,18
18.476016,0,18
18.477016,0,18
18.478016,0,18
18.479012,0,18
18.480012,0,18
18.481016,0,18
18.482012,0,18
18.483012,0,18
18.484012,0,18
18.485012,0,18
18.486012,0,18
18.487012,0,18
18.488012,0,18
18.489012,0,18
18.490012,0,18
18.491012,0,18
18.492012,0,18
18.493012,0,18
18.494012,0,18
18.495012,0,18
18.496012,0,18
18.497016,4,18
18.498012,3,18
18.499012,0,18
18.500012,0,18
18.501012,0,18
18.502012,0,18
18.503012,2,18
18.504012,2,18
18.505012,2,18
18.506012,0,18
18.507012,0,18
18.508012,0,18
18.509012,0,18
18.510012,0,18
18.511012,2,18
18.512012,1,18
18.513012,0,18
18.514012,0,18
18.515012,0,18
18.516012,0,18
18.517012,0,18
18.518012,0,18
18.519012,0,18
18.520012,0,18
18.521016,0,18
18.522012,0,18
18.523016,0,18
18.524012,0,18
18.525012,0,18
18.526012,0,18
18.527012,0,18
18.528012,0,18
18.529012,0,18
18.530012,0,18
18.531012,0,18
18.532012,0,18
18.533012,0,18
18.534012,0,18
18.535012,0,18
18.536012,0,18
18.537012,0,18
18.538012,0,18
18.539012,0,18
18.540012,0,18
18.541012,0,18
18.542012,0,18
18.543012,0,18
18.544012,0,18
18.545012,0,18
18.546012,0,18
18.547012,0,18
18.548012,0,18
18.549012,0,18
18.550012,0,18
18.551012,0,18
18.552012,0,18
18.553012,0,18
18.554012,1,18
18.555012,1,18
18.556012,0,18
18.557012,0,18
18.558012,0,18
18.559012,0,18
18.560016,1,18
18.561012,2,18
18.562016,0,18
18.563016,0,18
18.564016,0,18
18.565016,0,18
18.566016,0,18
18.567012,0,18
18.568012,0,18
18.569016,0,18
18.570012,0,18
18.571012,0,18
18.572012,0,18
18.573012,0,18
18.574012,0,18
18.575012,0,18
18.576012,0,18
18.577016,0,18
18.578012,0,18
18.579012,0,18
18.580016,0,18
18.581012,0,18
18.582012,0,18
18.583012,0,18
18.584012,0,18
18.585012,0,18
18.586012,0,18
18.587012,0,18
18.588012,0,18
18.589012,0,18
18.590012,0,18
18.591012,0,18
18.592012,0,18
18.593012,0,18
18.594012,0,18
18.595012,1,18
18.596012,0,18
18.597012,0,18
18.598012,0,18
18.599012,0,18
18.600012,2,18
18.601012,1,18
18.602012,1,18
18.60302,0,18
18.604016,0,18
18.605016,0,18
18.606012,0,18
18.607012,0,18
18.608012,0,18
18.609012,0,18
18.610012,0,18
18.611012,0,18
18.612012,0,18
18.613012,0,18
18.614012,0,18
18.615012,0,18
18.616012,0,18
18.617012,0,18
18.618012,0,18
18.619012,0,18
18.620012,0,18
18.621012,0,18
18.622012,0,18
18.623012,0,18
18.624012,0,18
18.625012,0,18
18.626012,0,18
18.627012,1,18
18.628012,0,18
18.629012,0,18
18.630012,0,18
18.631012,0,18
18.632012,0,18
18.633012,0,18
18.634012,0,18
18.635012,0,18
18.636012,0,18
18.637012,0,18
18.638012,0,18
18.639012,0,18
18.640012,0,18
18.641016,0,18
18.642012,0,18
18.643012,0,18
18.644012,0,18
18.645012,0,18
18.646012,0,18
18.647012,0,18
18.648012,0,18
18.649016,0,18
18.650012,0,18
18.651016,0,18
18.652012,0,18
18.653012,0,18
18.654012,0,18
18.655012,0,18
18.656012,0,18
18.657012,0,18
18.658012,0,18
18.659012,0,18
18.660012,0,18
18.661012,2,18
18.662012,0,18
18.663012,0,18
18.664012,0,18
18.665012,0,18
18.666012,0,18
18.667012,0,18
18.668012,0,18
18.669012,0,18
18.670012,0,18
18.671012,0,18
18.672012,0,18
18.673012,0,18
18.674012,0,18
18.675012,0,18
18.676016,0,18
18.677012,0,18
18.678012,0,18
18.679012,0,18
18.680012,0,18
18.681012,0,18
18.682012,0,18
18.683012,0,18
18.684012,0,18
18.685012,1,18
18.686012,0,18
18.687012,0,18
18.688012,0,18
18.689012,0,18
18.690016,0,18
18.691016,0,18
18.692012,1,18
18.693016,1,18
18.694012,0,18
18.695012,0,18
18.696012,0,18
18.697012,0,18
18.698012,1,18
18.699012,0,18
18.700012,0,18
18.701012,0,18
18.702012,0,18
18.703012,0,18
18.704012,0,18
18.705012,0,18
18.706012,0,18
18.707012,0,18
18.708016,0,18
18.709012,0,18
18.710012,0,18
18.711012,0,18
18.712012,0,18
18.713012,0,18
18.714012,0,18
18.715012,0,18
18.716012,0,18
18.717012,0,18
18.718012,0,18
18.719012,0,18
18.720012,1,18
18.721016,0,18
18.722012,0,18
18.723012,0,18
18.724012,0,18
18.725012,0,18
18.726012,0,18
18.727012,0,18
18.728012,0,18
18.729012,0,18
18.730012,0,18
18.731016,0,18
18.732012,0,18
18.733012,0,18
18.734012,0,18
18.735012,0,18
18.736012,0,18
18.737012,0,18
18.738012,0,18
18.739012,1,18
18.740016,1,18
18.741012,0,18
18.742012,0,18
18.743012,0,18
18.744012,0,18
18.745012,0,18
18.746012,0,18
18.747012,0,18
18.748012,0,18
18.749012,0,18
18.750012,0,18
18.751012,0,18
18.752012,0,18
18.753012,0,18
18.754012,0,18
18.755012,0,18
18.756012,0,18
18.757012,0,18
18.758012,0,18
18.759012,0,18
18.760012,0,18
18.761012,0,18
18.762012,0,18
18.763012,0,18
18.764012,0,18
18.765012,0,18
18.766012,0,18
18.767012,0,18
18.768012,0,18
18.769012,0,18
18.770012,0,18
18.771012,0,18
18.772012,0,18
18.773012,0,18
18.774012,0,18
18.775012,0,18
18.776012,0,18
18.777012,0,18
18.778012,0,18
18.779012,0,18
18.780012,0,18
18.781012,0,18
18.782012,0,18
18.783012,0,18
18.784012,0,18
18.785012,0,18
18.786012,0,18
18.787012,0,18
18.788012,0,18
18.789012,0,18
18.790012,0,18
18.791016,0,18
18.792012,0,18
18.793016,0,18
18.794012,0,18
18.795012,0,18
18.796012,0,18
18.797012,0,18
18.798012,0,18
18.799012,0,18
18.800016,0,18
18.801012,0,18
18.802012,0,18
18.803012,0,18
18.804012,0,18
18.805012,0,18
18.806012,0,18
18.807012,0,18
18.808012,0,18
18.809012,0,18
18.810012,1,18
18.811012,0,18
18.812012,0,18
18.813012,0,18
18.814012,0,18
18.815012,0,18
18.816016,0,18
18.817016,0,18
18.818012,0,18
18.819012,0,18
18.820012,0,18
18.821012,0,18
18.822012,0,18
18.823012,0,18
18.824012,0,18
18.825012,1,18
18.826012,0,18
18.827012,0,18
18.828012,0,18
18.829012,0,18
18.830012,0,18
18.831012,0,18
18.832016,0,18
18.833012,0,18
18.834012,0,18
18.835012,0,18
18.836012,0,18
18.837012,0,18
18.838012,0,18
18.839016,0,18
18.840016,0,18
18.841012,0,18
18.842016,2,18
18.843012,0,18
18.844012,0,18
18.845012,0,18
18.846012,0,18
18.847012,1,18
18.848012,0,18
18.849016,0,18
18.850012,0,18
18.851012,0,18
18.852012,0,18
18.853012,0,18
18.854012,0,18
18.855012,0,18
18.856012,0,18
18.857012,0,18
18.858012,0,18
18.85902,0,18
18.860012,0,18
18.861012,0,18
18.862012,0,18
18.863012,0,18
18.864012,2,18
18.865012,3,18
18.866012,1,18
18.867012,0,18
18.868012,0,18
18.869012,0,18
18.870012,0,18
18.871012,0,18
18.872012,0,18
18.873012,0,18
18.874012,0,18
18.875012,0,18
18.876012,0,18
18.877012,0,18
18.878012,0,18
18.879012,0,18
18.880016,1,18
18.881012,0,18
18.882012,0,18
18.883012,0,18
18.884012,0,18
18.885012,0,18
18.886012,0,18
18.887012,0,18
18.888012,0,18
18.889012,2,18
18.890012,0,18
18.891012,1,18
18.892012,0,18
18.893012,0,18
18.894012,0,18
18.895012,0,18
18.896012,0,18
18.897012,0,18
18.898012,0,18
18.899012,0,18
18.900012,0,18
18.901012,0,18
18.902012,0,18
18.903012,0,18
18.904012,0,18
18.905012,0,18
18.906012,3,18
18.907012,3,18
18.908012,0,18
18.909012,0,18
18.910012,0,18
18.911012,0,18
18.912012,0,18
18.913012,0,18
18.914012,1,18
18.915012,0,18
18.916012,0,18
18.917012,0,18
18.918012,0,18
18.919016,0,18
18.920012,0,18
18.921016,0,18
18.922012,0,18
18.923012,0,18
18.924012,0,18
18.925012,0,18
18.926012,0,18
18.927012,0,18
18.928012,1,18
18.929012,0,18
18.930012,0,18
18.931012,0,18
18.932016,0,18
18.933012,0,18
18.934012,0,18
18.935012,0,18
18.936012,0,18
18.937012,0,18
18.938012,0,18
18.939012,0,18
18.940012,0,18
18.941012,0,18
18.942012,0,18
18.943016,0,18
18.944016,0,18
18.945016,0,18
18.946016,0,18
18.947016,0,18
18.948012,0,18
18.949016,0,18
18.950012,0,18
18.951012,0,18
18.952012,0,18
18.953012,0,18
18.954012,0,18
18.955012,0,18
18.956012,0,18
18.957012,0,18
18.958012,0,18
18.959012,0,18
18.960012,0,18
18.961012,0,18
18.962012,0,18
18.963012,0,18
18.964016,0,18
18.965012,0,18
18.966012,0,18
18.967012,0,18
18.968012,0,18
18.969012,0,18
18.970012,0,18
18.971012,0,18
18.972012,0,18
18.973012,0,18
18.974012,0,18
18.975012,0,18
18.976012,0,18
18.977012,0,18
18.978012,0,18
18.979012,0,18
18.980012,0,18
18.981012,0,18
18.982012,0,18
18.983012,0,18
18.984012,0,18
18.985012,0,18
18.986012,0,18
18.98702,0,18
18.988012,0,18
18.989012,0,18
18.990012,0,18
18.991012,0,18
18.992012,0,18
18.993012,0,18
18.994012,0,18
18.995012,0,18
18.996016,0,18
18.997012,0,18
18.998012,1,18
18.999012,2,18
19.000016,1,18
19.001012,0,19
19.002012,0,19
19.003012,0,19
19.004016,0,19
19.005012,0,19
19.006016,1,19
19.007012,0,19
19.008012,0,19
19.009012,0,19
19.010012,0,19
19.011012,0,19
19.012012,0,19
19.013012,1,19
19.014012,1,19
19.015012,0,19
19.016012,0,19
19.017012,0,19
19.018012,0,19
19.019012,0,19
19.020012,0,19
19.021012,0,19
19.022012,0,19
19.023012,0,19
19.024012,0,19
19.025012,0,19
19.026012,0,19
19.027012,0,19
19.028012,0,19
19.029012,0,19
19.030012,0,19
19.031012,0,19
19.032012,1,19
19.033012,2,19
19.034012,0,19
19.035012,0,19
19.036012,0,19
19.037012,0,19
19.038012,0,19
19.039012,1,19
19.040016,0,19
19.041012,0,19
19.042012,0,19
19.043012,0,19
19.044012,0,19
19.045012,0,19
19.046012,0,19
19.047016,0,19
19.048012,0,19
19.049012,0,19
19.050012,0,19
19.051012,0,19
19.052012,0,19
19.053012,0,19
19.054012,0,19
19.055012,0,19
19.056012,0,19
19.057012,0,19
19.058012,1,19
19.059012,0,19
19.060012,0,19
19.061012,0,19
19.062012,0,19
19.063012,0,19
19.064012,0,19
19.065012,0,19
19.066012,0,19
19.067012,0,19
19.068012,0,19
19.069012,0,19
19.070012,0,19
19.071012,0,19
19.072016,0,19
19.073016,0,19
19.074012,0,19
19.075012,0,19
19.076012,1,19
19.077012,1,19
19.078012,0,19
19.079012,0,19
19.080012,0,19
19.081012,0,19
19.082012,0,19
19.083012,0,19
19.084012,0,19
19.085012,0,19
19.086012,0,19
19.087012,0,19
19.088016,0,19
19.089012,0,19
19.090012,0,19
19.091012,0,19
19.092016,0,19
19.093012,0,19
19.094012,0,19
19.095012,0,19
19.096016,0,19
19.097012,0,19
19.098012,0,19
19.099012,0,19
19.100012,0,19
19.101012,0,19
19.102012,0,19
19.103012,0,19
19.104012,0,19
19.105012,0,19
19.106012,0,19
19.107012,0,19
19.108016,1,19
19.109012,2,19
19.110012,0,19
19.111016,0,19
19.112016,0,19
19.113012,0,19
19.114012,0,19
19.11502,0,19
19.116012,0,19
19.117012,0,19
19.118012,0,19
19.119012,0,19
19.120012,0,19
19.121012,0,19
19.122012,0,19
19.123012,0,19
19.124016,0,19
19.125012,0,19
19.126012,0,19
19.127012,0,19
19.128016,0,19
19.129012,0,19
19.130012,0,19
19.131012,0,19
19.132012,0,19
19.133012,0,19
19.134016,0,19
19.135016,0,19
19.136016,0,19
19.137012,0,19
19.138012,0,19
19.139012,0,19
19.140016,0,19
19.141012,0,19
19.142016,0,19
19.143016,0,19
19.144016,0,19
19.145012,0,19
19.146016,0,19
19.147016,0,19
19.148016,0,19
19.149016,0,19
19.150012,0,19
19.151012,0,19
19.152016,0,19
19.153012,0,19
19.154012,0,19
19.155012,0,19
19.156016,0,19
19.157012,0,19
19.158012,0,19
19.159012,0,19
19.160012,0,19
19.161012,0,19
19.162012,0,19
19.163012,1,19
19.164016,0,19
19.165016,0,19
19.166016,0,19
19.167016,0,19
19.168016,0,19
19.169012,0,19
19.170016,1,19
19.171012,1,19
19.172016,0,19
19.173012,0,19
19.174016,0,19
19.175016,0,19
19.176016,0,19
19.177016,0,19
19.178012,0,19
19.179012,0,19
19.180016,0,19
19.181012,0,19
19.182012,0,19
19.183016,0,19
19.184016,2,19
19.185012,1,19
19.186016,0,19
19.187012,0,19
19.188016,0,19
19.189012,0,19
19.190016,0,19
19.191016,0,19
19.192016,0,19
19.193012,0,19
19.194016,1,19
19.195016,0,19
19.196016,0,19
19.197016,0,19
19.198016,0,19
19.199016,0,19
19.200016,0,19
19.201012,0,19
19.202016,0,19
19.203016,0,19
19.204016,0,19
19.205016,0,19
19.206016,0,19
19.207012,0,19
19.208012,0,19
19.209012,0,19
19.210012,0,19
19.211012,0,19
19.212012,0,19
19.213012,0,19
19.214012,0,19
19.215012,0,19
19.216012,2,19
19.217012,0,19
19.218012,0,19
19.219012,0,19
19.220016,0,19
19.221012,0,19
19.222012,0,19
19.223012,0,19
19.224012,0,19
19.225012,0,19
19.226012,0,19
19.227012,0,19
19.228012,0,19
19.229012,0,19
19.230012,0,19
19.231012,0,19
19.232012,0,19
19.233012,0,19
19.234012,0,19
19.235012,0,19
19.236012,0,19
19.237012,0,19
19.238012,0,19
19.239012,0,19
19.240012,0,19
19.241012,1,19
19.242012,0,19
19.243016,0,19
19.244012,0,19
19.245012,0,19
19.246012,0,19
19.247012,0,19
19.248012,0,19
19.249012,0,19
19.250012,0,19
19.251012,0,19
19.252016,0,19
19.253012,0,19
19.254012,0,19
19.255012,0,19
19.256012,0,19
19.257012,0,19
19.258012,0,19
19.259012,0,19
19.260012,0,19
19.261012,0,19
19.262012,0,19
19.263012,0,19
19.264012,0,19
19.265016,0,19
19.266012,1,19
19.267012,0,19
19.268012,0,19
19.269012,0,19
19.270012,0,19
19.271012,0,19
19.272012,1,19
19.273012,0,19
19.274012,0,19
19.275012,0,19
19.276012,0,19
19.277012,0,19
19.278012,0,19
19.279012,0,19
19.280012,0,19
19.281012,0,19
19.282012,0,19
19.283012,0,19
19.284012,2,19
19.285012,0,19
19.286012,0,19
19.287012,0,19
19.288012,0,19
19.289016,0,19
19.290012,0,19
19.291012,0,19
19.292012,0,19
19.293012,0,19
19.294012,0,19
19.295012,0,19
19.296012,0,19
19.297012,0,19
19.298012,0,19
19.299012,0,19
19.300012,0,19
19.301012,0,19
19.302012,0,19
19.303012,0,19
19.304012,0,19
19.305012,0,19
19.306012,0,19
19.307012,0,19
19.308012,0,19
19.309012,0,19
19.310012,1,19
19.311012,0,19
19.312016,0,19
19.313012,0,19
19.314012,0,19
19.315012,0,19
19.316016,1,19
19.317012,1,19
19.318012,0,19
19.319012,0,19
19.320016,0,19
19.321012,0,19
19.322012,1,19
19.323012,0,19
19.324012,0,19
19.325012,0,19
19.326012,0,19
19.327012,0,19
19.328016,0,19
19.329016,0,19
19.330012,0,19
19.331012,0,19
19.332012,0,19
19.333012,0,19
19.334012,0,19
19.335012,0,19
19.336012,0,19
19.337012,0,19
19.338012,0,19
19.339012,0,19
19.340012,0,19
19.341012,0,19
19.342012,0,19
19.343012,2,19
19.344012,0,19
19.345012,0,19
19.346012,0,19
19.347012,0,19
19.348016,0,19
19.349012,0,19
19.350012,0,19
19.351012,0,19
19.352016,0,19
19.353012,0,19
19.354012,0,19
19.355012,0,19
19.356012,0,19
19.357012,0,19
19.358012,0,19
19.359012,0,19
19.360012,0,19
19.361012,0,19
19.362012,0,19
19.363012,0,19
19.364012,0,19
19.365012,0,19
19.366012,0,19
19.367012,0,19
19.368012,0,19
19.369012,0,19
19.370012,0,19
19.37102,0,19
19.372012,0,19
19.373012,0,19
19.374012,0,19
19.375012,1,19
19.376012,0,19
19.377012,0,19
19.378012,0,19
19.379012,0,19
19.380012,0,19
19.381012,0,19
19.382012,0,19
19.383012,0,19
19.384012,0,19
19.385012,0,19
19.386012,0,19
19.387012,0,19
19.388012,0,19
19.389012,0,19
19.390012,0,19
19.391012,0,19
19.392016,0,19
19.393012,0,19
19.394012,0,19
19.395012,0,19
19.396012,0,19
19.397012,0,19
19.398012,0,19
19.399012,0,19
19.400012,0,19
19.401012,0,19
19.402012,0,19
19.403012,0,19
19.404012,0,19
19.405012,0,19
19.406012,2,19
19.407012,0,19
19.408012,0,19
19.409012,0,19
19.410012,0,19
19.411012,0,19
19.412012,1,19
19.413012,0,19
19.414012,0,19
19.415012,0,19
19.416012,0,19
19.417012,0,19
19.418012,0,19
19.419012,0,19
19.420012,0,19
19.421012,0,19
19.422012,0,19
19.423012,0,19
19.424012,0,19
19.425012,0,19
19.426012,0,19
19.427012,0,19
19.428012,0,19
19.429012,2,19
19.430012,1,19
19.431016,0,19
19.432012,0,19
19.433016,0,19
19.434012,0,19
19.435012,0,19
19.436016,0,19
19.437012,0,19
19.438012,0,19
19.439016,0,19
19.440016,0,19
19.441012,0,19
19.442012,0,19
19.443012,0,19
19.444016,0,19
19.445012,0,19
19.446012,0,19
19.447012,0,19
19.448016,0,19
19.449012,0,19
19.450012,0,19
19.451012,0,19
19.452016,0,19
19.453012,0,19
19.454016,0,19
19.455016,0,19
19.456016,0,19
19.457016,0,19
19.458016,0,19
19.459016,0,19
19.460012,0,19
19.461016,0,19
19.462012,0,19
19.463012,0,19
19.464012,0,19
19.465012,0,19
19.466012,0,19
19.467012,0,19
19.468012,0,19
19.469012,0,19
19.470012,0,19
19.471012,0,19
19.472012,0,19
19.473012,0,19
19.474012,0,19
19.475012,0,19
19.476016,0,19
19.477012,0,19
19.478012,0,19
19.479012,0,19
19.480012,0,19
19.481012,0,19
19.482012,0,19
19.483012,0,19
19.484012,0,19
19.485012,0,19
19.486012,0,19
19.487012,0,19
19.488012,0,19
19.489012,0,19
19.490012,0,19
19.491012,0,19
19.492012,0,19
19.493012,0,19
19.494012,0,19
19.495012,0,19
19.496012,0,19
19.497012,0,19
19.498012,0,19
19.499016,0,19
19.500012,0,19
19.501012,0,19
19.502012,0,19
19.503012,0,19
19.504012,0,19
19.505012,0,19
19.506012,0,19
19.507012,0,19
19.508016,0,19
19.509012,0,19
19.510012,0,19
19.511012,0,19
19.512012,0,19
19.513012,0,19
19.514012,0,19
19.515012,0,19
19.516012,0,19
19.517012,0,19
19.518012,0,19
19.519012,0,19
19.520016,0,19
19.521012,0,19
19.522012,0,19
19.523012,0,19
19.524012,0,19
19.525012,0,19
19.526012,0,19
19.527012,0,19
19.528012,0,19
19.529012,0,19
19.530012,0,19
19.531012,0,19
19.532012,0,19
19.533012,0,19
19.534012,1,19
19.535012,0,19
19.536012,0,19
19.537012,0,19
19.538012,0,19
19.539012,0,19
19.540012,0,19
19.541012,0,19
19.542012,0,19
19.543012,0,19
19.544012,0,19
19.545012,0,19
19.546012,0,19
19.547012,0,19
19.548012,0,19
19.549012,0,19
19.550012,0,19
19.551012,0,19
19.552016,0,19
19.553012,0,19
19.554012,0,19
19.555012,0,19
19.556016,0,19
19.557012,0,19
19.558016,0,19
19.559016,0,19
19.560012,0,19
19.561012,1,19
19.562012,0,19
19.563012,0,19
19.564012,0,19
19.565012,0,19
19.566012,0,19
19.567012,0,19
19.568012,0,19
19.569012,0,19
19.570012,0,19
19.571012,0,19
19.572016,0,19
19.573012,0,19
19.574012,0,19
19.575012,0,19
19.576016,0,19
19.577012,0,19
19.578012,0,19
19.579012,0,19
19.580012,0,19
19.581012,0,19
19.582012,0,19
19.583012,0,19
19.584016,0,19
19.585016,0,19
19.586012,0,19
19.587012,1,19
19.588012,0,19
19.589012,0,19
19.590012,0,19
19.591012,0,19
19.592012,0,19
19.593012,0,19
19.594012,0,19
19.595012,0,19
19.596016,0,19
19.597012,0,19
19.598012,0,19
19.599012,0,19
19.600016,0,19
19.601012,0,19
19.602012,0,19
19.603012,0,19
19.604016,0,19
19.605012,0,19
19.606012,0,19
19.607012,0,19
19.608016,1,19
19.609012,0,19
19.610012,0,19
19.611012,0,19
19.612012,0,19
19.613012,0,19
19.614012,0,19
19.615012,0,19
19.616012,0,19
19.617012,0,19
19.618012,0,19
19.619012,0,19
19.620016,0,19
19.621012,0,19
19.622012,0,19
19.623012,0,19
19.624012,0,19
19.625012,0,19
19.626012,0,19
19.62702,0,19
19.628012,0,19
19.629012,0,19
19.630012,0,19
19.631012,0,19
19.632012,0,19
19.633012,0,19
19.634012,0,19
19.635012,0,19
19.636016,0,19
19.637012,0,19
19.638012,0,19
19.639016,0,19
19.640016,0,19
19.641012,0,19
19.642012,0,19
19.643012,0,19
19.644016,0,19
19.645012,0,19
19.646016,0,19
19.647016,0,19
19.648016,0,19
19.649012,0,19
19.650012,0,19
19.651012,0,19
19.652016,0,19
19.653012,0,19
19.654016,0,19
19.655016,0,19
19.656016,0,19
19.657012,0,19
19.658016,0,19
19.659016,0,19
19.660016,0,19
19.661016,0,19
19.662012,0,19
19.663012,0,19
19.664012,0,19
19.665016,0,19
19.666012,0,19
19.667012,0,19
19.668012,0,19
19.669012,0,19
19.67002,0,19
19.671016,0,19
19.672012,0,19
19.673016,0,19
19.674016,0,19
19.675016,0,19
19.676012,0,19
19.677012,0,19
19.678012,0,19
19.679012,0,19
19.680012,0,19
19.681016,0,19
19.682012,0,19
19.683012,0,19
19.684012,0,19
19.685016,0,19
19.686012,0,19
19.687012,0,19
19.688012,0,19
19.689012,0,19
19.690012,0,19
19.691012,0,19
19.692012,0,19
19.693012,0,19
19.694012,0,19
19.695012,0,19
19.696012,0,19
19.697012,0,19
19.698012,0,19
19.699012,0,19
19.700012,0,19
19.701012,0,19
19.702012,1,19
19.703012,0,19
19.704012,0,19
19.705012,0,19
19.706012,0,19
19.707012,1,19
19.708012,1,19
19.709012,0,19
19.710012,0,19
19.711012,0,19
19.712012,0,19
19.713012,0,19
19.714016,0,19
19.715016,0,19
19.716012,0,19
19.717016,0,19
19.718012,0,19
19.719012,0,19
19.720012,0,19
19.721012,0,19
19.722012,0,19
19.723012,0,19
19.724012,0,19
19.725012,0,19
19.726012,0,19
19.727012,0,19
19.728012,0,19
19.729012,0,19
19.730012,0,19
19.731012,0,19
19.732016,0,19
19.733012,0,19
19.734012,0,19
19.735012,1,19
19.736012,1,19
19.737012,1,19
19.738012,0,19
19.739012,0,19
19.740012,0,19
19.741012,0,19
19.742012,0,19
19.743012,0,19
19.744012,0,19
19.745012,0,19
19.746012,0,19
19.747012,0,19
19.748012,0,19
19.749012,0,19
19.750012,0,19
19.751012,0,19
19.752012,0,19
19.753012,0,19
19.754012,0,19
19.75502,0,19
19.756012,0,19
19.757012,0,19
19.758012,0,19
19.759012,0,19
19.760012,0,19
19.761012,0,19
19.762012,0,19
19.763012,2,19
19.764012,1,19
19.765012,0,19
19.766012,0,19
19.767012,0,19
19.768012,0,19
19.769012,0,19
19.770012,0,19
19.771012,3,19
19.772012,0,19
19.773012,0,19
19.774012,0,19
19.775012,0,19
19.776012,0,19
19.777012,0,19
19.778012,0,19
19.779012,0,19
19.780012,0,19
19.781012,0,19
19.782012,0,19
19.783012,0,19
19.784012,0,19
19.785012,0,19
19.786012,0,19
19.787012,1,19
19.788012,0,19
19.789012,0,19
19.790012,0,19
19.791012,0,19
19.792012,0,19
19.793012,0,19
19.794012,0,19
19.795012,0,19
19.796012,0,19
19.797012,0,19
19.798012,0,19
19.799012,0,19
19.800012,0,19
19.801012,0,19
19.802012,0,19
19.803012,0,19
19.804012,0,19
19.805012,2,19
19.806012,1,19
19.807012,0,19
19.808012,0,19
19.809012,0,19
19.810012,0,19
19.811012,0,19
19.812012,0,19
19.813012,0,19
19.814012,0,19
19.815012,0,19
19.816012,0,19
19.817016,0,19
19.818012,0,19
19.819012,0,19
19.820012,0,19
19.821012,0,19
19.822012,0,19
19.823012,0,19
19.824016,0,19
19.825012,1,19
19.826012,0,19
19.827012,0,19
19.828012,0,19
19.829012,0,19
19.830012,0,19
19.831012,0,19
19.832012,0,19
19.833012,0,19
19.834012,0,19
19.835012,0,19
19.836012,0,19
19.837012,0,19
19.838012,0,19
19.839012,0,19
19.840016,0,19
19.841016,0,19
19.842016,0,19
19.843016,0,19
19.844012,0,19
19.845016,0,19
19.846012,0,19
19.847012,0,19
19.848012,0,19
19.849012,0,19
19.850012,2,19
19.851012,0,19
19.852012,0,19
19.853012,0,19
19.854012,0,19
19.855012,0,19
19.856012,0,19
19.857012,0,19
19.858012,0,19
19.859012,0,19
19.860016,0,19
19.861012,0,19
19.862012,0,19
19.863012,0,19
19.864012,0,19
19.865012,0,19
19.866012,2,19
19.867012,1,19
19.868012,0,19
19.869012,0,19
19.870012,0,19
19.871012,0,19
19.872012,0,19
19.873012,0,19
19.874012,1,19
19.875012,0,19
19.876012,0,19
19.877012,0,19
19.878012,0,19
19.879012,0,19
19.880012,0,19
19.881012,0,19
19.882012,0,19
19.883016,0,19
19.884012,0,19
19.885012,0,19
19.886012,0,19
19.887012,0,19
19.888012,0,19
19.889012,0,19
19.890012,0,19
19.891012,1,19
19.892012,0,19
19.893012,0,19
19.894012,0,19
19.895012,0,19
19.896012,0,19
19.897012,0,19
19.898012,0,19
19.899012,0,19
19.900012,0,19
19.901012,0,19
19.902012,0,19
19.903012,0,19
19.904016,0,19
19.905012,0,19
19.906012,1,19
19.907012,0,19
19.908012,0,19
19.909012,0,19
19.910012,0,19
19.911012,0,19
19.912012,0,19
19.913012,0,19
19.914012,0,19
19.915012,0,19
19.916012,0,19
19.917012,0,19
19.918012,0,19
19.919012,0,19
19.920012,0,19
19.921012,0,19
19.922012,0,19
19.923012,0,19
19.924012,0,19
19.925012,0,19
19.926012,1,19
19.927012,0,19
19.928012,0,19
19.929016,0,19
19.930012,0,19
19.931012,0,19
19.932012,0,19
19.933012,0,19
19.934012,0,19
19.935012,0,19
19.936016,0,19
19.937012,0,19
19.938012,0,19
19.939012,0,19
19.940012,0,19
19.941012,2,19
19.942012,0,19
19.943012,0,19
19.944012,0,19
19.945016,0,19
19.946012,0,19
19.947012,0,19
19.948016,0,19
19.949012,0,19
19.950012,0,19
19.951012,0,19
19.952016,0,19
19.953012,0,19
19.954012,0,19
19.955012,0,19
19.956016,0,19
19.957012,0,19
19.958016,0,19
19.959012,0,19
19.960016,1,19
19.961012,0,19
19.962012,0,19
19.963012,0,19
19.964012,0,19
19.965012,0,19
19.966016,1,19
19.967016,0,19
19.968016,0,19
19.969016,0,19
19.970016,0,19
19.971012,0,19
19.972012,0,19
19.973012,0,19
19.974012,0,19
19.975012,0,19
19.976012,0,19
19.977012,0,19
19.978012,0,19
19.979012,0,19
19.980012,0,19
19.981012,0,19
19.982012,0,19
19.983012,0,19
19.984012,0,19
19.985012,0,19
19.986012,1,19
19.987012,3,19
19.988012,4,19
19.989012,0,19
19.990012,0,19
19.991012,0,19
19.992012,1,19
19.993012,0,19
19.994012,0,19
19.995012,0,19
19.996012,0,19
19.997012,0,19
19.998012,0,19
19.999012,0,19
20.000012,0,19
